so_line_id,sales_order_id,line_no,material_code,description,category,quantity,unit,unit_price_usd,line_value_usd
SO-2024-0001-L01,SO-2024-0001,1,MECH-2202,Linear Guide Rail 1500mm,Mechanical Parts,87,pcs,171.99,14963.13
SO-2024-0001-L02,SO-2024-0001,2,MECH-2201,Precision Ball Screw Assy 25mm,Mechanical Parts,38,pcs,406.05,15429.9
SO-2024-0002-L01,SO-2024-0002,1,RAW-4405,HDPE Rod 50mm dia,Raw Materials,43,m,14.9,640.7
SO-2024-0002-L02,SO-2024-0002,2,RAW-4401,Steel HR Coil 3mm S235,Raw Materials,108,MT,762.66,82367.28
SO-2024-0002-L03,SO-2024-0002,3,ELEC-3304,PLC I/O Module 32-channel DI,Electrical Components,56,pcs,363.79,20372.24
SO-2024-0002-L04,SO-2024-0002,4,MECH-2205,Cast Iron Bed Section Grade 300,Mechanical Parts,14,kg,4.3,60.2
SO-2024-0002-L05,SO-2024-0002,5,RAW-4404,Stainless 316L Sheet 2mm,Raw Materials,25,kg,4.28,107.0
SO-2024-0003-L01,SO-2024-0003,1,RAW-4404,Stainless 316L Sheet 2mm,Raw Materials,115,kg,4.18,480.7
SO-2024-0003-L02,SO-2024-0003,2,RAW-4402,Aluminium Extrusion 6061-T6,Raw Materials,56,kg,3.02,169.12
SO-2024-0003-L03,SO-2024-0003,3,ELEC-3301,Servo Drive 5.5kW Siemens-compat,Electrical Components,52,pcs,1804.49,93833.48
SO-2024-0003-L04,SO-2024-0003,4,RAW-4405,HDPE Rod 50mm dia,Raw Materials,18,m,13.91,250.38
SO-2024-0004-L01,SO-2024-0004,1,MECH-2202,Linear Guide Rail 1500mm,Mechanical Parts,54,pcs,175.25,9463.5
SO-2024-0004-L02,SO-2024-0004,2,MECH-2201,Precision Ball Screw Assy 25mm,Mechanical Parts,58,pcs,389.93,22615.94
SO-2024-0004-L03,SO-2024-0004,3,MECH-2205,Cast Iron Bed Section Grade 300,Mechanical Parts,115,kg,4.64,533.6
SO-2024-0005-L01,SO-2024-0005,1,RAW-4403,Copper Busbar 40×4mm,Raw Materials,70,m,21.73,1521.1
SO-2024-0005-L02,SO-2024-0005,2,MECH-2203,Servo Coupling 14/19mm,Mechanical Parts,117,pcs,32.32,3781.44
SO-2024-0005-L03,SO-2024-0005,3,ELEC-3303,Limit Switch IP67 Stainless,Electrical Components,7,pcs,14.72,103.04
SO-2024-0006-L01,SO-2024-0006,1,ELEC-3301,Servo Drive 5.5kW Siemens-compat,Electrical Components,117,pcs,1902.85,222633.45
SO-2024-0006-L02,SO-2024-0006,2,MECH-2201,Precision Ball Screw Assy 25mm,Mechanical Parts,91,pcs,398.82,36292.62
SO-2024-0006-L03,SO-2024-0006,3,RAW-4404,Stainless 316L Sheet 2mm,Raw Materials,73,kg,3.81,278.13
SO-2024-0006-L04,SO-2024-0006,4,MECH-2205,Cast Iron Bed Section Grade 300,Mechanical Parts,18,kg,3.89,70.02
SO-2024-0006-L05,SO-2024-0006,5,ELEC-3303,Limit Switch IP67 Stainless,Electrical Components,117,pcs,16.12,1886.04
SO-2024-0006-L06,SO-2024-0006,6,ELEC-3305,Power Supply 24VDC 20A DIN,Electrical Components,51,pcs,121.73,6208.23
SO-2024-0007-L01,SO-2024-0007,1,ELEC-3301,Servo Drive 5.5kW Siemens-compat,Electrical Components,14,pcs,1765.9,24722.6
SO-2024-0007-L02,SO-2024-0007,2,ELEC-3304,PLC I/O Module 32-channel DI,Electrical Components,62,pcs,401.15,24871.3
SO-2024-0007-L03,SO-2024-0007,3,MECH-2205,Cast Iron Bed Section Grade 300,Mechanical Parts,40,kg,4.52,180.8
SO-2024-0008-L01,SO-2024-0008,1,ELEC-3302,Encoder 2500 PPR Differential,Electrical Components,106,pcs,114.64,12151.84
SO-2024-0008-L02,SO-2024-0008,2,ELEC-3301,Servo Drive 5.5kW Siemens-compat,Electrical Components,76,pcs,1931.68,146807.68
SO-2024-0009-L01,SO-2024-0009,1,MECH-2201,Precision Ball Screw Assy 25mm,Mechanical Parts,71,pcs,398.28,28277.88
SO-2024-0009-L02,SO-2024-0009,2,RAW-4405,HDPE Rod 50mm dia,Raw Materials,82,m,17.36,1423.52
SO-2024-0009-L03,SO-2024-0009,3,RAW-4404,Stainless 316L Sheet 2mm,Raw Materials,22,kg,4.16,91.52
SO-2024-0009-L04,SO-2024-0009,4,MECH-2203,Servo Coupling 14/19mm,Mechanical Parts,83,pcs,32.46,2694.18
SO-2024-0009-L05,SO-2024-0009,5,ELEC-3301,Servo Drive 5.5kW Siemens-compat,Electrical Components,55,pcs,1947.18,107094.9
SO-2024-0009-L06,SO-2024-0009,6,ELEC-3303,Limit Switch IP67 Stainless,Electrical Components,99,pcs,20.74,2053.26
SO-2024-0010-L01,SO-2024-0010,1,ELEC-3303,Limit Switch IP67 Stainless,Electrical Components,52,pcs,16.65,865.8
SO-2024-0010-L02,SO-2024-0010,2,RAW-4402,Aluminium Extrusion 6061-T6,Raw Materials,19,kg,3.78,71.82
SO-2024-0010-L03,SO-2024-0010,3,ELEC-3305,Power Supply 24VDC 20A DIN,Electrical Components,79,pcs,105.77,8355.83
SO-2024-0010-L04,SO-2024-0010,4,MECH-2205,Cast Iron Bed Section Grade 300,Mechanical Parts,120,kg,4.36,523.2
SO-2024-0010-L05,SO-2024-0010,5,RAW-4405,HDPE Rod 50mm dia,Raw Materials,93,m,15.78,1467.54
SO-2024-0010-L06,SO-2024-0010,6,MECH-2201,Precision Ball Screw Assy 25mm,Mechanical Parts,81,pcs,398.98,32317.38
SO-2024-0011-L01,SO-2024-0011,1,ELEC-3305,Power Supply 24VDC 20A DIN,Electrical Components,26,pcs,113.35,2947.1
SO-2024-0011-L02,SO-2024-0011,2,ELEC-3303,Limit Switch IP67 Stainless,Electrical Components,97,pcs,18.96,1839.12
SO-2024-0012-L01,SO-2024-0012,1,ELEC-3305,Power Supply 24VDC 20A DIN,Electrical Components,19,pcs,101.68,1931.92
SO-2024-0012-L02,SO-2024-0012,2,RAW-4402,Aluminium Extrusion 6061-T6,Raw Materials,61,kg,3.18,193.98
SO-2024-0013-L01,SO-2024-0013,1,RAW-4403,Copper Busbar 40×4mm,Raw Materials,71,m,19.66,1395.86
SO-2024-0013-L02,SO-2024-0013,2,ELEC-3305,Power Supply 24VDC 20A DIN,Electrical Components,46,pcs,129.93,5976.78
SO-2024-0013-L03,SO-2024-0013,3,ELEC-3303,Limit Switch IP67 Stainless,Electrical Components,66,pcs,18.2,1201.2
SO-2024-0013-L04,SO-2024-0013,4,RAW-4402,Aluminium Extrusion 6061-T6,Raw Materials,45,kg,3.76,169.2
SO-2024-0013-L05,SO-2024-0013,5,MECH-2201,Precision Ball Screw Assy 25mm,Mechanical Parts,63,pcs,416.48,26238.24
SO-2024-0013-L06,SO-2024-0013,6,MECH-2203,Servo Coupling 14/19mm,Mechanical Parts,48,pcs,35.65,1711.2
SO-2024-0014-L01,SO-2024-0014,1,ELEC-3303,Limit Switch IP67 Stainless,Electrical Components,33,pcs,21.53,710.49
SO-2024-0014-L02,SO-2024-0014,2,MECH-2204,Spindle Bearing Set NSK 7210,Mechanical Parts,43,pcs,248.56,10688.08
SO-2024-0014-L03,SO-2024-0014,3,RAW-4404,Stainless 316L Sheet 2mm,Raw Materials,95,kg,4.03,382.85
SO-2024-0014-L04,SO-2024-0014,4,MECH-2205,Cast Iron Bed Section Grade 300,Mechanical Parts,95,kg,3.98,378.1
SO-2024-0014-L05,SO-2024-0014,5,ELEC-3304,PLC I/O Module 32-channel DI,Electrical Components,66,pcs,367.9,24281.4
SO-2024-0014-L06,SO-2024-0014,6,RAW-4402,Aluminium Extrusion 6061-T6,Raw Materials,106,kg,3.55,376.3
SO-2024-0015-L01,SO-2024-0015,1,RAW-4405,HDPE Rod 50mm dia,Raw Materials,10,m,13.73,137.3
SO-2024-0015-L02,SO-2024-0015,2,ELEC-3302,Encoder 2500 PPR Differential,Electrical Components,96,pcs,90.13,8652.48
SO-2024-0015-L03,SO-2024-0015,3,ELEC-3301,Servo Drive 5.5kW Siemens-compat,Electrical Components,61,pcs,1846.79,112654.19
SO-2024-0015-L04,SO-2024-0015,4,MECH-2203,Servo Coupling 14/19mm,Mechanical Parts,100,pcs,34.71,3471.0
SO-2024-0015-L05,SO-2024-0015,5,MECH-2205,Cast Iron Bed Section Grade 300,Mechanical Parts,30,kg,4.52,135.6
SO-2024-0016-L01,SO-2024-0016,1,MECH-2202,Linear Guide Rail 1500mm,Mechanical Parts,80,pcs,153.37,12269.6
SO-2024-0016-L02,SO-2024-0016,2,ELEC-3305,Power Supply 24VDC 20A DIN,Electrical Components,11,pcs,118.44,1302.84
SO-2024-0016-L03,SO-2024-0016,3,RAW-4402,Aluminium Extrusion 6061-T6,Raw Materials,72,kg,3.1,223.2
SO-2024-0017-L01,SO-2024-0017,1,MECH-2202,Linear Guide Rail 1500mm,Mechanical Parts,75,pcs,179.23,13442.25
SO-2024-0017-L02,SO-2024-0017,2,RAW-4401,Steel HR Coil 3mm S235,Raw Materials,25,MT,726.62,18165.5
SO-2024-0017-L03,SO-2024-0017,3,RAW-4403,Copper Busbar 40×4mm,Raw Materials,117,m,25.03,2928.51
SO-2024-0017-L04,SO-2024-0017,4,MECH-2203,Servo Coupling 14/19mm,Mechanical Parts,66,pcs,37.11,2449.26
SO-2024-0017-L05,SO-2024-0017,5,MECH-2201,Precision Ball Screw Assy 25mm,Mechanical Parts,101,pcs,418.56,42274.56
SO-2024-0018-L01,SO-2024-0018,1,MECH-2204,Spindle Bearing Set NSK 7210,Mechanical Parts,58,pcs,254.11,14738.38
SO-2024-0018-L02,SO-2024-0018,2,ELEC-3304,PLC I/O Module 32-channel DI,Electrical Components,27,pcs,414.71,11197.17
SO-2024-0018-L03,SO-2024-0018,3,RAW-4402,Aluminium Extrusion 6061-T6,Raw Materials,9,kg,3.8,34.2
SO-2024-0018-L04,SO-2024-0018,4,RAW-4403,Copper Busbar 40×4mm,Raw Materials,55,m,24.3,1336.5
SO-2024-0018-L05,SO-2024-0018,5,MECH-2201,Precision Ball Screw Assy 25mm,Mechanical Parts,28,pcs,417.46,11688.88
SO-2024-0018-L06,SO-2024-0018,6,MECH-2203,Servo Coupling 14/19mm,Mechanical Parts,116,pcs,40.96,4751.36
SO-2024-0019-L01,SO-2024-0019,1,MECH-2205,Cast Iron Bed Section Grade 300,Mechanical Parts,72,kg,3.99,287.28
SO-2024-0019-L02,SO-2024-0019,2,ELEC-3303,Limit Switch IP67 Stainless,Electrical Components,22,pcs,20.81,457.82
SO-2024-0019-L03,SO-2024-0019,3,RAW-4401,Steel HR Coil 3mm S235,Raw Materials,64,MT,714.56,45731.84
SO-2024-0019-L04,SO-2024-0019,4,ELEC-3304,PLC I/O Module 32-channel DI,Electrical Components,108,pcs,349.01,37693.08
SO-2024-0020-L01,SO-2024-0020,1,MECH-2201,Precision Ball Screw Assy 25mm,Mechanical Parts,106,pcs,391.8,41530.8
SO-2024-0020-L02,SO-2024-0020,2,RAW-4402,Aluminium Extrusion 6061-T6,Raw Materials,91,kg,3.58,325.78
SO-2024-0020-L03,SO-2024-0020,3,ELEC-3301,Servo Drive 5.5kW Siemens-compat,Electrical Components,27,pcs,1833.29,49498.83
SO-2024-0021-L01,SO-2024-0021,1,ELEC-3301,Servo Drive 5.5kW Siemens-compat,Electrical Components,22,pcs,1793.24,39451.28
SO-2024-0021-L02,SO-2024-0021,2,MECH-2202,Linear Guide Rail 1500mm,Mechanical Parts,36,pcs,145.24,5228.64
SO-2024-0021-L03,SO-2024-0021,3,ELEC-3302,Encoder 2500 PPR Differential,Electrical Components,54,pcs,94.36,5095.44
SO-2024-0021-L04,SO-2024-0021,4,RAW-4401,Steel HR Coil 3mm S235,Raw Materials,101,MT,714.03,72117.03
SO-2024-0021-L05,SO-2024-0021,5,RAW-4404,Stainless 316L Sheet 2mm,Raw Materials,47,kg,4.13,194.11
SO-2024-0021-L06,SO-2024-0021,6,MECH-2203,Servo Coupling 14/19mm,Mechanical Parts,97,pcs,36.02,3493.94
SO-2024-0022-L01,SO-2024-0022,1,RAW-4401,Steel HR Coil 3mm S235,Raw Materials,64,MT,717.61,45927.04
SO-2024-0022-L02,SO-2024-0022,2,MECH-2202,Linear Guide Rail 1500mm,Mechanical Parts,56,pcs,169.01,9464.56
SO-2024-0023-L01,SO-2024-0023,1,ELEC-3301,Servo Drive 5.5kW Siemens-compat,Electrical Components,22,pcs,1793.45,39455.9
SO-2024-0023-L02,SO-2024-0023,2,ELEC-3305,Power Supply 24VDC 20A DIN,Electrical Components,63,pcs,121.17,7633.71
SO-2024-0023-L03,SO-2024-0023,3,MECH-2204,Spindle Bearing Set NSK 7210,Mechanical Parts,82,pcs,228.68,18751.76
SO-2024-0023-L04,SO-2024-0023,4,RAW-4403,Copper Busbar 40×4mm,Raw Materials,94,m,22.39,2104.66
SO-2024-0024-L01,SO-2024-0024,1,RAW-4401,Steel HR Coil 3mm S235,Raw Materials,116,MT,760.86,88259.76
SO-2024-0024-L02,SO-2024-0024,2,RAW-4403,Copper Busbar 40×4mm,Raw Materials,72,m,21.57,1553.04
SO-2024-0024-L03,SO-2024-0024,3,ELEC-3305,Power Supply 24VDC 20A DIN,Electrical Components,95,pcs,107.66,10227.7
SO-2024-0025-L01,SO-2024-0025,1,MECH-2204,Spindle Bearing Set NSK 7210,Mechanical Parts,114,pcs,236.02,26906.28
SO-2024-0025-L02,SO-2024-0025,2,ELEC-3305,Power Supply 24VDC 20A DIN,Electrical Components,19,pcs,118.81,2257.39
SO-2024-0025-L03,SO-2024-0025,3,ELEC-3304,PLC I/O Module 32-channel DI,Electrical Components,96,pcs,386.65,37118.4
SO-2024-0025-L04,SO-2024-0025,4,MECH-2203,Servo Coupling 14/19mm,Mechanical Parts,16,pcs,40.58,649.28
SO-2024-0025-L05,SO-2024-0025,5,RAW-4402,Aluminium Extrusion 6061-T6,Raw Materials,62,kg,3.63,225.06
SO-2024-0025-L06,SO-2024-0025,6,ELEC-3301,Servo Drive 5.5kW Siemens-compat,Electrical Components,63,pcs,1689.58,106443.54
SO-2024-0026-L01,SO-2024-0026,1,RAW-4401,Steel HR Coil 3mm S235,Raw Materials,55,MT,712.9,39209.5
SO-2024-0026-L02,SO-2024-0026,2,RAW-4403,Copper Busbar 40×4mm,Raw Materials,5,m,23.97,119.85
SO-2024-0026-L03,SO-2024-0026,3,MECH-2205,Cast Iron Bed Section Grade 300,Mechanical Parts,79,kg,3.32,262.28
SO-2024-0026-L04,SO-2024-0026,4,RAW-4402,Aluminium Extrusion 6061-T6,Raw Materials,59,kg,3.21,189.39
SO-2024-0026-L05,SO-2024-0026,5,MECH-2201,Precision Ball Screw Assy 25mm,Mechanical Parts,13,pcs,401.65,5221.45
SO-2024-0027-L01,SO-2024-0027,1,MECH-2205,Cast Iron Bed Section Grade 300,Mechanical Parts,28,kg,4.43,124.04
SO-2024-0027-L02,SO-2024-0027,2,ELEC-3302,Encoder 2500 PPR Differential,Electrical Components,103,pcs,105.32,10847.96
SO-2024-0028-L01,SO-2024-0028,1,ELEC-3303,Limit Switch IP67 Stainless,Electrical Components,92,pcs,21.71,1997.32
SO-2024-0028-L02,SO-2024-0028,2,RAW-4404,Stainless 316L Sheet 2mm,Raw Materials,116,kg,4.39,509.24
SO-2024-0028-L03,SO-2024-0028,3,ELEC-3302,Encoder 2500 PPR Differential,Electrical Components,88,pcs,111.23,9788.24
SO-2024-0028-L04,SO-2024-0028,4,RAW-4403,Copper Busbar 40×4mm,Raw Materials,20,m,19.43,388.6
SO-2024-0028-L05,SO-2024-0028,5,MECH-2202,Linear Guide Rail 1500mm,Mechanical Parts,73,pcs,158.76,11589.48
SO-2024-0029-L01,SO-2024-0029,1,MECH-2205,Cast Iron Bed Section Grade 300,Mechanical Parts,91,kg,4.35,395.85
SO-2024-0029-L02,SO-2024-0029,2,ELEC-3303,Limit Switch IP67 Stainless,Electrical Components,59,pcs,18.26,1077.34
SO-2024-0030-L01,SO-2024-0030,1,MECH-2204,Spindle Bearing Set NSK 7210,Mechanical Parts,9,pcs,250.47,2254.23
SO-2024-0030-L02,SO-2024-0030,2,RAW-4402,Aluminium Extrusion 6061-T6,Raw Materials,58,kg,3.45,200.1
SO-2024-0030-L03,SO-2024-0030,3,RAW-4403,Copper Busbar 40×4mm,Raw Materials,118,m,25.11,2962.98
SO-2024-0030-L04,SO-2024-0030,4,MECH-2202,Linear Guide Rail 1500mm,Mechanical Parts,35,pcs,152.21,5327.35
SO-2024-0031-L01,SO-2024-0031,1,RAW-4402,Aluminium Extrusion 6061-T6,Raw Materials,61,kg,3.11,189.71
SO-2024-0031-L02,SO-2024-0031,2,MECH-2201,Precision Ball Screw Assy 25mm,Mechanical Parts,32,pcs,410.18,13125.76
SO-2024-0031-L03,SO-2024-0031,3,ELEC-3302,Encoder 2500 PPR Differential,Electrical Components,104,pcs,89.52,9310.08
SO-2024-0032-L01,SO-2024-0032,1,ELEC-3305,Power Supply 24VDC 20A DIN,Electrical Components,117,pcs,100.01,11701.17
SO-2024-0032-L02,SO-2024-0032,2,RAW-4403,Copper Busbar 40×4mm,Raw Materials,89,m,22.17,1973.13
SO-2024-0032-L03,SO-2024-0032,3,RAW-4401,Steel HR Coil 3mm S235,Raw Materials,57,MT,717.05,40871.85
SO-2024-0032-L04,SO-2024-0032,4,ELEC-3301,Servo Drive 5.5kW Siemens-compat,Electrical Components,12,pcs,1817.02,21804.24
SO-2024-0032-L05,SO-2024-0032,5,MECH-2204,Spindle Bearing Set NSK 7210,Mechanical Parts,80,pcs,253.99,20319.2
SO-2024-0032-L06,SO-2024-0032,6,MECH-2205,Cast Iron Bed Section Grade 300,Mechanical Parts,27,kg,4.2,113.4
SO-2024-0033-L01,SO-2024-0033,1,RAW-4403,Copper Busbar 40×4mm,Raw Materials,57,m,19.19,1093.83
SO-2024-0033-L02,SO-2024-0033,2,ELEC-3304,PLC I/O Module 32-channel DI,Electrical Components,53,pcs,354.71,18799.63
SO-2024-0033-L03,SO-2024-0033,3,ELEC-3301,Servo Drive 5.5kW Siemens-compat,Electrical Components,73,pcs,1792.06,130820.38
SO-2024-0033-L04,SO-2024-0033,4,RAW-4402,Aluminium Extrusion 6061-T6,Raw Materials,113,kg,3.1,350.3
SO-2024-0033-L05,SO-2024-0033,5,ELEC-3302,Encoder 2500 PPR Differential,Electrical Components,114,pcs,107.1,12209.4
SO-2024-0034-L01,SO-2024-0034,1,ELEC-3304,PLC I/O Module 32-channel DI,Electrical Components,37,pcs,356.27,13181.99
SO-2024-0034-L02,SO-2024-0034,2,RAW-4405,HDPE Rod 50mm dia,Raw Materials,87,m,12.47,1084.89
SO-2024-0034-L03,SO-2024-0034,3,MECH-2203,Servo Coupling 14/19mm,Mechanical Parts,62,pcs,39.86,2471.32
SO-2024-0034-L04,SO-2024-0034,4,ELEC-3302,Encoder 2500 PPR Differential,Electrical Components,16,pcs,102.46,1639.36
SO-2024-0034-L05,SO-2024-0034,5,MECH-2204,Spindle Bearing Set NSK 7210,Mechanical Parts,111,pcs,219.52,24366.72
SO-2024-0035-L01,SO-2024-0035,1,MECH-2204,Spindle Bearing Set NSK 7210,Mechanical Parts,102,pcs,239.38,24416.76
SO-2024-0035-L02,SO-2024-0035,2,RAW-4403,Copper Busbar 40×4mm,Raw Materials,90,m,22.47,2022.3
SO-2024-0036-L01,SO-2024-0036,1,RAW-4405,HDPE Rod 50mm dia,Raw Materials,99,m,12.7,1257.3
SO-2024-0036-L02,SO-2024-0036,2,MECH-2201,Precision Ball Screw Assy 25mm,Mechanical Parts,101,pcs,399.16,40315.16
SO-2024-0036-L03,SO-2024-0036,3,MECH-2204,Spindle Bearing Set NSK 7210,Mechanical Parts,36,pcs,244.78,8812.08
SO-2024-0036-L04,SO-2024-0036,4,RAW-4403,Copper Busbar 40×4mm,Raw Materials,95,m,19.64,1865.8
SO-2024-0037-L01,SO-2024-0037,1,ELEC-3303,Limit Switch IP67 Stainless,Electrical Components,38,pcs,16.88,641.44
SO-2024-0037-L02,SO-2024-0037,2,ELEC-3304,PLC I/O Module 32-channel DI,Electrical Components,117,pcs,379.78,44434.26
SO-2024-0037-L03,SO-2024-0037,3,RAW-4401,Steel HR Coil 3mm S235,Raw Materials,17,MT,762.25,12958.25
SO-2024-0037-L04,SO-2024-0037,4,ELEC-3301,Servo Drive 5.5kW Siemens-compat,Electrical Components,97,pcs,1790.85,173712.45
SO-2024-0037-L05,SO-2024-0037,5,MECH-2205,Cast Iron Bed Section Grade 300,Mechanical Parts,112,kg,3.71,415.52
SO-2024-0038-L01,SO-2024-0038,1,RAW-4404,Stainless 316L Sheet 2mm,Raw Materials,75,kg,4.83,362.25
SO-2024-0038-L02,SO-2024-0038,2,MECH-2204,Spindle Bearing Set NSK 7210,Mechanical Parts,79,pcs,246.0,19434.0
SO-2024-0038-L03,SO-2024-0038,3,RAW-4402,Aluminium Extrusion 6061-T6,Raw Materials,42,kg,3.04,127.68
SO-2024-0038-L04,SO-2024-0038,4,MECH-2203,Servo Coupling 14/19mm,Mechanical Parts,47,pcs,31.22,1467.34
SO-2024-0038-L05,SO-2024-0038,5,MECH-2201,Precision Ball Screw Assy 25mm,Mechanical Parts,77,pcs,413.33,31826.41
SO-2024-0038-L06,SO-2024-0038,6,MECH-2205,Cast Iron Bed Section Grade 300,Mechanical Parts,68,kg,4.08,277.44
SO-2024-0039-L01,SO-2024-0039,1,ELEC-3303,Limit Switch IP67 Stainless,Electrical Components,22,pcs,19.76,434.72
SO-2024-0039-L02,SO-2024-0039,2,MECH-2203,Servo Coupling 14/19mm,Mechanical Parts,67,pcs,30.58,2048.86
SO-2024-0039-L03,SO-2024-0039,3,RAW-4402,Aluminium Extrusion 6061-T6,Raw Materials,118,kg,3.39,400.02
SO-2024-0039-L04,SO-2024-0039,4,ELEC-3301,Servo Drive 5.5kW Siemens-compat,Electrical Components,87,pcs,1937.17,168533.79
SO-2024-0039-L05,SO-2024-0039,5,RAW-4404,Stainless 316L Sheet 2mm,Raw Materials,72,kg,3.84,276.48
SO-2024-0040-L01,SO-2024-0040,1,ELEC-3302,Encoder 2500 PPR Differential,Electrical Components,112,pcs,105.03,11763.36
SO-2024-0040-L02,SO-2024-0040,2,MECH-2203,Servo Coupling 14/19mm,Mechanical Parts,13,pcs,37.9,492.7
SO-2024-0041-L01,SO-2024-0041,1,ELEC-3305,Power Supply 24VDC 20A DIN,Electrical Components,90,pcs,127.69,11492.1
SO-2024-0041-L02,SO-2024-0041,2,RAW-4401,Steel HR Coil 3mm S235,Raw Materials,66,MT,749.34,49456.44
SO-2024-0042-L01,SO-2024-0042,1,MECH-2201,Precision Ball Screw Assy 25mm,Mechanical Parts,97,pcs,390.99,37926.03
SO-2024-0042-L02,SO-2024-0042,2,ELEC-3304,PLC I/O Module 32-channel DI,Electrical Components,41,pcs,341.37,13996.17
SO-2024-0043-L01,SO-2024-0043,1,RAW-4405,HDPE Rod 50mm dia,Raw Materials,72,m,12.89,928.08
SO-2024-0043-L02,SO-2024-0043,2,MECH-2202,Linear Guide Rail 1500mm,Mechanical Parts,29,pcs,166.69,4834.01
SO-2024-0044-L01,SO-2024-0044,1,ELEC-3301,Servo Drive 5.5kW Siemens-compat,Electrical Components,63,pcs,1819.5,114628.5
SO-2024-0044-L02,SO-2024-0044,2,ELEC-3302,Encoder 2500 PPR Differential,Electrical Components,94,pcs,94.1,8845.4
SO-2024-0045-L01,SO-2024-0045,1,ELEC-3302,Encoder 2500 PPR Differential,Electrical Components,53,pcs,102.92,5454.76
SO-2024-0045-L02,SO-2024-0045,2,RAW-4405,HDPE Rod 50mm dia,Raw Materials,12,m,15.82,189.84
SO-2024-0046-L01,SO-2024-0046,1,ELEC-3305,Power Supply 24VDC 20A DIN,Electrical Components,10,pcs,103.04,1030.4
SO-2024-0046-L02,SO-2024-0046,2,RAW-4404,Stainless 316L Sheet 2mm,Raw Materials,120,kg,4.75,570.0
SO-2024-0046-L03,SO-2024-0046,3,MECH-2202,Linear Guide Rail 1500mm,Mechanical Parts,118,pcs,164.84,19451.12
SO-2024-0046-L04,SO-2024-0046,4,ELEC-3304,PLC I/O Module 32-channel DI,Electrical Components,39,pcs,343.72,13405.08
SO-2024-0047-L01,SO-2024-0047,1,RAW-4401,Steel HR Coil 3mm S235,Raw Materials,80,MT,702.98,56238.4
SO-2024-0047-L02,SO-2024-0047,2,MECH-2201,Precision Ball Screw Assy 25mm,Mechanical Parts,110,pcs,408.51,44936.1
SO-2024-0047-L03,SO-2024-0047,3,MECH-2203,Servo Coupling 14/19mm,Mechanical Parts,55,pcs,41.0,2255.0
SO-2024-0047-L04,SO-2024-0047,4,ELEC-3301,Servo Drive 5.5kW Siemens-compat,Electrical Components,43,pcs,1698.74,73045.82
SO-2024-0047-L05,SO-2024-0047,5,RAW-4404,Stainless 316L Sheet 2mm,Raw Materials,35,kg,4.42,154.7
SO-2024-0047-L06,SO-2024-0047,6,MECH-2204,Spindle Bearing Set NSK 7210,Mechanical Parts,113,pcs,229.46,25928.98
SO-2024-0048-L01,SO-2024-0048,1,ELEC-3304,PLC I/O Module 32-channel DI,Electrical Components,49,pcs,344.3,16870.7
SO-2024-0048-L02,SO-2024-0048,2,RAW-4402,Aluminium Extrusion 6061-T6,Raw Materials,60,kg,3.11,186.6
SO-2024-0049-L01,SO-2024-0049,1,MECH-2201,Precision Ball Screw Assy 25mm,Mechanical Parts,67,pcs,389.13,26071.71
SO-2024-0049-L02,SO-2024-0049,2,RAW-4401,Steel HR Coil 3mm S235,Raw Materials,75,MT,774.7,58102.5
SO-2024-0049-L03,SO-2024-0049,3,MECH-2205,Cast Iron Bed Section Grade 300,Mechanical Parts,60,kg,3.5,210.0
SO-2024-0049-L04,SO-2024-0049,4,ELEC-3303,Limit Switch IP67 Stainless,Electrical Components,79,pcs,19.29,1523.91
SO-2024-0050-L01,SO-2024-0050,1,MECH-2202,Linear Guide Rail 1500mm,Mechanical Parts,24,pcs,158.3,3799.2
SO-2024-0050-L02,SO-2024-0050,2,MECH-2205,Cast Iron Bed Section Grade 300,Mechanical Parts,105,kg,4.21,442.05
SO-2024-0051-L01,SO-2024-0051,1,MECH-2201,Precision Ball Screw Assy 25mm,Mechanical Parts,61,pcs,394.4,24058.4
SO-2024-0051-L02,SO-2024-0051,2,MECH-2205,Cast Iron Bed Section Grade 300,Mechanical Parts,39,kg,3.36,131.04
SO-2024-0052-L01,SO-2024-0052,1,ELEC-3304,PLC I/O Module 32-channel DI,Electrical Components,75,pcs,347.45,26058.75
SO-2024-0052-L02,SO-2024-0052,2,ELEC-3302,Encoder 2500 PPR Differential,Electrical Components,81,pcs,109.18,8843.58
SO-2024-0052-L03,SO-2024-0052,3,MECH-2202,Linear Guide Rail 1500mm,Mechanical Parts,115,pcs,158.48,18225.2
SO-2024-0052-L04,SO-2024-0052,4,MECH-2201,Precision Ball Screw Assy 25mm,Mechanical Parts,42,pcs,396.55,16655.1
SO-2024-0052-L05,SO-2024-0052,5,RAW-4403,Copper Busbar 40×4mm,Raw Materials,104,m,18.68,1942.72
SO-2024-0052-L06,SO-2024-0052,6,ELEC-3301,Servo Drive 5.5kW Siemens-compat,Electrical Components,120,pcs,1817.86,218143.2
SO-2024-0053-L01,SO-2024-0053,1,MECH-2203,Servo Coupling 14/19mm,Mechanical Parts,39,pcs,34.9,1361.1
SO-2024-0053-L02,SO-2024-0053,2,MECH-2205,Cast Iron Bed Section Grade 300,Mechanical Parts,13,kg,3.47,45.11
SO-2024-0053-L03,SO-2024-0053,3,RAW-4404,Stainless 316L Sheet 2mm,Raw Materials,40,kg,4.26,170.4
SO-2024-0054-L01,SO-2024-0054,1,RAW-4402,Aluminium Extrusion 6061-T6,Raw Materials,81,kg,3.46,280.26
SO-2024-0054-L02,SO-2024-0054,2,RAW-4401,Steel HR Coil 3mm S235,Raw Materials,63,MT,699.63,44076.69
SO-2024-0054-L03,SO-2024-0054,3,ELEC-3303,Limit Switch IP67 Stainless,Electrical Components,43,pcs,14.05,604.15
SO-2024-0055-L01,SO-2024-0055,1,ELEC-3303,Limit Switch IP67 Stainless,Electrical Components,81,pcs,15.09,1222.29
SO-2024-0055-L02,SO-2024-0055,2,ELEC-3301,Servo Drive 5.5kW Siemens-compat,Electrical Components,46,pcs,1830.96,84224.16
SO-2024-0055-L03,SO-2024-0055,3,ELEC-3302,Encoder 2500 PPR Differential,Electrical Components,93,pcs,93.42,8688.06
SO-2024-0055-L04,SO-2024-0055,4,RAW-4401,Steel HR Coil 3mm S235,Raw Materials,45,MT,705.99,31769.55
SO-2024-0056-L01,SO-2024-0056,1,RAW-4403,Copper Busbar 40×4mm,Raw Materials,51,m,18.91,964.41
SO-2024-0056-L02,SO-2024-0056,2,MECH-2204,Spindle Bearing Set NSK 7210,Mechanical Parts,77,pcs,219.99,16939.23
SO-2024-0056-L03,SO-2024-0056,3,ELEC-3301,Servo Drive 5.5kW Siemens-compat,Electrical Components,74,pcs,1703.98,126094.52
SO-2024-0056-L04,SO-2024-0056,4,ELEC-3302,Encoder 2500 PPR Differential,Electrical Components,103,pcs,102.85,10593.55
SO-2024-0056-L05,SO-2024-0056,5,MECH-2205,Cast Iron Bed Section Grade 300,Mechanical Parts,98,kg,3.94,386.12
SO-2024-0056-L06,SO-2024-0056,6,RAW-4402,Aluminium Extrusion 6061-T6,Raw Materials,95,kg,3.09,293.55
SO-2024-0057-L01,SO-2024-0057,1,MECH-2203,Servo Coupling 14/19mm,Mechanical Parts,89,pcs,30.16,2684.24
SO-2024-0057-L02,SO-2024-0057,2,RAW-4401,Steel HR Coil 3mm S235,Raw Materials,59,MT,761.02,44900.18
SO-2024-0057-L03,SO-2024-0057,3,MECH-2205,Cast Iron Bed Section Grade 300,Mechanical Parts,14,kg,3.92,54.88
SO-2024-0057-L04,SO-2024-0057,4,MECH-2204,Spindle Bearing Set NSK 7210,Mechanical Parts,81,pcs,233.96,18950.76
SO-2024-0057-L05,SO-2024-0057,5,RAW-4403,Copper Busbar 40×4mm,Raw Materials,56,m,22.27,1247.12
SO-2024-0058-L01,SO-2024-0058,1,ELEC-3305,Power Supply 24VDC 20A DIN,Electrical Components,26,pcs,117.64,3058.64
SO-2024-0058-L02,SO-2024-0058,2,RAW-4401,Steel HR Coil 3mm S235,Raw Materials,10,MT,740.69,7406.9
SO-2024-0058-L03,SO-2024-0058,3,MECH-2202,Linear Guide Rail 1500mm,Mechanical Parts,87,pcs,168.71,14677.77
SO-2024-0058-L04,SO-2024-0058,4,RAW-4403,Copper Busbar 40×4mm,Raw Materials,56,m,25.73,1440.88
SO-2024-0058-L05,SO-2024-0058,5,MECH-2204,Spindle Bearing Set NSK 7210,Mechanical Parts,47,pcs,258.29,12139.63
SO-2024-0058-L06,SO-2024-0058,6,ELEC-3301,Servo Drive 5.5kW Siemens-compat,Electrical Components,60,pcs,1681.78,100906.8
SO-2024-0059-L01,SO-2024-0059,1,ELEC-3305,Power Supply 24VDC 20A DIN,Electrical Components,55,pcs,111.21,6116.55
SO-2024-0059-L02,SO-2024-0059,2,RAW-4402,Aluminium Extrusion 6061-T6,Raw Materials,91,kg,3.43,312.13
SO-2024-0059-L03,SO-2024-0059,3,RAW-4405,HDPE Rod 50mm dia,Raw Materials,69,m,12.9,890.1
SO-2024-0059-L04,SO-2024-0059,4,MECH-2204,Spindle Bearing Set NSK 7210,Mechanical Parts,8,pcs,234.14,1873.12
SO-2024-0059-L05,SO-2024-0059,5,ELEC-3303,Limit Switch IP67 Stainless,Electrical Components,42,pcs,17.33,727.86
SO-2024-0059-L06,SO-2024-0059,6,ELEC-3301,Servo Drive 5.5kW Siemens-compat,Electrical Components,15,pcs,1684.82,25272.3
SO-2024-0060-L01,SO-2024-0060,1,RAW-4403,Copper Busbar 40×4mm,Raw Materials,65,m,18.78,1220.7
SO-2024-0060-L02,SO-2024-0060,2,MECH-2204,Spindle Bearing Set NSK 7210,Mechanical Parts,97,pcs,244.84,23749.48
SO-2024-0060-L03,SO-2024-0060,3,ELEC-3304,PLC I/O Module 32-channel DI,Electrical Components,45,pcs,345.37,15541.65
SO-2024-0060-L04,SO-2024-0060,4,ELEC-3303,Limit Switch IP67 Stainless,Electrical Components,10,pcs,20.48,204.8
SO-2024-0060-L05,SO-2024-0060,5,ELEC-3301,Servo Drive 5.5kW Siemens-compat,Electrical Components,19,pcs,1656.78,31478.82
SO-2024-0061-L01,SO-2024-0061,1,ELEC-3304,PLC I/O Module 32-channel DI,Electrical Components,25,pcs,366.48,9162.0
SO-2024-0061-L02,SO-2024-0061,2,MECH-2203,Servo Coupling 14/19mm,Mechanical Parts,59,pcs,41.42,2443.78
SO-2024-0061-L03,SO-2024-0061,3,RAW-4405,HDPE Rod 50mm dia,Raw Materials,34,m,16.79,570.86
SO-2024-0062-L01,SO-2024-0062,1,MECH-2201,Precision Ball Screw Assy 25mm,Mechanical Parts,80,pcs,397.18,31774.4
SO-2024-0062-L02,SO-2024-0062,2,RAW-4402,Aluminium Extrusion 6061-T6,Raw Materials,5,kg,3.53,17.65
SO-2024-0062-L03,SO-2024-0062,3,ELEC-3305,Power Supply 24VDC 20A DIN,Electrical Components,31,pcs,104.74,3246.94
SO-2024-0062-L04,SO-2024-0062,4,MECH-2204,Spindle Bearing Set NSK 7210,Mechanical Parts,95,pcs,250.44,23791.8
SO-2024-0062-L05,SO-2024-0062,5,ELEC-3303,Limit Switch IP67 Stainless,Electrical Components,13,pcs,18.62,242.06
SO-2024-0063-L01,SO-2024-0063,1,MECH-2202,Linear Guide Rail 1500mm,Mechanical Parts,86,pcs,155.97,13413.42
SO-2024-0063-L02,SO-2024-0063,2,MECH-2205,Cast Iron Bed Section Grade 300,Mechanical Parts,54,kg,4.18,225.72
SO-2024-0063-L03,SO-2024-0063,3,RAW-4401,Steel HR Coil 3mm S235,Raw Materials,80,MT,700.28,56022.4
SO-2024-0063-L04,SO-2024-0063,4,ELEC-3303,Limit Switch IP67 Stainless,Electrical Components,50,pcs,20.76,1038.0
SO-2024-0063-L05,SO-2024-0063,5,ELEC-3304,PLC I/O Module 32-channel DI,Electrical Components,84,pcs,353.8,29719.2
SO-2024-0064-L01,SO-2024-0064,1,ELEC-3301,Servo Drive 5.5kW Siemens-compat,Electrical Components,44,pcs,1685.08,74143.52
SO-2024-0064-L02,SO-2024-0064,2,MECH-2202,Linear Guide Rail 1500mm,Mechanical Parts,52,pcs,169.27,8802.04
SO-2024-0064-L03,SO-2024-0064,3,MECH-2204,Spindle Bearing Set NSK 7210,Mechanical Parts,70,pcs,229.42,16059.4
SO-2024-0065-L01,SO-2024-0065,1,ELEC-3303,Limit Switch IP67 Stainless,Electrical Components,93,pcs,21.35,1985.55
SO-2024-0065-L02,SO-2024-0065,2,RAW-4401,Steel HR Coil 3mm S235,Raw Materials,27,MT,739.94,19978.38
SO-2024-0065-L03,SO-2024-0065,3,ELEC-3304,PLC I/O Module 32-channel DI,Electrical Components,67,pcs,363.11,24328.37
SO-2024-0066-L01,SO-2024-0066,1,MECH-2201,Precision Ball Screw Assy 25mm,Mechanical Parts,109,pcs,395.36,43094.24
SO-2024-0066-L02,SO-2024-0066,2,ELEC-3303,Limit Switch IP67 Stainless,Electrical Components,76,pcs,18.04,1371.04
SO-2024-0066-L03,SO-2024-0066,3,MECH-2203,Servo Coupling 14/19mm,Mechanical Parts,68,pcs,33.73,2293.64
SO-2024-0066-L04,SO-2024-0066,4,MECH-2204,Spindle Bearing Set NSK 7210,Mechanical Parts,67,pcs,230.78,15462.26
SO-2024-0067-L01,SO-2024-0067,1,MECH-2205,Cast Iron Bed Section Grade 300,Mechanical Parts,33,kg,4.06,133.98
SO-2024-0067-L02,SO-2024-0067,2,MECH-2201,Precision Ball Screw Assy 25mm,Mechanical Parts,26,pcs,411.23,10691.98
SO-2024-0067-L03,SO-2024-0067,3,RAW-4405,HDPE Rod 50mm dia,Raw Materials,77,m,16.46,1267.42
SO-2024-0068-L01,SO-2024-0068,1,RAW-4403,Copper Busbar 40×4mm,Raw Materials,110,m,24.05,2645.5
SO-2024-0068-L02,SO-2024-0068,2,ELEC-3304,PLC I/O Module 32-channel DI,Electrical Components,102,pcs,397.52,40547.04
SO-2024-0068-L03,SO-2024-0068,3,ELEC-3301,Servo Drive 5.5kW Siemens-compat,Electrical Components,74,pcs,1715.56,126951.44
SO-2024-0068-L04,SO-2024-0068,4,RAW-4404,Stainless 316L Sheet 2mm,Raw Materials,59,kg,3.91,230.69
SO-2024-0069-L01,SO-2024-0069,1,MECH-2205,Cast Iron Bed Section Grade 300,Mechanical Parts,104,kg,4.5,468.0
SO-2024-0069-L02,SO-2024-0069,2,ELEC-3301,Servo Drive 5.5kW Siemens-compat,Electrical Components,31,pcs,1893.21,58689.51
SO-2024-0069-L03,SO-2024-0069,3,MECH-2202,Linear Guide Rail 1500mm,Mechanical Parts,80,pcs,169.12,13529.6
SO-2024-0069-L04,SO-2024-0069,4,ELEC-3303,Limit Switch IP67 Stainless,Electrical Components,115,pcs,19.69,2264.35
SO-2024-0069-L05,SO-2024-0069,5,RAW-4403,Copper Busbar 40×4mm,Raw Materials,85,m,21.43,1821.55
SO-2024-0070-L01,SO-2024-0070,1,ELEC-3305,Power Supply 24VDC 20A DIN,Electrical Components,73,pcs,104.84,7653.32
SO-2024-0070-L02,SO-2024-0070,2,ELEC-3301,Servo Drive 5.5kW Siemens-compat,Electrical Components,73,pcs,1700.51,124137.23
SO-2024-0071-L01,SO-2024-0071,1,RAW-4405,HDPE Rod 50mm dia,Raw Materials,40,m,17.2,688.0
SO-2024-0071-L02,SO-2024-0071,2,RAW-4401,Steel HR Coil 3mm S235,Raw Materials,21,MT,753.13,15815.73
SO-2024-0071-L03,SO-2024-0071,3,MECH-2202,Linear Guide Rail 1500mm,Mechanical Parts,21,pcs,153.74,3228.54
SO-2024-0071-L04,SO-2024-0071,4,MECH-2203,Servo Coupling 14/19mm,Mechanical Parts,96,pcs,32.51,3120.96
SO-2024-0071-L05,SO-2024-0071,5,ELEC-3302,Encoder 2500 PPR Differential,Electrical Components,36,pcs,108.56,3908.16
SO-2024-0071-L06,SO-2024-0071,6,MECH-2201,Precision Ball Screw Assy 25mm,Mechanical Parts,91,pcs,395.71,36009.61
SO-2024-0072-L01,SO-2024-0072,1,ELEC-3303,Limit Switch IP67 Stainless,Electrical Components,70,pcs,20.0,1400.0
SO-2024-0072-L02,SO-2024-0072,2,MECH-2202,Linear Guide Rail 1500mm,Mechanical Parts,93,pcs,177.77,16532.61
SO-2024-0072-L03,SO-2024-0072,3,RAW-4401,Steel HR Coil 3mm S235,Raw Materials,52,MT,730.92,38007.84
SO-2024-0072-L04,SO-2024-0072,4,RAW-4404,Stainless 316L Sheet 2mm,Raw Materials,67,kg,4.16,278.72
SO-2024-0072-L05,SO-2024-0072,5,ELEC-3302,Encoder 2500 PPR Differential,Electrical Components,5,pcs,111.46,557.3
SO-2024-0073-L01,SO-2024-0073,1,RAW-4403,Copper Busbar 40×4mm,Raw Materials,55,m,19.74,1085.7
SO-2024-0073-L02,SO-2024-0073,2,ELEC-3304,PLC I/O Module 32-channel DI,Electrical Components,59,pcs,405.99,23953.41
SO-2024-0074-L01,SO-2024-0074,1,ELEC-3304,PLC I/O Module 32-channel DI,Electrical Components,114,pcs,378.83,43186.62
SO-2024-0074-L02,SO-2024-0074,2,ELEC-3305,Power Supply 24VDC 20A DIN,Electrical Components,48,pcs,126.3,6062.4
SO-2024-0074-L03,SO-2024-0074,3,MECH-2203,Servo Coupling 14/19mm,Mechanical Parts,102,pcs,28.68,2925.36
SO-2024-0074-L04,SO-2024-0074,4,RAW-4404,Stainless 316L Sheet 2mm,Raw Materials,17,kg,4.49,76.33
SO-2024-0075-L01,SO-2024-0075,1,ELEC-3303,Limit Switch IP67 Stainless,Electrical Components,117,pcs,19.2,2246.4
SO-2024-0075-L02,SO-2024-0075,2,MECH-2201,Precision Ball Screw Assy 25mm,Mechanical Parts,25,pcs,414.98,10374.5
SO-2024-0075-L03,SO-2024-0075,3,ELEC-3302,Encoder 2500 PPR Differential,Electrical Components,117,pcs,95.4,11161.8
SO-2024-0075-L04,SO-2024-0075,4,MECH-2204,Spindle Bearing Set NSK 7210,Mechanical Parts,88,pcs,228.02,20065.76
SO-2024-0075-L05,SO-2024-0075,5,MECH-2203,Servo Coupling 14/19mm,Mechanical Parts,15,pcs,33.21,498.15
SO-2024-0076-L01,SO-2024-0076,1,ELEC-3302,Encoder 2500 PPR Differential,Electrical Components,95,pcs,90.57,8604.15
SO-2024-0076-L02,SO-2024-0076,2,RAW-4401,Steel HR Coil 3mm S235,Raw Materials,32,MT,732.91,23453.12
SO-2024-0076-L03,SO-2024-0076,3,MECH-2202,Linear Guide Rail 1500mm,Mechanical Parts,21,pcs,165.78,3481.38
SO-2024-0077-L01,SO-2024-0077,1,RAW-4404,Stainless 316L Sheet 2mm,Raw Materials,21,kg,4.33,90.93
SO-2024-0077-L02,SO-2024-0077,2,MECH-2202,Linear Guide Rail 1500mm,Mechanical Parts,34,pcs,158.41,5385.94
SO-2024-0077-L03,SO-2024-0077,3,ELEC-3302,Encoder 2500 PPR Differential,Electrical Components,98,pcs,109.76,10756.48
SO-2024-0077-L04,SO-2024-0077,4,RAW-4402,Aluminium Extrusion 6061-T6,Raw Materials,18,kg,3.18,57.24
SO-2024-0078-L01,SO-2024-0078,1,MECH-2202,Linear Guide Rail 1500mm,Mechanical Parts,6,pcs,166.36,998.16
SO-2024-0078-L02,SO-2024-0078,2,ELEC-3304,PLC I/O Module 32-channel DI,Electrical Components,26,pcs,375.21,9755.46
SO-2024-0078-L03,SO-2024-0078,3,ELEC-3305,Power Supply 24VDC 20A DIN,Electrical Components,97,pcs,102.46,9938.62
SO-2024-0079-L01,SO-2024-0079,1,MECH-2202,Linear Guide Rail 1500mm,Mechanical Parts,101,pcs,149.31,15080.31
SO-2024-0079-L02,SO-2024-0079,2,RAW-4405,HDPE Rod 50mm dia,Raw Materials,98,m,14.3,1401.4
SO-2024-0079-L03,SO-2024-0079,3,MECH-2203,Servo Coupling 14/19mm,Mechanical Parts,59,pcs,32.4,1911.6
SO-2024-0080-L01,SO-2024-0080,1,ELEC-3304,PLC I/O Module 32-channel DI,Electrical Components,97,pcs,388.61,37695.17
SO-2024-0080-L02,SO-2024-0080,2,ELEC-3305,Power Supply 24VDC 20A DIN,Electrical Components,104,pcs,127.94,13305.76
SO-2024-0080-L03,SO-2024-0080,3,RAW-4404,Stainless 316L Sheet 2mm,Raw Materials,8,kg,4.73,37.84
SO-2024-0081-L01,SO-2024-0081,1,ELEC-3304,PLC I/O Module 32-channel DI,Electrical Components,105,pcs,411.83,43242.15
SO-2024-0081-L02,SO-2024-0081,2,MECH-2204,Spindle Bearing Set NSK 7210,Mechanical Parts,35,pcs,234.74,8215.9
SO-2024-0081-L03,SO-2024-0081,3,RAW-4402,Aluminium Extrusion 6061-T6,Raw Materials,19,kg,3.12,59.28
SO-2024-0081-L04,SO-2024-0081,4,ELEC-3302,Encoder 2500 PPR Differential,Electrical Components,86,pcs,104.04,8947.44
SO-2024-0081-L05,SO-2024-0081,5,MECH-2205,Cast Iron Bed Section Grade 300,Mechanical Parts,72,kg,4.62,332.64
SO-2024-0081-L06,SO-2024-0081,6,MECH-2201,Precision Ball Screw Assy 25mm,Mechanical Parts,6,pcs,419.48,2516.88
SO-2024-0082-L01,SO-2024-0082,1,ELEC-3304,PLC I/O Module 32-channel DI,Electrical Components,103,pcs,345.84,35621.52
SO-2024-0082-L02,SO-2024-0082,2,RAW-4401,Steel HR Coil 3mm S235,Raw Materials,80,MT,696.08,55686.4
SO-2024-0082-L03,SO-2024-0082,3,MECH-2203,Servo Coupling 14/19mm,Mechanical Parts,38,pcs,31.02,1178.76
SO-2024-0082-L04,SO-2024-0082,4,ELEC-3303,Limit Switch IP67 Stainless,Electrical Components,12,pcs,21.59,259.08
SO-2024-0083-L01,SO-2024-0083,1,ELEC-3302,Encoder 2500 PPR Differential,Electrical Components,73,pcs,102.52,7483.96
SO-2024-0083-L02,SO-2024-0083,2,RAW-4402,Aluminium Extrusion 6061-T6,Raw Materials,24,kg,3.15,75.6
SO-2024-0083-L03,SO-2024-0083,3,RAW-4405,HDPE Rod 50mm dia,Raw Materials,44,m,12.47,548.68
SO-2024-0083-L04,SO-2024-0083,4,MECH-2202,Linear Guide Rail 1500mm,Mechanical Parts,31,pcs,179.1,5552.1
SO-2024-0083-L05,SO-2024-0083,5,RAW-4401,Steel HR Coil 3mm S235,Raw Materials,24,MT,738.28,17718.72
SO-2024-0084-L01,SO-2024-0084,1,RAW-4402,Aluminium Extrusion 6061-T6,Raw Materials,12,kg,3.12,37.44
SO-2024-0084-L02,SO-2024-0084,2,ELEC-3302,Encoder 2500 PPR Differential,Electrical Components,60,pcs,91.13,5467.8
SO-2024-0084-L03,SO-2024-0084,3,RAW-4405,HDPE Rod 50mm dia,Raw Materials,83,m,15.65,1298.95
SO-2024-0084-L04,SO-2024-0084,4,MECH-2204,Spindle Bearing Set NSK 7210,Mechanical Parts,44,pcs,243.3,10705.2
SO-2024-0085-L01,SO-2024-0085,1,RAW-4402,Aluminium Extrusion 6061-T6,Raw Materials,68,kg,3.76,255.68
SO-2024-0085-L02,SO-2024-0085,2,MECH-2201,Precision Ball Screw Assy 25mm,Mechanical Parts,71,pcs,400.69,28448.99
SO-2024-0085-L03,SO-2024-0085,3,MECH-2203,Servo Coupling 14/19mm,Mechanical Parts,110,pcs,38.09,4189.9
SO-2024-0086-L01,SO-2024-0086,1,RAW-4403,Copper Busbar 40×4mm,Raw Materials,47,m,24.46,1149.62
SO-2024-0086-L02,SO-2024-0086,2,MECH-2201,Precision Ball Screw Assy 25mm,Mechanical Parts,39,pcs,400.95,15637.05
SO-2024-0087-L01,SO-2024-0087,1,ELEC-3303,Limit Switch IP67 Stainless,Electrical Components,114,pcs,18.54,2113.56
SO-2024-0087-L02,SO-2024-0087,2,ELEC-3304,PLC I/O Module 32-channel DI,Electrical Components,52,pcs,352.58,18334.16
SO-2024-0087-L03,SO-2024-0087,3,ELEC-3301,Servo Drive 5.5kW Siemens-compat,Electrical Components,103,pcs,1680.87,173129.61
SO-2024-0087-L04,SO-2024-0087,4,MECH-2201,Precision Ball Screw Assy 25mm,Mechanical Parts,78,pcs,406.96,31742.88
SO-2024-0087-L05,SO-2024-0087,5,RAW-4405,HDPE Rod 50mm dia,Raw Materials,19,m,13.37,254.03
SO-2024-0088-L01,SO-2024-0088,1,MECH-2201,Precision Ball Screw Assy 25mm,Mechanical Parts,54,pcs,416.81,22507.74
SO-2024-0088-L02,SO-2024-0088,2,ELEC-3303,Limit Switch IP67 Stainless,Electrical Components,27,pcs,21.45,579.15
SO-2024-0088-L03,SO-2024-0088,3,ELEC-3301,Servo Drive 5.5kW Siemens-compat,Electrical Components,114,pcs,1660.61,189309.54
SO-2024-0089-L01,SO-2024-0089,1,MECH-2204,Spindle Bearing Set NSK 7210,Mechanical Parts,39,pcs,251.3,9800.7
SO-2024-0089-L02,SO-2024-0089,2,ELEC-3302,Encoder 2500 PPR Differential,Electrical Components,78,pcs,98.07,7649.46
SO-2024-0089-L03,SO-2024-0089,3,RAW-4402,Aluminium Extrusion 6061-T6,Raw Materials,69,kg,3.51,242.19
SO-2024-0089-L04,SO-2024-0089,4,ELEC-3301,Servo Drive 5.5kW Siemens-compat,Electrical Components,11,pcs,1703.8,18741.8
SO-2024-0090-L01,SO-2024-0090,1,RAW-4404,Stainless 316L Sheet 2mm,Raw Materials,16,kg,4.41,70.56
SO-2024-0090-L02,SO-2024-0090,2,MECH-2205,Cast Iron Bed Section Grade 300,Mechanical Parts,6,kg,3.79,22.74
SO-2024-0090-L03,SO-2024-0090,3,RAW-4403,Copper Busbar 40×4mm,Raw Materials,42,m,22.51,945.42
SO-2024-0090-L04,SO-2024-0090,4,RAW-4405,HDPE Rod 50mm dia,Raw Materials,43,m,16.44,706.92
SO-2024-0090-L05,SO-2024-0090,5,ELEC-3301,Servo Drive 5.5kW Siemens-compat,Electrical Components,36,pcs,1789.18,64410.48
SO-2024-0091-L01,SO-2024-0091,1,RAW-4403,Copper Busbar 40×4mm,Raw Materials,8,m,19.86,158.88
SO-2024-0091-L02,SO-2024-0091,2,RAW-4405,HDPE Rod 50mm dia,Raw Materials,49,m,15.82,775.18
SO-2024-0091-L03,SO-2024-0091,3,MECH-2204,Spindle Bearing Set NSK 7210,Mechanical Parts,93,pcs,253.86,23608.98
SO-2024-0091-L04,SO-2024-0091,4,MECH-2203,Servo Coupling 14/19mm,Mechanical Parts,47,pcs,28.02,1316.94
SO-2024-0091-L05,SO-2024-0091,5,MECH-2201,Precision Ball Screw Assy 25mm,Mechanical Parts,89,pcs,395.05,35159.45
SO-2024-0091-L06,SO-2024-0091,6,ELEC-3302,Encoder 2500 PPR Differential,Electrical Components,99,pcs,107.63,10655.37
SO-2024-0092-L01,SO-2024-0092,1,MECH-2201,Precision Ball Screw Assy 25mm,Mechanical Parts,10,pcs,416.85,4168.5
SO-2024-0092-L02,SO-2024-0092,2,MECH-2203,Servo Coupling 14/19mm,Mechanical Parts,119,pcs,39.84,4740.96
SO-2024-0092-L03,SO-2024-0092,3,RAW-4402,Aluminium Extrusion 6061-T6,Raw Materials,57,kg,3.53,201.21
SO-2024-0092-L04,SO-2024-0092,4,MECH-2205,Cast Iron Bed Section Grade 300,Mechanical Parts,52,kg,3.93,204.36
SO-2024-0092-L05,SO-2024-0092,5,MECH-2202,Linear Guide Rail 1500mm,Mechanical Parts,100,pcs,147.97,14797.0
SO-2024-0093-L01,SO-2024-0093,1,ELEC-3305,Power Supply 24VDC 20A DIN,Electrical Components,12,pcs,110.22,1322.64
SO-2024-0093-L02,SO-2024-0093,2,RAW-4405,HDPE Rod 50mm dia,Raw Materials,21,m,13.42,281.82
SO-2024-0094-L01,SO-2024-0094,1,ELEC-3301,Servo Drive 5.5kW Siemens-compat,Electrical Components,14,pcs,1933.07,27062.98
SO-2024-0094-L02,SO-2024-0094,2,ELEC-3303,Limit Switch IP67 Stainless,Electrical Components,22,pcs,20.24,445.28
SO-2024-0094-L03,SO-2024-0094,3,MECH-2205,Cast Iron Bed Section Grade 300,Mechanical Parts,79,kg,3.37,266.23
SO-2024-0094-L04,SO-2024-0094,4,MECH-2204,Spindle Bearing Set NSK 7210,Mechanical Parts,18,pcs,218.22,3927.96
SO-2024-0095-L01,SO-2024-0095,1,RAW-4403,Copper Busbar 40×4mm,Raw Materials,64,m,20.12,1287.68
SO-2024-0095-L02,SO-2024-0095,2,MECH-2204,Spindle Bearing Set NSK 7210,Mechanical Parts,20,pcs,214.52,4290.4
SO-2024-0095-L03,SO-2024-0095,3,ELEC-3303,Limit Switch IP67 Stainless,Electrical Components,108,pcs,19.49,2104.92
SO-2024-0095-L04,SO-2024-0095,4,MECH-2205,Cast Iron Bed Section Grade 300,Mechanical Parts,110,kg,4.33,476.3
SO-2024-0096-L01,SO-2024-0096,1,MECH-2202,Linear Guide Rail 1500mm,Mechanical Parts,50,pcs,158.87,7943.5
SO-2024-0096-L02,SO-2024-0096,2,RAW-4402,Aluminium Extrusion 6061-T6,Raw Materials,11,kg,3.51,38.61
SO-2024-0096-L03,SO-2024-0096,3,MECH-2204,Spindle Bearing Set NSK 7210,Mechanical Parts,38,pcs,251.0,9538.0
SO-2024-0097-L01,SO-2024-0097,1,RAW-4402,Aluminium Extrusion 6061-T6,Raw Materials,107,kg,3.61,386.27
SO-2024-0097-L02,SO-2024-0097,2,ELEC-3304,PLC I/O Module 32-channel DI,Electrical Components,20,pcs,340.96,6819.2
SO-2024-0097-L03,SO-2024-0097,3,MECH-2204,Spindle Bearing Set NSK 7210,Mechanical Parts,111,pcs,249.05,27644.55
SO-2024-0097-L04,SO-2024-0097,4,MECH-2202,Linear Guide Rail 1500mm,Mechanical Parts,33,pcs,149.58,4936.14
SO-2024-0097-L05,SO-2024-0097,5,ELEC-3303,Limit Switch IP67 Stainless,Electrical Components,110,pcs,17.2,1892.0
SO-2024-0097-L06,SO-2024-0097,6,RAW-4405,HDPE Rod 50mm dia,Raw Materials,92,m,15.78,1451.76
SO-2024-0098-L01,SO-2024-0098,1,MECH-2201,Precision Ball Screw Assy 25mm,Mechanical Parts,30,pcs,416.1,12483.0
SO-2024-0098-L02,SO-2024-0098,2,MECH-2202,Linear Guide Rail 1500mm,Mechanical Parts,61,pcs,173.33,10573.13
SO-2024-0099-L01,SO-2024-0099,1,MECH-2201,Precision Ball Screw Assy 25mm,Mechanical Parts,11,pcs,386.72,4253.92
SO-2024-0099-L02,SO-2024-0099,2,ELEC-3303,Limit Switch IP67 Stainless,Electrical Components,78,pcs,17.47,1362.66
SO-2024-0100-L01,SO-2024-0100,1,MECH-2203,Servo Coupling 14/19mm,Mechanical Parts,40,pcs,34.24,1369.6
SO-2024-0100-L02,SO-2024-0100,2,ELEC-3301,Servo Drive 5.5kW Siemens-compat,Electrical Components,24,pcs,1660.39,39849.36
SO-2024-0100-L03,SO-2024-0100,3,MECH-2204,Spindle Bearing Set NSK 7210,Mechanical Parts,84,pcs,240.85,20231.4
SO-2024-0100-L04,SO-2024-0100,4,RAW-4405,HDPE Rod 50mm dia,Raw Materials,87,m,13.77,1197.99
SO-2024-0100-L05,SO-2024-0100,5,MECH-2205,Cast Iron Bed Section Grade 300,Mechanical Parts,57,kg,4.61,262.77
SO-2024-0101-L01,SO-2024-0101,1,ELEC-3302,Encoder 2500 PPR Differential,Electrical Components,118,pcs,109.52,12923.36
SO-2024-0101-L02,SO-2024-0101,2,MECH-2204,Spindle Bearing Set NSK 7210,Mechanical Parts,36,pcs,241.54,8695.44
SO-2024-0101-L03,SO-2024-0101,3,RAW-4401,Steel HR Coil 3mm S235,Raw Materials,107,MT,738.93,79065.51
SO-2024-0102-L01,SO-2024-0102,1,ELEC-3304,PLC I/O Module 32-channel DI,Electrical Components,69,pcs,365.73,25235.37
SO-2024-0102-L02,SO-2024-0102,2,RAW-4403,Copper Busbar 40×4mm,Raw Materials,39,m,19.44,758.16
SO-2024-0102-L03,SO-2024-0102,3,ELEC-3303,Limit Switch IP67 Stainless,Electrical Components,45,pcs,18.78,845.1
SO-2024-0102-L04,SO-2024-0102,4,ELEC-3301,Servo Drive 5.5kW Siemens-compat,Electrical Components,8,pcs,1918.73,15349.84
SO-2024-0102-L05,SO-2024-0102,5,ELEC-3305,Power Supply 24VDC 20A DIN,Electrical Components,104,pcs,104.83,10902.32
SO-2024-0103-L01,SO-2024-0103,1,MECH-2202,Linear Guide Rail 1500mm,Mechanical Parts,35,pcs,154.33,5401.55
SO-2024-0103-L02,SO-2024-0103,2,MECH-2204,Spindle Bearing Set NSK 7210,Mechanical Parts,109,pcs,249.56,27202.04
SO-2024-0103-L03,SO-2024-0103,3,RAW-4401,Steel HR Coil 3mm S235,Raw Materials,99,MT,695.03,68807.97
SO-2024-0104-L01,SO-2024-0104,1,RAW-4405,HDPE Rod 50mm dia,Raw Materials,35,m,15.56,544.6
SO-2024-0104-L02,SO-2024-0104,2,RAW-4404,Stainless 316L Sheet 2mm,Raw Materials,108,kg,4.61,497.88
SO-2024-0104-L03,SO-2024-0104,3,MECH-2203,Servo Coupling 14/19mm,Mechanical Parts,50,pcs,40.8,2040.0
SO-2024-0104-L04,SO-2024-0104,4,RAW-4403,Copper Busbar 40×4mm,Raw Materials,8,m,23.63,189.04
SO-2024-0105-L01,SO-2024-0105,1,MECH-2204,Spindle Bearing Set NSK 7210,Mechanical Parts,27,pcs,234.52,6332.04
SO-2024-0105-L02,SO-2024-0105,2,RAW-4404,Stainless 316L Sheet 2mm,Raw Materials,16,kg,3.86,61.76
SO-2024-0105-L03,SO-2024-0105,3,RAW-4403,Copper Busbar 40×4mm,Raw Materials,82,m,19.75,1619.5
SO-2024-0105-L04,SO-2024-0105,4,ELEC-3303,Limit Switch IP67 Stainless,Electrical Components,72,pcs,17.82,1283.04
SO-2024-0105-L05,SO-2024-0105,5,ELEC-3304,PLC I/O Module 32-channel DI,Electrical Components,47,pcs,413.43,19431.21
SO-2024-0105-L06,SO-2024-0105,6,MECH-2205,Cast Iron Bed Section Grade 300,Mechanical Parts,30,kg,4.49,134.7
SO-2024-0106-L01,SO-2024-0106,1,MECH-2201,Precision Ball Screw Assy 25mm,Mechanical Parts,80,pcs,408.19,32655.2
SO-2024-0106-L02,SO-2024-0106,2,MECH-2203,Servo Coupling 14/19mm,Mechanical Parts,23,pcs,38.84,893.32
SO-2024-0107-L01,SO-2024-0107,1,ELEC-3305,Power Supply 24VDC 20A DIN,Electrical Components,22,pcs,129.16,2841.52
SO-2024-0107-L02,SO-2024-0107,2,MECH-2202,Linear Guide Rail 1500mm,Mechanical Parts,98,pcs,178.2,17463.6
SO-2024-0107-L03,SO-2024-0107,3,ELEC-3301,Servo Drive 5.5kW Siemens-compat,Electrical Components,106,pcs,1841.78,195228.68
SO-2024-0107-L04,SO-2024-0107,4,MECH-2205,Cast Iron Bed Section Grade 300,Mechanical Parts,67,kg,4.24,284.08
SO-2024-0107-L05,SO-2024-0107,5,RAW-4403,Copper Busbar 40×4mm,Raw Materials,27,m,23.66,638.82
SO-2024-0108-L01,SO-2024-0108,1,RAW-4401,Steel HR Coil 3mm S235,Raw Materials,53,MT,717.61,38033.33
SO-2024-0108-L02,SO-2024-0108,2,ELEC-3305,Power Supply 24VDC 20A DIN,Electrical Components,93,pcs,105.31,9793.83
SO-2024-0108-L03,SO-2024-0108,3,MECH-2203,Servo Coupling 14/19mm,Mechanical Parts,27,pcs,38.2,1031.4
SO-2024-0109-L01,SO-2024-0109,1,ELEC-3305,Power Supply 24VDC 20A DIN,Electrical Components,83,pcs,102.73,8526.59
SO-2024-0109-L02,SO-2024-0109,2,ELEC-3301,Servo Drive 5.5kW Siemens-compat,Electrical Components,77,pcs,1681.23,129454.71
SO-2024-0109-L03,SO-2024-0109,3,RAW-4403,Copper Busbar 40×4mm,Raw Materials,68,m,19.13,1300.84
SO-2024-0110-L01,SO-2024-0110,1,RAW-4401,Steel HR Coil 3mm S235,Raw Materials,90,MT,747.52,67276.8
SO-2024-0110-L02,SO-2024-0110,2,MECH-2202,Linear Guide Rail 1500mm,Mechanical Parts,118,pcs,156.75,18496.5
SO-2024-0110-L03,SO-2024-0110,3,RAW-4402,Aluminium Extrusion 6061-T6,Raw Materials,6,kg,3.14,18.84
SO-2024-0111-L01,SO-2024-0111,1,RAW-4402,Aluminium Extrusion 6061-T6,Raw Materials,11,kg,3.25,35.75
SO-2024-0111-L02,SO-2024-0111,2,MECH-2201,Precision Ball Screw Assy 25mm,Mechanical Parts,98,pcs,396.79,38885.42
SO-2024-0112-L01,SO-2024-0112,1,ELEC-3304,PLC I/O Module 32-channel DI,Electrical Components,105,pcs,409.12,42957.6
SO-2024-0112-L02,SO-2024-0112,2,ELEC-3302,Encoder 2500 PPR Differential,Electrical Components,88,pcs,108.47,9545.36
SO-2024-0112-L03,SO-2024-0112,3,MECH-2202,Linear Guide Rail 1500mm,Mechanical Parts,33,pcs,150.69,4972.77
SO-2024-0112-L04,SO-2024-0112,4,ELEC-3303,Limit Switch IP67 Stainless,Electrical Components,14,pcs,20.39,285.46
SO-2024-0113-L01,SO-2024-0113,1,MECH-2202,Linear Guide Rail 1500mm,Mechanical Parts,26,pcs,176.08,4578.08
SO-2024-0113-L02,SO-2024-0113,2,ELEC-3301,Servo Drive 5.5kW Siemens-compat,Electrical Components,25,pcs,1869.6,46740.0
SO-2024-0114-L01,SO-2024-0114,1,ELEC-3305,Power Supply 24VDC 20A DIN,Electrical Components,82,pcs,126.14,10343.48
SO-2024-0114-L02,SO-2024-0114,2,ELEC-3303,Limit Switch IP67 Stainless,Electrical Components,25,pcs,14.43,360.75
SO-2024-0114-L03,SO-2024-0114,3,RAW-4402,Aluminium Extrusion 6061-T6,Raw Materials,47,kg,3.08,144.76
SO-2024-0114-L04,SO-2024-0114,4,MECH-2201,Precision Ball Screw Assy 25mm,Mechanical Parts,29,pcs,396.37,11494.73
SO-2024-0114-L05,SO-2024-0114,5,ELEC-3302,Encoder 2500 PPR Differential,Electrical Components,75,pcs,107.5,8062.5
SO-2024-0114-L06,SO-2024-0114,6,MECH-2203,Servo Coupling 14/19mm,Mechanical Parts,98,pcs,35.56,3484.88
SO-2024-0115-L01,SO-2024-0115,1,ELEC-3302,Encoder 2500 PPR Differential,Electrical Components,75,pcs,110.68,8301.0
SO-2024-0115-L02,SO-2024-0115,2,ELEC-3305,Power Supply 24VDC 20A DIN,Electrical Components,24,pcs,96.91,2325.84
SO-2024-0116-L01,SO-2024-0116,1,MECH-2202,Linear Guide Rail 1500mm,Mechanical Parts,26,pcs,167.34,4350.84
SO-2024-0116-L02,SO-2024-0116,2,MECH-2201,Precision Ball Screw Assy 25mm,Mechanical Parts,15,pcs,398.94,5984.1
SO-2024-0116-L03,SO-2024-0116,3,MECH-2204,Spindle Bearing Set NSK 7210,Mechanical Parts,19,pcs,225.42,4282.98
SO-2024-0117-L01,SO-2024-0117,1,RAW-4401,Steel HR Coil 3mm S235,Raw Materials,54,MT,706.64,38158.56
SO-2024-0117-L02,SO-2024-0117,2,ELEC-3304,PLC I/O Module 32-channel DI,Electrical Components,118,pcs,370.52,43721.36
SO-2024-0118-L01,SO-2024-0118,1,MECH-2205,Cast Iron Bed Section Grade 300,Mechanical Parts,24,kg,4.4,105.6
SO-2024-0118-L02,SO-2024-0118,2,MECH-2204,Spindle Bearing Set NSK 7210,Mechanical Parts,90,pcs,214.84,19335.6
SO-2024-0118-L03,SO-2024-0118,3,RAW-4405,HDPE Rod 50mm dia,Raw Materials,90,m,14.06,1265.4
SO-2024-0118-L04,SO-2024-0118,4,ELEC-3305,Power Supply 24VDC 20A DIN,Electrical Components,74,pcs,109.49,8102.26
SO-2024-0118-L05,SO-2024-0118,5,MECH-2201,Precision Ball Screw Assy 25mm,Mechanical Parts,101,pcs,403.59,40762.59
SO-2024-0119-L01,SO-2024-0119,1,ELEC-3304,PLC I/O Module 32-channel DI,Electrical Components,65,pcs,363.91,23654.15
SO-2024-0119-L02,SO-2024-0119,2,RAW-4401,Steel HR Coil 3mm S235,Raw Materials,55,MT,771.25,42418.75
SO-2024-0119-L03,SO-2024-0119,3,ELEC-3303,Limit Switch IP67 Stainless,Electrical Components,96,pcs,14.28,1370.88
SO-2024-0119-L04,SO-2024-0119,4,ELEC-3305,Power Supply 24VDC 20A DIN,Electrical Components,78,pcs,126.52,9868.56
SO-2024-0119-L05,SO-2024-0119,5,MECH-2204,Spindle Bearing Set NSK 7210,Mechanical Parts,107,pcs,238.57,25526.99
SO-2024-0120-L01,SO-2024-0120,1,MECH-2203,Servo Coupling 14/19mm,Mechanical Parts,29,pcs,29.77,863.33
SO-2024-0120-L02,SO-2024-0120,2,MECH-2204,Spindle Bearing Set NSK 7210,Mechanical Parts,59,pcs,213.92,12621.28
SO-2024-0120-L03,SO-2024-0120,3,RAW-4403,Copper Busbar 40×4mm,Raw Materials,92,m,21.48,1976.16
SO-2024-0121-L01,SO-2024-0121,1,RAW-4405,HDPE Rod 50mm dia,Raw Materials,16,m,14.33,229.28
SO-2024-0121-L02,SO-2024-0121,2,RAW-4402,Aluminium Extrusion 6061-T6,Raw Materials,55,kg,3.4,187.0
SO-2024-0121-L03,SO-2024-0121,3,RAW-4403,Copper Busbar 40×4mm,Raw Materials,114,m,20.21,2303.94
SO-2024-0121-L04,SO-2024-0121,4,MECH-2202,Linear Guide Rail 1500mm,Mechanical Parts,63,pcs,177.1,11157.3
SO-2024-0122-L01,SO-2024-0122,1,MECH-2202,Linear Guide Rail 1500mm,Mechanical Parts,80,pcs,165.39,13231.2
SO-2024-0122-L02,SO-2024-0122,2,ELEC-3302,Encoder 2500 PPR Differential,Electrical Components,17,pcs,112.97,1920.49
SO-2024-0122-L03,SO-2024-0122,3,MECH-2203,Servo Coupling 14/19mm,Mechanical Parts,77,pcs,38.91,2996.07
SO-2024-0122-L04,SO-2024-0122,4,RAW-4403,Copper Busbar 40×4mm,Raw Materials,105,m,20.29,2130.45
SO-2024-0122-L05,SO-2024-0122,5,ELEC-3305,Power Supply 24VDC 20A DIN,Electrical Components,73,pcs,125.8,9183.4
SO-2024-0123-L01,SO-2024-0123,1,ELEC-3305,Power Supply 24VDC 20A DIN,Electrical Components,23,pcs,116.64,2682.72
SO-2024-0123-L02,SO-2024-0123,2,ELEC-3303,Limit Switch IP67 Stainless,Electrical Components,92,pcs,19.55,1798.6
SO-2024-0123-L03,SO-2024-0123,3,MECH-2201,Precision Ball Screw Assy 25mm,Mechanical Parts,9,pcs,395.83,3562.47
SO-2024-0123-L04,SO-2024-0123,4,MECH-2203,Servo Coupling 14/19mm,Mechanical Parts,117,pcs,32.64,3818.88
SO-2024-0123-L05,SO-2024-0123,5,MECH-2205,Cast Iron Bed Section Grade 300,Mechanical Parts,35,kg,3.28,114.8
SO-2024-0123-L06,SO-2024-0123,6,ELEC-3302,Encoder 2500 PPR Differential,Electrical Components,65,pcs,112.86,7335.9
SO-2024-0124-L01,SO-2024-0124,1,MECH-2205,Cast Iron Bed Section Grade 300,Mechanical Parts,92,kg,3.36,309.12
SO-2024-0124-L02,SO-2024-0124,2,RAW-4404,Stainless 316L Sheet 2mm,Raw Materials,116,kg,4.05,469.8
SO-2024-0124-L03,SO-2024-0124,3,ELEC-3303,Limit Switch IP67 Stainless,Electrical Components,43,pcs,21.79,936.97
SO-2024-0124-L04,SO-2024-0124,4,RAW-4402,Aluminium Extrusion 6061-T6,Raw Materials,61,kg,3.6,219.6
SO-2024-0125-L01,SO-2024-0125,1,ELEC-3303,Limit Switch IP67 Stainless,Electrical Components,99,pcs,17.88,1770.12
SO-2024-0125-L02,SO-2024-0125,2,MECH-2204,Spindle Bearing Set NSK 7210,Mechanical Parts,71,pcs,253.36,17988.56
SO-2024-0125-L03,SO-2024-0125,3,ELEC-3302,Encoder 2500 PPR Differential,Electrical Components,110,pcs,89.52,9847.2
SO-2024-0126-L01,SO-2024-0126,1,MECH-2203,Servo Coupling 14/19mm,Mechanical Parts,27,pcs,30.7,828.9
SO-2024-0126-L02,SO-2024-0126,2,RAW-4403,Copper Busbar 40×4mm,Raw Materials,111,m,19.61,2176.71
SO-2024-0126-L03,SO-2024-0126,3,ELEC-3304,PLC I/O Module 32-channel DI,Electrical Components,12,pcs,359.96,4319.52
SO-2024-0126-L04,SO-2024-0126,4,ELEC-3305,Power Supply 24VDC 20A DIN,Electrical Components,63,pcs,96.77,6096.51
SO-2024-0126-L05,SO-2024-0126,5,MECH-2201,Precision Ball Screw Assy 25mm,Mechanical Parts,51,pcs,408.19,20817.69
SO-2024-0127-L01,SO-2024-0127,1,RAW-4401,Steel HR Coil 3mm S235,Raw Materials,52,MT,733.99,38167.48
SO-2024-0127-L02,SO-2024-0127,2,MECH-2202,Linear Guide Rail 1500mm,Mechanical Parts,62,pcs,151.22,9375.64
SO-2024-0127-L03,SO-2024-0127,3,RAW-4405,HDPE Rod 50mm dia,Raw Materials,116,m,14.85,1722.6
SO-2024-0127-L04,SO-2024-0127,4,MECH-2201,Precision Ball Screw Assy 25mm,Mechanical Parts,75,pcs,393.99,29549.25
SO-2024-0127-L05,SO-2024-0127,5,MECH-2204,Spindle Bearing Set NSK 7210,Mechanical Parts,25,pcs,251.88,6297.0
SO-2024-0128-L01,SO-2024-0128,1,MECH-2201,Precision Ball Screw Assy 25mm,Mechanical Parts,114,pcs,402.89,45929.46
SO-2024-0128-L02,SO-2024-0128,2,ELEC-3302,Encoder 2500 PPR Differential,Electrical Components,32,pcs,111.14,3556.48
SO-2024-0128-L03,SO-2024-0128,3,RAW-4405,HDPE Rod 50mm dia,Raw Materials,87,m,13.35,1161.45
SO-2024-0128-L04,SO-2024-0128,4,MECH-2203,Servo Coupling 14/19mm,Mechanical Parts,31,pcs,31.77,984.87
SO-2024-0129-L01,SO-2024-0129,1,RAW-4405,HDPE Rod 50mm dia,Raw Materials,107,m,12.05,1289.35
SO-2024-0129-L02,SO-2024-0129,2,MECH-2203,Servo Coupling 14/19mm,Mechanical Parts,37,pcs,36.52,1351.24
SO-2024-0129-L03,SO-2024-0129,3,RAW-4401,Steel HR Coil 3mm S235,Raw Materials,44,MT,754.15,33182.6
SO-2024-0129-L04,SO-2024-0129,4,RAW-4404,Stainless 316L Sheet 2mm,Raw Materials,95,kg,4.51,428.45
SO-2024-0129-L05,SO-2024-0129,5,ELEC-3305,Power Supply 24VDC 20A DIN,Electrical Components,59,pcs,126.34,7454.06
SO-2024-0130-L01,SO-2024-0130,1,RAW-4401,Steel HR Coil 3mm S235,Raw Materials,79,MT,699.21,55237.59
SO-2024-0130-L02,SO-2024-0130,2,ELEC-3304,PLC I/O Module 32-channel DI,Electrical Components,70,pcs,419.95,29396.5
SO-2024-0130-L03,SO-2024-0130,3,ELEC-3305,Power Supply 24VDC 20A DIN,Electrical Components,112,pcs,124.38,13930.56
SO-2024-0130-L04,SO-2024-0130,4,ELEC-3302,Encoder 2500 PPR Differential,Electrical Components,76,pcs,105.48,8016.48
SO-2024-0131-L01,SO-2024-0131,1,MECH-2202,Linear Guide Rail 1500mm,Mechanical Parts,115,pcs,154.69,17789.35
SO-2024-0131-L02,SO-2024-0131,2,ELEC-3301,Servo Drive 5.5kW Siemens-compat,Electrical Components,88,pcs,1863.33,163973.04
SO-2024-0131-L03,SO-2024-0131,3,MECH-2205,Cast Iron Bed Section Grade 300,Mechanical Parts,119,kg,4.24,504.56
SO-2024-0131-L04,SO-2024-0131,4,RAW-4401,Steel HR Coil 3mm S235,Raw Materials,29,MT,703.49,20401.21
SO-2024-0131-L05,SO-2024-0131,5,RAW-4404,Stainless 316L Sheet 2mm,Raw Materials,102,kg,4.06,414.12
SO-2024-0132-L01,SO-2024-0132,1,RAW-4401,Steel HR Coil 3mm S235,Raw Materials,88,MT,734.76,64658.88
SO-2024-0132-L02,SO-2024-0132,2,MECH-2203,Servo Coupling 14/19mm,Mechanical Parts,42,pcs,31.63,1328.46
SO-2024-0132-L03,SO-2024-0132,3,RAW-4402,Aluminium Extrusion 6061-T6,Raw Materials,58,kg,3.26,189.08
SO-2024-0132-L04,SO-2024-0132,4,MECH-2201,Precision Ball Screw Assy 25mm,Mechanical Parts,99,pcs,381.41,37759.59
SO-2024-0133-L01,SO-2024-0133,1,RAW-4402,Aluminium Extrusion 6061-T6,Raw Materials,73,kg,3.47,253.31
SO-2024-0133-L02,SO-2024-0133,2,RAW-4405,HDPE Rod 50mm dia,Raw Materials,65,m,17.44,1133.6
SO-2024-0133-L03,SO-2024-0133,3,MECH-2204,Spindle Bearing Set NSK 7210,Mechanical Parts,90,pcs,227.92,20512.8
SO-2024-0133-L04,SO-2024-0133,4,RAW-4401,Steel HR Coil 3mm S235,Raw Materials,43,MT,766.09,32941.87
SO-2024-0134-L01,SO-2024-0134,1,ELEC-3303,Limit Switch IP67 Stainless,Electrical Components,99,pcs,16.07,1590.93
SO-2024-0134-L02,SO-2024-0134,2,MECH-2203,Servo Coupling 14/19mm,Mechanical Parts,108,pcs,35.83,3869.64
SO-2024-0135-L01,SO-2024-0135,1,MECH-2204,Spindle Bearing Set NSK 7210,Mechanical Parts,33,pcs,247.21,8157.93
SO-2024-0135-L02,SO-2024-0135,2,ELEC-3301,Servo Drive 5.5kW Siemens-compat,Electrical Components,44,pcs,1776.14,78150.16
SO-2024-0136-L01,SO-2024-0136,1,RAW-4404,Stainless 316L Sheet 2mm,Raw Materials,79,kg,4.44,350.76
SO-2024-0136-L02,SO-2024-0136,2,MECH-2202,Linear Guide Rail 1500mm,Mechanical Parts,84,pcs,147.49,12389.16
SO-2024-0136-L03,SO-2024-0136,3,ELEC-3303,Limit Switch IP67 Stainless,Electrical Components,118,pcs,15.56,1836.08
SO-2024-0136-L04,SO-2024-0136,4,MECH-2201,Precision Ball Screw Assy 25mm,Mechanical Parts,20,pcs,414.7,8294.0
SO-2024-0136-L05,SO-2024-0136,5,RAW-4401,Steel HR Coil 3mm S235,Raw Materials,53,MT,737.69,39097.57
SO-2024-0137-L01,SO-2024-0137,1,MECH-2204,Spindle Bearing Set NSK 7210,Mechanical Parts,77,pcs,254.64,19607.28
SO-2024-0137-L02,SO-2024-0137,2,ELEC-3301,Servo Drive 5.5kW Siemens-compat,Electrical Components,63,pcs,1692.97,106657.11
SO-2024-0137-L03,SO-2024-0137,3,ELEC-3302,Encoder 2500 PPR Differential,Electrical Components,115,pcs,107.32,12341.8
SO-2024-0138-L01,SO-2024-0138,1,RAW-4401,Steel HR Coil 3mm S235,Raw Materials,40,MT,708.84,28353.6
SO-2024-0138-L02,SO-2024-0138,2,MECH-2201,Precision Ball Screw Assy 25mm,Mechanical Parts,104,pcs,386.74,40220.96
SO-2024-0138-L03,SO-2024-0138,3,RAW-4404,Stainless 316L Sheet 2mm,Raw Materials,102,kg,3.97,404.94
SO-2024-0138-L04,SO-2024-0138,4,ELEC-3303,Limit Switch IP67 Stainless,Electrical Components,105,pcs,20.11,2111.55
SO-2024-0139-L01,SO-2024-0139,1,ELEC-3302,Encoder 2500 PPR Differential,Electrical Components,73,pcs,93.38,6816.74
SO-2024-0139-L02,SO-2024-0139,2,ELEC-3303,Limit Switch IP67 Stainless,Electrical Components,52,pcs,21.6,1123.2
SO-2024-0139-L03,SO-2024-0139,3,RAW-4405,HDPE Rod 50mm dia,Raw Materials,119,m,13.93,1657.67
SO-2024-0139-L04,SO-2024-0139,4,MECH-2201,Precision Ball Screw Assy 25mm,Mechanical Parts,111,pcs,401.24,44537.64
SO-2024-0139-L05,SO-2024-0139,5,RAW-4402,Aluminium Extrusion 6061-T6,Raw Materials,7,kg,3.51,24.57
SO-2024-0140-L01,SO-2024-0140,1,MECH-2203,Servo Coupling 14/19mm,Mechanical Parts,80,pcs,32.29,2583.2
SO-2024-0140-L02,SO-2024-0140,2,MECH-2202,Linear Guide Rail 1500mm,Mechanical Parts,13,pcs,173.83,2259.79
SO-2024-0140-L03,SO-2024-0140,3,ELEC-3302,Encoder 2500 PPR Differential,Electrical Components,43,pcs,113.61,4885.23
SO-2024-0140-L04,SO-2024-0140,4,ELEC-3304,PLC I/O Module 32-channel DI,Electrical Components,63,pcs,398.23,25088.49
SO-2024-0141-L01,SO-2024-0141,1,RAW-4405,HDPE Rod 50mm dia,Raw Materials,26,m,17.69,459.94
SO-2024-0141-L02,SO-2024-0141,2,ELEC-3303,Limit Switch IP67 Stainless,Electrical Components,108,pcs,17.23,1860.84
SO-2024-0141-L03,SO-2024-0141,3,ELEC-3301,Servo Drive 5.5kW Siemens-compat,Electrical Components,34,pcs,1717.3,58388.2
SO-2024-0141-L04,SO-2024-0141,4,MECH-2204,Spindle Bearing Set NSK 7210,Mechanical Parts,21,pcs,220.56,4631.76
SO-2024-0142-L01,SO-2024-0142,1,RAW-4402,Aluminium Extrusion 6061-T6,Raw Materials,53,kg,3.69,195.57
SO-2024-0142-L02,SO-2024-0142,2,RAW-4401,Steel HR Coil 3mm S235,Raw Materials,37,MT,759.41,28098.17
SO-2024-0142-L03,SO-2024-0142,3,RAW-4403,Copper Busbar 40×4mm,Raw Materials,84,m,18.39,1544.76
SO-2024-0142-L04,SO-2024-0142,4,MECH-2201,Precision Ball Screw Assy 25mm,Mechanical Parts,11,pcs,406.48,4471.28
SO-2024-0143-L01,SO-2024-0143,1,ELEC-3303,Limit Switch IP67 Stainless,Electrical Components,65,pcs,19.61,1274.65
SO-2024-0143-L02,SO-2024-0143,2,ELEC-3302,Encoder 2500 PPR Differential,Electrical Components,31,pcs,106.77,3309.87
SO-2024-0143-L03,SO-2024-0143,3,MECH-2202,Linear Guide Rail 1500mm,Mechanical Parts,85,pcs,145.33,12353.05
SO-2024-0143-L04,SO-2024-0143,4,ELEC-3304,PLC I/O Module 32-channel DI,Electrical Components,58,pcs,392.93,22789.94
SO-2024-0143-L05,SO-2024-0143,5,MECH-2205,Cast Iron Bed Section Grade 300,Mechanical Parts,89,kg,4.03,358.67
SO-2024-0144-L01,SO-2024-0144,1,ELEC-3304,PLC I/O Module 32-channel DI,Electrical Components,84,pcs,349.42,29351.28
SO-2024-0144-L02,SO-2024-0144,2,RAW-4402,Aluminium Extrusion 6061-T6,Raw Materials,19,kg,3.61,68.59
SO-2024-0145-L01,SO-2024-0145,1,MECH-2204,Spindle Bearing Set NSK 7210,Mechanical Parts,10,pcs,237.41,2374.1
SO-2024-0145-L02,SO-2024-0145,2,ELEC-3301,Servo Drive 5.5kW Siemens-compat,Electrical Components,31,pcs,1856.46,57550.26
SO-2024-0145-L03,SO-2024-0145,3,RAW-4402,Aluminium Extrusion 6061-T6,Raw Materials,66,kg,3.2,211.2
SO-2024-0145-L04,SO-2024-0145,4,ELEC-3302,Encoder 2500 PPR Differential,Electrical Components,5,pcs,88.34,441.7
SO-2024-0145-L05,SO-2024-0145,5,MECH-2205,Cast Iron Bed Section Grade 300,Mechanical Parts,16,kg,4.65,74.4
SO-2024-0145-L06,SO-2024-0145,6,MECH-2203,Servo Coupling 14/19mm,Mechanical Parts,111,pcs,36.04,4000.44
SO-2024-0146-L01,SO-2024-0146,1,RAW-4402,Aluminium Extrusion 6061-T6,Raw Materials,17,kg,3.71,63.07
SO-2024-0146-L02,SO-2024-0146,2,RAW-4405,HDPE Rod 50mm dia,Raw Materials,87,m,13.39,1164.93
SO-2024-0147-L01,SO-2024-0147,1,RAW-4404,Stainless 316L Sheet 2mm,Raw Materials,51,kg,4.68,238.68
SO-2024-0147-L02,SO-2024-0147,2,MECH-2201,Precision Ball Screw Assy 25mm,Mechanical Parts,45,pcs,397.04,17866.8
SO-2024-0147-L03,SO-2024-0147,3,MECH-2205,Cast Iron Bed Section Grade 300,Mechanical Parts,19,kg,3.35,63.65
SO-2024-0148-L01,SO-2024-0148,1,ELEC-3301,Servo Drive 5.5kW Siemens-compat,Electrical Components,117,pcs,1869.92,218780.64
SO-2024-0148-L02,SO-2024-0148,2,ELEC-3303,Limit Switch IP67 Stainless,Electrical Components,52,pcs,20.52,1067.04
SO-2024-0148-L03,SO-2024-0148,3,ELEC-3305,Power Supply 24VDC 20A DIN,Electrical Components,28,pcs,98.98,2771.44
SO-2024-0148-L04,SO-2024-0148,4,MECH-2205,Cast Iron Bed Section Grade 300,Mechanical Parts,56,kg,4.74,265.44
SO-2024-0149-L01,SO-2024-0149,1,RAW-4401,Steel HR Coil 3mm S235,Raw Materials,94,MT,755.38,71005.72
SO-2024-0149-L02,SO-2024-0149,2,RAW-4403,Copper Busbar 40×4mm,Raw Materials,113,m,19.28,2178.64
SO-2024-0149-L03,SO-2024-0149,3,MECH-2203,Servo Coupling 14/19mm,Mechanical Parts,58,pcs,40.76,2364.08
SO-2024-0149-L04,SO-2024-0149,4,MECH-2202,Linear Guide Rail 1500mm,Mechanical Parts,66,pcs,173.08,11423.28
SO-2024-0149-L05,SO-2024-0149,5,RAW-4404,Stainless 316L Sheet 2mm,Raw Materials,91,kg,4.28,389.48
SO-2024-0150-L01,SO-2024-0150,1,ELEC-3303,Limit Switch IP67 Stainless,Electrical Components,118,pcs,17.29,2040.22
SO-2024-0150-L02,SO-2024-0150,2,RAW-4405,HDPE Rod 50mm dia,Raw Materials,10,m,12.38,123.8
SO-2024-0150-L03,SO-2024-0150,3,MECH-2202,Linear Guide Rail 1500mm,Mechanical Parts,88,pcs,156.0,13728.0
SO-2024-0151-L01,SO-2024-0151,1,ELEC-3304,PLC I/O Module 32-channel DI,Electrical Components,84,pcs,347.62,29200.08
SO-2024-0151-L02,SO-2024-0151,2,RAW-4405,HDPE Rod 50mm dia,Raw Materials,89,m,16.36,1456.04
SO-2024-0151-L03,SO-2024-0151,3,RAW-4402,Aluminium Extrusion 6061-T6,Raw Materials,66,kg,3.21,211.86
SO-2024-0151-L04,SO-2024-0151,4,RAW-4403,Copper Busbar 40×4mm,Raw Materials,91,m,23.13,2104.83
SO-2024-0152-L01,SO-2024-0152,1,RAW-4401,Steel HR Coil 3mm S235,Raw Materials,69,MT,766.4,52881.6
SO-2024-0152-L02,SO-2024-0152,2,MECH-2203,Servo Coupling 14/19mm,Mechanical Parts,114,pcs,34.94,3983.16
SO-2024-0153-L01,SO-2024-0153,1,ELEC-3301,Servo Drive 5.5kW Siemens-compat,Electrical Components,69,pcs,1716.81,118459.89
SO-2024-0153-L02,SO-2024-0153,2,MECH-2205,Cast Iron Bed Section Grade 300,Mechanical Parts,87,kg,3.81,331.47
SO-2024-0153-L03,SO-2024-0153,3,MECH-2201,Precision Ball Screw Assy 25mm,Mechanical Parts,109,pcs,389.4,42444.6
SO-2024-0154-L01,SO-2024-0154,1,RAW-4404,Stainless 316L Sheet 2mm,Raw Materials,62,kg,4.15,257.3
SO-2024-0154-L02,SO-2024-0154,2,ELEC-3303,Limit Switch IP67 Stainless,Electrical Components,68,pcs,19.96,1357.28
SO-2024-0155-L01,SO-2024-0155,1,ELEC-3304,PLC I/O Module 32-channel DI,Electrical Components,118,pcs,380.67,44919.06
SO-2024-0155-L02,SO-2024-0155,2,MECH-2201,Precision Ball Screw Assy 25mm,Mechanical Parts,31,pcs,406.18,12591.58
SO-2024-0155-L03,SO-2024-0155,3,MECH-2202,Linear Guide Rail 1500mm,Mechanical Parts,63,pcs,178.26,11230.38
SO-2024-0155-L04,SO-2024-0155,4,ELEC-3305,Power Supply 24VDC 20A DIN,Electrical Components,51,pcs,123.89,6318.39
SO-2024-0155-L05,SO-2024-0155,5,RAW-4402,Aluminium Extrusion 6061-T6,Raw Materials,109,kg,3.1,337.9
SO-2024-0155-L06,SO-2024-0155,6,MECH-2205,Cast Iron Bed Section Grade 300,Mechanical Parts,63,kg,3.73,234.99
SO-2024-0156-L01,SO-2024-0156,1,MECH-2202,Linear Guide Rail 1500mm,Mechanical Parts,5,pcs,156.95,784.75
SO-2024-0156-L02,SO-2024-0156,2,RAW-4405,HDPE Rod 50mm dia,Raw Materials,111,m,15.8,1753.8
SO-2024-0156-L03,SO-2024-0156,3,RAW-4403,Copper Busbar 40×4mm,Raw Materials,107,m,20.34,2176.38
SO-2024-0156-L04,SO-2024-0156,4,RAW-4401,Steel HR Coil 3mm S235,Raw Materials,71,MT,723.65,51379.15
SO-2024-0156-L05,SO-2024-0156,5,MECH-2204,Spindle Bearing Set NSK 7210,Mechanical Parts,18,pcs,212.29,3821.22
SO-2024-0157-L01,SO-2024-0157,1,MECH-2205,Cast Iron Bed Section Grade 300,Mechanical Parts,30,kg,3.5,105.0
SO-2024-0157-L02,SO-2024-0157,2,ELEC-3305,Power Supply 24VDC 20A DIN,Electrical Components,114,pcs,108.75,12397.5
SO-2024-0158-L01,SO-2024-0158,1,RAW-4403,Copper Busbar 40×4mm,Raw Materials,10,m,25.41,254.1
SO-2024-0158-L02,SO-2024-0158,2,ELEC-3302,Encoder 2500 PPR Differential,Electrical Components,112,pcs,106.15,11888.8
SO-2024-0159-L01,SO-2024-0159,1,ELEC-3304,PLC I/O Module 32-channel DI,Electrical Components,75,pcs,414.82,31111.5
SO-2024-0159-L02,SO-2024-0159,2,MECH-2203,Servo Coupling 14/19mm,Mechanical Parts,112,pcs,36.19,4053.28
SO-2024-0159-L03,SO-2024-0159,3,ELEC-3303,Limit Switch IP67 Stainless,Electrical Components,70,pcs,20.25,1417.5
SO-2024-0159-L04,SO-2024-0159,4,MECH-2201,Precision Ball Screw Assy 25mm,Mechanical Parts,27,pcs,407.67,11007.09
SO-2024-0159-L05,SO-2024-0159,5,RAW-4405,HDPE Rod 50mm dia,Raw Materials,27,m,16.38,442.26
SO-2024-0159-L06,SO-2024-0159,6,RAW-4402,Aluminium Extrusion 6061-T6,Raw Materials,21,kg,2.99,62.79
SO-2024-0160-L01,SO-2024-0160,1,RAW-4405,HDPE Rod 50mm dia,Raw Materials,55,m,17.78,977.9
SO-2024-0160-L02,SO-2024-0160,2,ELEC-3302,Encoder 2500 PPR Differential,Electrical Components,42,pcs,100.23,4209.66
SO-2024-0160-L03,SO-2024-0160,3,RAW-4404,Stainless 316L Sheet 2mm,Raw Materials,22,kg,3.95,86.9
SO-2024-0160-L04,SO-2024-0160,4,ELEC-3305,Power Supply 24VDC 20A DIN,Electrical Components,82,pcs,119.5,9799.0
SO-2024-0160-L05,SO-2024-0160,5,MECH-2204,Spindle Bearing Set NSK 7210,Mechanical Parts,100,pcs,235.61,23561.0
SO-2024-0160-L06,SO-2024-0160,6,MECH-2205,Cast Iron Bed Section Grade 300,Mechanical Parts,112,kg,4.32,483.84
SO-2024-0161-L01,SO-2024-0161,1,MECH-2204,Spindle Bearing Set NSK 7210,Mechanical Parts,96,pcs,224.53,21554.88
SO-2024-0161-L02,SO-2024-0161,2,RAW-4405,HDPE Rod 50mm dia,Raw Materials,49,m,17.53,858.97
SO-2024-0161-L03,SO-2024-0161,3,ELEC-3305,Power Supply 24VDC 20A DIN,Electrical Components,21,pcs,129.35,2716.35
SO-2024-0162-L01,SO-2024-0162,1,RAW-4402,Aluminium Extrusion 6061-T6,Raw Materials,76,kg,3.33,253.08
SO-2024-0162-L02,SO-2024-0162,2,RAW-4401,Steel HR Coil 3mm S235,Raw Materials,78,MT,774.84,60437.52
SO-2024-0162-L03,SO-2024-0162,3,ELEC-3301,Servo Drive 5.5kW Siemens-compat,Electrical Components,95,pcs,1775.24,168647.8
SO-2024-0162-L04,SO-2024-0162,4,RAW-4405,HDPE Rod 50mm dia,Raw Materials,100,m,17.36,1736.0
SO-2024-0162-L05,SO-2024-0162,5,MECH-2202,Linear Guide Rail 1500mm,Mechanical Parts,73,pcs,155.01,11315.73
SO-2024-0162-L06,SO-2024-0162,6,RAW-4403,Copper Busbar 40×4mm,Raw Materials,113,m,21.38,2415.94
SO-2024-0163-L01,SO-2024-0163,1,MECH-2201,Precision Ball Screw Assy 25mm,Mechanical Parts,30,pcs,390.68,11720.4
SO-2024-0163-L02,SO-2024-0163,2,RAW-4401,Steel HR Coil 3mm S235,Raw Materials,105,MT,704.48,73970.4
SO-2024-0163-L03,SO-2024-0163,3,RAW-4405,HDPE Rod 50mm dia,Raw Materials,41,m,16.1,660.1
SO-2024-0164-L01,SO-2024-0164,1,RAW-4403,Copper Busbar 40×4mm,Raw Materials,50,m,24.51,1225.5
SO-2024-0164-L02,SO-2024-0164,2,ELEC-3304,PLC I/O Module 32-channel DI,Electrical Components,18,pcs,389.29,7007.22
SO-2024-0164-L03,SO-2024-0164,3,MECH-2201,Precision Ball Screw Assy 25mm,Mechanical Parts,91,pcs,409.58,37271.78
SO-2024-0165-L01,SO-2024-0165,1,ELEC-3304,PLC I/O Module 32-channel DI,Electrical Components,107,pcs,395.69,42338.83
SO-2024-0165-L02,SO-2024-0165,2,RAW-4403,Copper Busbar 40×4mm,Raw Materials,93,m,23.32,2168.76
SO-2024-0165-L03,SO-2024-0165,3,RAW-4404,Stainless 316L Sheet 2mm,Raw Materials,53,kg,4.23,224.19
SO-2024-0166-L01,SO-2024-0166,1,RAW-4402,Aluminium Extrusion 6061-T6,Raw Materials,30,kg,3.46,103.8
SO-2024-0166-L02,SO-2024-0166,2,MECH-2205,Cast Iron Bed Section Grade 300,Mechanical Parts,104,kg,4.58,476.32
SO-2024-0167-L01,SO-2024-0167,1,ELEC-3304,PLC I/O Module 32-channel DI,Electrical Components,62,pcs,354.19,21959.78
SO-2024-0167-L02,SO-2024-0167,2,RAW-4402,Aluminium Extrusion 6061-T6,Raw Materials,92,kg,2.97,273.24
SO-2024-0167-L03,SO-2024-0167,3,ELEC-3305,Power Supply 24VDC 20A DIN,Electrical Components,27,pcs,120.73,3259.71
SO-2024-0167-L04,SO-2024-0167,4,MECH-2204,Spindle Bearing Set NSK 7210,Mechanical Parts,20,pcs,228.86,4577.2
SO-2024-0167-L05,SO-2024-0167,5,RAW-4404,Stainless 316L Sheet 2mm,Raw Materials,59,kg,4.11,242.49
SO-2024-0167-L06,SO-2024-0167,6,MECH-2205,Cast Iron Bed Section Grade 300,Mechanical Parts,38,kg,3.41,129.58
SO-2024-0168-L01,SO-2024-0168,1,RAW-4402,Aluminium Extrusion 6061-T6,Raw Materials,81,kg,2.95,238.95
SO-2024-0168-L02,SO-2024-0168,2,MECH-2203,Servo Coupling 14/19mm,Mechanical Parts,85,pcs,36.62,3112.7
SO-2024-0168-L03,SO-2024-0168,3,MECH-2201,Precision Ball Screw Assy 25mm,Mechanical Parts,89,pcs,392.05,34892.45
SO-2024-0168-L04,SO-2024-0168,4,RAW-4404,Stainless 316L Sheet 2mm,Raw Materials,106,kg,4.43,469.58
SO-2024-0168-L05,SO-2024-0168,5,ELEC-3301,Servo Drive 5.5kW Siemens-compat,Electrical Components,50,pcs,1671.86,83593.0
SO-2024-0169-L01,SO-2024-0169,1,MECH-2202,Linear Guide Rail 1500mm,Mechanical Parts,73,pcs,159.12,11615.76
SO-2024-0169-L02,SO-2024-0169,2,RAW-4403,Copper Busbar 40×4mm,Raw Materials,49,m,19.77,968.73
SO-2024-0169-L03,SO-2024-0169,3,ELEC-3304,PLC I/O Module 32-channel DI,Electrical Components,32,pcs,393.07,12578.24
SO-2024-0169-L04,SO-2024-0169,4,MECH-2203,Servo Coupling 14/19mm,Mechanical Parts,47,pcs,33.05,1553.35
SO-2024-0169-L05,SO-2024-0169,5,ELEC-3302,Encoder 2500 PPR Differential,Electrical Components,32,pcs,113.66,3637.12
SO-2024-0169-L06,SO-2024-0169,6,RAW-4404,Stainless 316L Sheet 2mm,Raw Materials,84,kg,4.38,367.92
SO-2024-0170-L01,SO-2024-0170,1,RAW-4401,Steel HR Coil 3mm S235,Raw Materials,62,MT,711.63,44121.06
SO-2024-0170-L02,SO-2024-0170,2,ELEC-3301,Servo Drive 5.5kW Siemens-compat,Electrical Components,87,pcs,1834.11,159567.57
SO-2024-0171-L01,SO-2024-0171,1,RAW-4405,HDPE Rod 50mm dia,Raw Materials,74,m,16.34,1209.16
SO-2024-0171-L02,SO-2024-0171,2,RAW-4403,Copper Busbar 40×4mm,Raw Materials,8,m,25.29,202.32
SO-2024-0171-L03,SO-2024-0171,3,MECH-2202,Linear Guide Rail 1500mm,Mechanical Parts,110,pcs,171.97,18916.7
SO-2024-0171-L04,SO-2024-0171,4,ELEC-3302,Encoder 2500 PPR Differential,Electrical Components,70,pcs,109.68,7677.6
SO-2024-0171-L05,SO-2024-0171,5,MECH-2205,Cast Iron Bed Section Grade 300,Mechanical Parts,62,kg,3.98,246.76
SO-2024-0172-L01,SO-2024-0172,1,MECH-2202,Linear Guide Rail 1500mm,Mechanical Parts,85,pcs,147.29,12519.65
SO-2024-0172-L02,SO-2024-0172,2,RAW-4405,HDPE Rod 50mm dia,Raw Materials,90,m,15.78,1420.2
SO-2024-0172-L03,SO-2024-0172,3,MECH-2203,Servo Coupling 14/19mm,Mechanical Parts,32,pcs,40.11,1283.52
SO-2024-0172-L04,SO-2024-0172,4,ELEC-3304,PLC I/O Module 32-channel DI,Electrical Components,59,pcs,406.85,24004.15
SO-2024-0172-L05,SO-2024-0172,5,RAW-4402,Aluminium Extrusion 6061-T6,Raw Materials,31,kg,3.38,104.78
SO-2024-0172-L06,SO-2024-0172,6,MECH-2201,Precision Ball Screw Assy 25mm,Mechanical Parts,94,pcs,415.15,39024.1
SO-2024-0173-L01,SO-2024-0173,1,MECH-2201,Precision Ball Screw Assy 25mm,Mechanical Parts,47,pcs,381.52,17931.44
SO-2024-0173-L02,SO-2024-0173,2,ELEC-3303,Limit Switch IP67 Stainless,Electrical Components,14,pcs,14.43,202.02
SO-2024-0173-L03,SO-2024-0173,3,RAW-4402,Aluminium Extrusion 6061-T6,Raw Materials,106,kg,3.13,331.78
SO-2024-0174-L01,SO-2024-0174,1,ELEC-3302,Encoder 2500 PPR Differential,Electrical Components,45,pcs,88.46,3980.7
SO-2024-0174-L02,SO-2024-0174,2,ELEC-3303,Limit Switch IP67 Stainless,Electrical Components,91,pcs,14.95,1360.45
SO-2024-0174-L03,SO-2024-0174,3,RAW-4401,Steel HR Coil 3mm S235,Raw Materials,5,MT,747.73,3738.65
SO-2024-0174-L04,SO-2024-0174,4,RAW-4405,HDPE Rod 50mm dia,Raw Materials,84,m,12.38,1039.92
SO-2024-0174-L05,SO-2024-0174,5,RAW-4402,Aluminium Extrusion 6061-T6,Raw Materials,100,kg,3.43,343.0
SO-2024-0175-L01,SO-2024-0175,1,MECH-2205,Cast Iron Bed Section Grade 300,Mechanical Parts,92,kg,3.68,338.56
SO-2024-0175-L02,SO-2024-0175,2,RAW-4403,Copper Busbar 40×4mm,Raw Materials,16,m,20.25,324.0
SO-2024-0176-L01,SO-2024-0176,1,MECH-2203,Servo Coupling 14/19mm,Mechanical Parts,106,pcs,39.16,4150.96
SO-2024-0176-L02,SO-2024-0176,2,ELEC-3304,PLC I/O Module 32-channel DI,Electrical Components,74,pcs,363.6,26906.4
SO-2024-0176-L03,SO-2024-0176,3,MECH-2204,Spindle Bearing Set NSK 7210,Mechanical Parts,86,pcs,217.2,18679.2
SO-2024-0176-L04,SO-2024-0176,4,RAW-4405,HDPE Rod 50mm dia,Raw Materials,91,m,17.32,1576.12
SO-2024-0176-L05,SO-2024-0176,5,ELEC-3302,Encoder 2500 PPR Differential,Electrical Components,106,pcs,111.41,11809.46
SO-2024-0177-L01,SO-2024-0177,1,RAW-4404,Stainless 316L Sheet 2mm,Raw Materials,78,kg,4.46,347.88
SO-2024-0177-L02,SO-2024-0177,2,ELEC-3304,PLC I/O Module 32-channel DI,Electrical Components,73,pcs,383.8,28017.4
SO-2024-0177-L03,SO-2024-0177,3,MECH-2203,Servo Coupling 14/19mm,Mechanical Parts,15,pcs,32.27,484.05
SO-2024-0177-L04,SO-2024-0177,4,MECH-2202,Linear Guide Rail 1500mm,Mechanical Parts,100,pcs,170.95,17095.0
SO-2024-0177-L05,SO-2024-0177,5,MECH-2201,Precision Ball Screw Assy 25mm,Mechanical Parts,97,pcs,393.75,38193.75
SO-2024-0177-L06,SO-2024-0177,6,RAW-4401,Steel HR Coil 3mm S235,Raw Materials,57,MT,771.51,43976.07
SO-2024-0178-L01,SO-2024-0178,1,RAW-4404,Stainless 316L Sheet 2mm,Raw Materials,114,kg,3.86,440.04
SO-2024-0178-L02,SO-2024-0178,2,MECH-2205,Cast Iron Bed Section Grade 300,Mechanical Parts,101,kg,4.69,473.69
SO-2024-0178-L03,SO-2024-0178,3,MECH-2204,Spindle Bearing Set NSK 7210,Mechanical Parts,75,pcs,233.06,17479.5
SO-2024-0178-L04,SO-2024-0178,4,MECH-2202,Linear Guide Rail 1500mm,Mechanical Parts,75,pcs,147.56,11067.0
SO-2024-0178-L05,SO-2024-0178,5,MECH-2203,Servo Coupling 14/19mm,Mechanical Parts,90,pcs,28.94,2604.6
SO-2024-0178-L06,SO-2024-0178,6,ELEC-3305,Power Supply 24VDC 20A DIN,Electrical Components,17,pcs,101.91,1732.47
SO-2024-0179-L01,SO-2024-0179,1,RAW-4401,Steel HR Coil 3mm S235,Raw Materials,17,MT,715.66,12166.22
SO-2024-0179-L02,SO-2024-0179,2,RAW-4405,HDPE Rod 50mm dia,Raw Materials,13,m,17.4,226.2
SO-2024-0179-L03,SO-2024-0179,3,MECH-2204,Spindle Bearing Set NSK 7210,Mechanical Parts,45,pcs,234.29,10543.05
SO-2024-0180-L01,SO-2024-0180,1,ELEC-3305,Power Supply 24VDC 20A DIN,Electrical Components,5,pcs,105.96,529.8
SO-2024-0180-L02,SO-2024-0180,2,ELEC-3301,Servo Drive 5.5kW Siemens-compat,Electrical Components,105,pcs,1716.46,180228.3
SO-2024-0180-L03,SO-2024-0180,3,RAW-4403,Copper Busbar 40×4mm,Raw Materials,99,m,23.13,2289.87
SO-2024-0180-L04,SO-2024-0180,4,RAW-4404,Stainless 316L Sheet 2mm,Raw Materials,40,kg,4.72,188.8
SO-2024-0180-L05,SO-2024-0180,5,ELEC-3302,Encoder 2500 PPR Differential,Electrical Components,22,pcs,106.35,2339.7
SO-2024-0180-L06,SO-2024-0180,6,MECH-2203,Servo Coupling 14/19mm,Mechanical Parts,47,pcs,40.29,1893.63
SO-2024-0181-L01,SO-2024-0181,1,ELEC-3304,PLC I/O Module 32-channel DI,Electrical Components,15,pcs,407.34,6110.1
SO-2024-0181-L02,SO-2024-0181,2,MECH-2202,Linear Guide Rail 1500mm,Mechanical Parts,114,pcs,173.93,19828.02
SO-2024-0181-L03,SO-2024-0181,3,MECH-2203,Servo Coupling 14/19mm,Mechanical Parts,119,pcs,35.54,4229.26
SO-2024-0181-L04,SO-2024-0181,4,RAW-4401,Steel HR Coil 3mm S235,Raw Materials,38,MT,756.02,28728.76
SO-2024-0181-L05,SO-2024-0181,5,ELEC-3305,Power Supply 24VDC 20A DIN,Electrical Components,85,pcs,97.68,8302.8
SO-2024-0182-L01,SO-2024-0182,1,RAW-4404,Stainless 316L Sheet 2mm,Raw Materials,79,kg,4.25,335.75
SO-2024-0182-L02,SO-2024-0182,2,ELEC-3305,Power Supply 24VDC 20A DIN,Electrical Components,80,pcs,102.45,8196.0
SO-2024-0183-L01,SO-2024-0183,1,RAW-4401,Steel HR Coil 3mm S235,Raw Materials,33,MT,770.23,25417.59
SO-2024-0183-L02,SO-2024-0183,2,RAW-4403,Copper Busbar 40×4mm,Raw Materials,80,m,23.87,1909.6
SO-2024-0183-L03,SO-2024-0183,3,MECH-2203,Servo Coupling 14/19mm,Mechanical Parts,42,pcs,29.87,1254.54
SO-2024-0183-L04,SO-2024-0183,4,ELEC-3301,Servo Drive 5.5kW Siemens-compat,Electrical Components,69,pcs,1803.12,124415.28
SO-2024-0183-L05,SO-2024-0183,5,ELEC-3302,Encoder 2500 PPR Differential,Electrical Components,55,pcs,97.82,5380.1
SO-2024-0184-L01,SO-2024-0184,1,MECH-2203,Servo Coupling 14/19mm,Mechanical Parts,89,pcs,40.21,3578.69
SO-2024-0184-L02,SO-2024-0184,2,ELEC-3303,Limit Switch IP67 Stainless,Electrical Components,23,pcs,19.89,457.47
SO-2024-0184-L03,SO-2024-0184,3,RAW-4405,HDPE Rod 50mm dia,Raw Materials,66,m,17.64,1164.24
SO-2024-0184-L04,SO-2024-0184,4,RAW-4403,Copper Busbar 40×4mm,Raw Materials,10,m,19.75,197.5
SO-2024-0184-L05,SO-2024-0184,5,ELEC-3305,Power Supply 24VDC 20A DIN,Electrical Components,67,pcs,103.11,6908.37
SO-2024-0184-L06,SO-2024-0184,6,RAW-4401,Steel HR Coil 3mm S235,Raw Materials,38,MT,723.25,27483.5
SO-2024-0185-L01,SO-2024-0185,1,ELEC-3303,Limit Switch IP67 Stainless,Electrical Components,46,pcs,14.83,682.18
SO-2024-0185-L02,SO-2024-0185,2,RAW-4405,HDPE Rod 50mm dia,Raw Materials,71,m,15.8,1121.8
SO-2024-0185-L03,SO-2024-0185,3,MECH-2201,Precision Ball Screw Assy 25mm,Mechanical Parts,40,pcs,413.39,16535.6
SO-2024-0185-L04,SO-2024-0185,4,RAW-4403,Copper Busbar 40×4mm,Raw Materials,38,m,22.63,859.94
SO-2024-0185-L05,SO-2024-0185,5,RAW-4401,Steel HR Coil 3mm S235,Raw Materials,77,MT,705.65,54335.05
SO-2024-0186-L01,SO-2024-0186,1,MECH-2205,Cast Iron Bed Section Grade 300,Mechanical Parts,109,kg,4.59,500.31
SO-2024-0186-L02,SO-2024-0186,2,ELEC-3302,Encoder 2500 PPR Differential,Electrical Components,67,pcs,109.4,7329.8
SO-2024-0186-L03,SO-2024-0186,3,MECH-2204,Spindle Bearing Set NSK 7210,Mechanical Parts,118,pcs,240.21,28344.78
SO-2024-0186-L04,SO-2024-0186,4,ELEC-3304,PLC I/O Module 32-channel DI,Electrical Components,69,pcs,410.56,28328.64
SO-2024-0186-L05,SO-2024-0186,5,RAW-4404,Stainless 316L Sheet 2mm,Raw Materials,61,kg,3.98,242.78
SO-2024-0186-L06,SO-2024-0186,6,ELEC-3301,Servo Drive 5.5kW Siemens-compat,Electrical Components,14,pcs,1804.36,25261.04
SO-2024-0187-L01,SO-2024-0187,1,ELEC-3305,Power Supply 24VDC 20A DIN,Electrical Components,34,pcs,109.51,3723.34
SO-2024-0187-L02,SO-2024-0187,2,RAW-4402,Aluminium Extrusion 6061-T6,Raw Materials,47,kg,3.55,166.85
SO-2024-0187-L03,SO-2024-0187,3,MECH-2202,Linear Guide Rail 1500mm,Mechanical Parts,66,pcs,168.63,11129.58
SO-2024-0187-L04,SO-2024-0187,4,RAW-4401,Steel HR Coil 3mm S235,Raw Materials,66,MT,708.96,46791.36
SO-2024-0188-L01,SO-2024-0188,1,MECH-2201,Precision Ball Screw Assy 25mm,Mechanical Parts,80,pcs,386.45,30916.0
SO-2024-0188-L02,SO-2024-0188,2,MECH-2203,Servo Coupling 14/19mm,Mechanical Parts,85,pcs,35.18,2990.3
SO-2024-0188-L03,SO-2024-0188,3,ELEC-3305,Power Supply 24VDC 20A DIN,Electrical Components,119,pcs,115.03,13688.57
SO-2024-0189-L01,SO-2024-0189,1,ELEC-3302,Encoder 2500 PPR Differential,Electrical Components,15,pcs,93.85,1407.75
SO-2024-0189-L02,SO-2024-0189,2,ELEC-3305,Power Supply 24VDC 20A DIN,Electrical Components,82,pcs,129.75,10639.5
SO-2024-0189-L03,SO-2024-0189,3,RAW-4404,Stainless 316L Sheet 2mm,Raw Materials,116,kg,4.33,502.28
SO-2024-0189-L04,SO-2024-0189,4,RAW-4401,Steel HR Coil 3mm S235,Raw Materials,33,MT,764.73,25236.09
SO-2024-0189-L05,SO-2024-0189,5,MECH-2201,Precision Ball Screw Assy 25mm,Mechanical Parts,81,pcs,385.71,31242.51
SO-2024-0189-L06,SO-2024-0189,6,MECH-2205,Cast Iron Bed Section Grade 300,Mechanical Parts,79,kg,4.51,356.29
SO-2024-0190-L01,SO-2024-0190,1,RAW-4402,Aluminium Extrusion 6061-T6,Raw Materials,63,kg,3.44,216.72
SO-2024-0190-L02,SO-2024-0190,2,RAW-4401,Steel HR Coil 3mm S235,Raw Materials,13,MT,710.68,9238.84
SO-2024-0190-L03,SO-2024-0190,3,ELEC-3301,Servo Drive 5.5kW Siemens-compat,Electrical Components,54,pcs,1689.66,91241.64
SO-2024-0191-L01,SO-2024-0191,1,RAW-4404,Stainless 316L Sheet 2mm,Raw Materials,65,kg,4.79,311.35
SO-2024-0191-L02,SO-2024-0191,2,MECH-2203,Servo Coupling 14/19mm,Mechanical Parts,81,pcs,28.55,2312.55
SO-2024-0191-L03,SO-2024-0191,3,ELEC-3305,Power Supply 24VDC 20A DIN,Electrical Components,105,pcs,113.6,11928.0
SO-2024-0191-L04,SO-2024-0191,4,MECH-2202,Linear Guide Rail 1500mm,Mechanical Parts,101,pcs,149.11,15060.11
SO-2024-0191-L05,SO-2024-0191,5,RAW-4405,HDPE Rod 50mm dia,Raw Materials,66,m,15.96,1053.36
SO-2024-0192-L01,SO-2024-0192,1,ELEC-3302,Encoder 2500 PPR Differential,Electrical Components,34,pcs,113.34,3853.56
SO-2024-0192-L02,SO-2024-0192,2,ELEC-3301,Servo Drive 5.5kW Siemens-compat,Electrical Components,66,pcs,1886.87,124533.42
SO-2024-0192-L03,SO-2024-0192,3,MECH-2201,Precision Ball Screw Assy 25mm,Mechanical Parts,53,pcs,394.02,20883.06
SO-2024-0192-L04,SO-2024-0192,4,RAW-4402,Aluminium Extrusion 6061-T6,Raw Materials,107,kg,3.57,381.99
SO-2024-0192-L05,SO-2024-0192,5,ELEC-3304,PLC I/O Module 32-channel DI,Electrical Components,102,pcs,406.98,41511.96
SO-2024-0192-L06,SO-2024-0192,6,RAW-4405,HDPE Rod 50mm dia,Raw Materials,78,m,12.59,982.02
SO-2024-0193-L01,SO-2024-0193,1,MECH-2205,Cast Iron Bed Section Grade 300,Mechanical Parts,117,kg,4.07,476.19
SO-2024-0193-L02,SO-2024-0193,2,ELEC-3305,Power Supply 24VDC 20A DIN,Electrical Components,37,pcs,101.62,3759.94
SO-2024-0194-L01,SO-2024-0194,1,ELEC-3304,PLC I/O Module 32-channel DI,Electrical Components,53,pcs,392.36,20795.08
SO-2024-0194-L02,SO-2024-0194,2,MECH-2201,Precision Ball Screw Assy 25mm,Mechanical Parts,93,pcs,412.17,38331.81
SO-2024-0195-L01,SO-2024-0195,1,MECH-2205,Cast Iron Bed Section Grade 300,Mechanical Parts,83,kg,3.64,302.12
SO-2024-0195-L02,SO-2024-0195,2,RAW-4405,HDPE Rod 50mm dia,Raw Materials,92,m,14.38,1322.96
SO-2024-0195-L03,SO-2024-0195,3,ELEC-3304,PLC I/O Module 32-channel DI,Electrical Components,31,pcs,373.06,11564.86
SO-2024-0195-L04,SO-2024-0195,4,ELEC-3302,Encoder 2500 PPR Differential,Electrical Components,105,pcs,103.05,10820.25
SO-2024-0195-L05,SO-2024-0195,5,ELEC-3305,Power Supply 24VDC 20A DIN,Electrical Components,27,pcs,107.96,2914.92
SO-2024-0195-L06,SO-2024-0195,6,ELEC-3301,Servo Drive 5.5kW Siemens-compat,Electrical Components,76,pcs,1795.13,136429.88
SO-2024-0196-L01,SO-2024-0196,1,RAW-4404,Stainless 316L Sheet 2mm,Raw Materials,20,kg,4.62,92.4
SO-2024-0196-L02,SO-2024-0196,2,RAW-4405,HDPE Rod 50mm dia,Raw Materials,62,m,16.7,1035.4
SO-2024-0196-L03,SO-2024-0196,3,RAW-4401,Steel HR Coil 3mm S235,Raw Materials,25,MT,699.03,17475.75
SO-2024-0197-L01,SO-2024-0197,1,RAW-4402,Aluminium Extrusion 6061-T6,Raw Materials,86,kg,2.9,249.4
SO-2024-0197-L02,SO-2024-0197,2,RAW-4401,Steel HR Coil 3mm S235,Raw Materials,16,MT,764.09,12225.44
SO-2024-0197-L03,SO-2024-0197,3,RAW-4405,HDPE Rod 50mm dia,Raw Materials,65,m,17.56,1141.4
SO-2024-0197-L04,SO-2024-0197,4,MECH-2201,Precision Ball Screw Assy 25mm,Mechanical Parts,60,pcs,383.53,23011.8
SO-2024-0197-L05,SO-2024-0197,5,MECH-2203,Servo Coupling 14/19mm,Mechanical Parts,38,pcs,31.1,1181.8
SO-2024-0197-L06,SO-2024-0197,6,ELEC-3302,Encoder 2500 PPR Differential,Electrical Components,15,pcs,104.44,1566.6
SO-2024-0198-L01,SO-2024-0198,1,RAW-4402,Aluminium Extrusion 6061-T6,Raw Materials,86,kg,3.34,287.24
SO-2024-0198-L02,SO-2024-0198,2,ELEC-3305,Power Supply 24VDC 20A DIN,Electrical Components,6,pcs,102.06,612.36
SO-2024-0198-L03,SO-2024-0198,3,MECH-2201,Precision Ball Screw Assy 25mm,Mechanical Parts,89,pcs,417.23,37133.47
SO-2024-0198-L04,SO-2024-0198,4,MECH-2203,Servo Coupling 14/19mm,Mechanical Parts,71,pcs,32.0,2272.0
SO-2024-0199-L01,SO-2024-0199,1,ELEC-3305,Power Supply 24VDC 20A DIN,Electrical Components,9,pcs,107.59,968.31
SO-2024-0199-L02,SO-2024-0199,2,MECH-2203,Servo Coupling 14/19mm,Mechanical Parts,88,pcs,28.0,2464.0
SO-2024-0199-L03,SO-2024-0199,3,RAW-4401,Steel HR Coil 3mm S235,Raw Materials,25,MT,697.82,17445.5
SO-2024-0200-L01,SO-2024-0200,1,ELEC-3305,Power Supply 24VDC 20A DIN,Electrical Components,16,pcs,114.24,1827.84
SO-2024-0200-L02,SO-2024-0200,2,MECH-2204,Spindle Bearing Set NSK 7210,Mechanical Parts,97,pcs,251.49,24394.53
SO-2024-0200-L03,SO-2024-0200,3,ELEC-3304,PLC I/O Module 32-channel DI,Electrical Components,79,pcs,367.85,29060.15
SO-2024-0200-L04,SO-2024-0200,4,MECH-2201,Precision Ball Screw Assy 25mm,Mechanical Parts,109,pcs,391.06,42625.54
SO-2024-0200-L05,SO-2024-0200,5,MECH-2202,Linear Guide Rail 1500mm,Mechanical Parts,82,pcs,178.71,14654.22
SO-2024-0201-L01,SO-2024-0201,1,MECH-2203,Servo Coupling 14/19mm,Mechanical Parts,76,pcs,29.01,2204.76
SO-2024-0201-L02,SO-2024-0201,2,ELEC-3302,Encoder 2500 PPR Differential,Electrical Components,42,pcs,97.18,4081.56
SO-2024-0201-L03,SO-2024-0201,3,ELEC-3304,PLC I/O Module 32-channel DI,Electrical Components,19,pcs,404.24,7680.56
SO-2024-0201-L04,SO-2024-0201,4,MECH-2202,Linear Guide Rail 1500mm,Mechanical Parts,37,pcs,175.66,6499.42
SO-2024-0202-L01,SO-2024-0202,1,ELEC-3303,Limit Switch IP67 Stainless,Electrical Components,119,pcs,18.69,2224.11
SO-2024-0202-L02,SO-2024-0202,2,RAW-4403,Copper Busbar 40×4mm,Raw Materials,8,m,21.86,174.88
SO-2024-0202-L03,SO-2024-0202,3,MECH-2204,Spindle Bearing Set NSK 7210,Mechanical Parts,38,pcs,213.38,8108.44
SO-2024-0202-L04,SO-2024-0202,4,ELEC-3301,Servo Drive 5.5kW Siemens-compat,Electrical Components,86,pcs,1886.6,162247.6
SO-2024-0202-L05,SO-2024-0202,5,RAW-4405,HDPE Rod 50mm dia,Raw Materials,33,m,16.06,529.98
SO-2024-0202-L06,SO-2024-0202,6,RAW-4401,Steel HR Coil 3mm S235,Raw Materials,34,MT,762.01,25908.34
SO-2024-0203-L01,SO-2024-0203,1,RAW-4402,Aluminium Extrusion 6061-T6,Raw Materials,38,kg,3.12,118.56
SO-2024-0203-L02,SO-2024-0203,2,RAW-4404,Stainless 316L Sheet 2mm,Raw Materials,16,kg,4.24,67.84
SO-2024-0204-L01,SO-2024-0204,1,ELEC-3303,Limit Switch IP67 Stainless,Electrical Components,32,pcs,21.15,676.8
SO-2024-0204-L02,SO-2024-0204,2,ELEC-3301,Servo Drive 5.5kW Siemens-compat,Electrical Components,39,pcs,1704.84,66488.76
SO-2024-0204-L03,SO-2024-0204,3,RAW-4404,Stainless 316L Sheet 2mm,Raw Materials,100,kg,4.55,455.0
SO-2024-0205-L01,SO-2024-0205,1,RAW-4404,Stainless 316L Sheet 2mm,Raw Materials,34,kg,4.02,136.68
SO-2024-0205-L02,SO-2024-0205,2,MECH-2205,Cast Iron Bed Section Grade 300,Mechanical Parts,36,kg,4.54,163.44
SO-2024-0205-L03,SO-2024-0205,3,MECH-2204,Spindle Bearing Set NSK 7210,Mechanical Parts,50,pcs,217.8,10890.0
SO-2024-0206-L01,SO-2024-0206,1,MECH-2201,Precision Ball Screw Assy 25mm,Mechanical Parts,84,pcs,392.62,32980.08
SO-2024-0206-L02,SO-2024-0206,2,RAW-4403,Copper Busbar 40×4mm,Raw Materials,119,m,25.88,3079.72
SO-2024-0206-L03,SO-2024-0206,3,ELEC-3304,PLC I/O Module 32-channel DI,Electrical Components,119,pcs,385.96,45929.24
SO-2024-0206-L04,SO-2024-0206,4,RAW-4405,HDPE Rod 50mm dia,Raw Materials,40,m,14.94,597.6
SO-2024-0206-L05,SO-2024-0206,5,ELEC-3303,Limit Switch IP67 Stainless,Electrical Components,102,pcs,21.33,2175.66
SO-2024-0206-L06,SO-2024-0206,6,ELEC-3301,Servo Drive 5.5kW Siemens-compat,Electrical Components,40,pcs,1769.36,70774.4
SO-2024-0207-L01,SO-2024-0207,1,ELEC-3304,PLC I/O Module 32-channel DI,Electrical Components,115,pcs,394.91,45414.65
SO-2024-0207-L02,SO-2024-0207,2,MECH-2201,Precision Ball Screw Assy 25mm,Mechanical Parts,27,pcs,398.29,10753.83
SO-2024-0207-L03,SO-2024-0207,3,RAW-4405,HDPE Rod 50mm dia,Raw Materials,20,m,16.19,323.8
SO-2024-0207-L04,SO-2024-0207,4,ELEC-3301,Servo Drive 5.5kW Siemens-compat,Electrical Components,63,pcs,1744.7,109916.1
SO-2024-0207-L05,SO-2024-0207,5,ELEC-3302,Encoder 2500 PPR Differential,Electrical Components,6,pcs,88.32,529.92
SO-2024-0208-L01,SO-2024-0208,1,ELEC-3305,Power Supply 24VDC 20A DIN,Electrical Components,75,pcs,104.2,7815.0
SO-2024-0208-L02,SO-2024-0208,2,RAW-4404,Stainless 316L Sheet 2mm,Raw Materials,39,kg,4.32,168.48
SO-2024-0208-L03,SO-2024-0208,3,MECH-2205,Cast Iron Bed Section Grade 300,Mechanical Parts,83,kg,3.75,311.25
SO-2024-0208-L04,SO-2024-0208,4,MECH-2203,Servo Coupling 14/19mm,Mechanical Parts,28,pcs,34.98,979.44
SO-2024-0209-L01,SO-2024-0209,1,RAW-4404,Stainless 316L Sheet 2mm,Raw Materials,28,kg,4.43,124.04
SO-2024-0209-L02,SO-2024-0209,2,ELEC-3302,Encoder 2500 PPR Differential,Electrical Components,78,pcs,106.52,8308.56
SO-2024-0209-L03,SO-2024-0209,3,MECH-2205,Cast Iron Bed Section Grade 300,Mechanical Parts,109,kg,3.36,366.24
SO-2024-0209-L04,SO-2024-0209,4,ELEC-3303,Limit Switch IP67 Stainless,Electrical Components,39,pcs,20.43,796.77
SO-2024-0210-L01,SO-2024-0210,1,RAW-4403,Copper Busbar 40×4mm,Raw Materials,65,m,24.45,1589.25
SO-2024-0210-L02,SO-2024-0210,2,RAW-4402,Aluminium Extrusion 6061-T6,Raw Materials,27,kg,3.28,88.56
SO-2024-0210-L03,SO-2024-0210,3,MECH-2203,Servo Coupling 14/19mm,Mechanical Parts,22,pcs,41.94,922.68
