invite_id,rfq_id,vendor_id,vendor_name,invited_date,responded
RFQ-0001-INV-V009,RFQ-0001,V009,Fischer & Söhne KG,2025-04-23,True
RFQ-0001-INV-V024,RFQ-0001,V024,BalticTech UAB,2025-04-23,True
RFQ-0001-INV-V022,RFQ-0001,V022,Andean Precision SRL,2025-04-23,True
RFQ-0001-INV-V001,RFQ-0001,V001,Kovacs Precision GmbH,2025-04-23,True
RFQ-0001-INV-V007,RFQ-0001,V007,Nakamura Tooling Co.,2025-04-23,True
RFQ-0001-INV-V017,RFQ-0001,V017,Türk Makina A.Ş.,2025-04-23,True
RFQ-0001-INV-V004,RFQ-0001,V004,Strömberg Hydraulics AB,2025-04-23,True
RFQ-0001-INV-V019,RFQ-0001,V019,Emerald Isle Castings Ltd,2025-04-23,False
RFQ-0002-INV-V010,RFQ-0002,V010,Adriatic Fastenings d.o.o.,2024-08-21,False
RFQ-0002-INV-V019,RFQ-0002,V019,Emerald Isle Castings Ltd,2024-08-21,True
RFQ-0002-INV-V009,RFQ-0002,V009,Fischer & Söhne KG,2024-08-21,True
RFQ-0002-INV-V001,RFQ-0002,V001,Kovacs Precision GmbH,2024-08-21,True
RFQ-0002-INV-V024,RFQ-0002,V024,BalticTech UAB,2024-08-21,True
RFQ-0002-INV-V022,RFQ-0002,V022,Andean Precision SRL,2024-08-21,True
RFQ-0002-INV-V007,RFQ-0002,V007,Nakamura Tooling Co.,2024-08-21,True
RFQ-0002-INV-V004,RFQ-0002,V004,Strömberg Hydraulics AB,2024-08-21,True
RFQ-0003-INV-V016,RFQ-0003,V016,Precision Arc Systems,2025-01-07,True
RFQ-0003-INV-V013,RFQ-0003,V013,Vantage Sensors GmbH,2025-01-07,False
RFQ-0003-INV-V006,RFQ-0003,V006,Bright Spark Electronics Ltd,2025-01-07,True
RFQ-0003-INV-V018,RFQ-0003,V018,Guangzhou Mech & Elec Co.,2025-01-07,True
RFQ-0003-INV-V021,RFQ-0003,V021,Helios Micro Systems,2025-01-07,True
RFQ-0003-INV-V011,RFQ-0003,V011,Solaris Power Components,2025-01-07,True
RFQ-0003-INV-V002,RFQ-0003,V002,Tanaka Electrical KK,2025-01-07,True
RFQ-0004-INV-V018,RFQ-0004,V018,Guangzhou Mech & Elec Co.,2024-05-05,True
RFQ-0004-INV-V021,RFQ-0004,V021,Helios Micro Systems,2024-05-05,False
RFQ-0004-INV-V006,RFQ-0004,V006,Bright Spark Electronics Ltd,2024-05-05,False
RFQ-0004-INV-V011,RFQ-0004,V011,Solaris Power Components,2024-05-05,False
RFQ-0004-INV-V013,RFQ-0004,V013,Vantage Sensors GmbH,2024-05-05,False
RFQ-0004-INV-V016,RFQ-0004,V016,Precision Arc Systems,2024-05-05,False
RFQ-0004-INV-V002,RFQ-0004,V002,Tanaka Electrical KK,2024-05-05,True
RFQ-0005-INV-V013,RFQ-0005,V013,Vantage Sensors GmbH,2024-01-31,True
RFQ-0005-INV-V018,RFQ-0005,V018,Guangzhou Mech & Elec Co.,2024-01-31,True
RFQ-0005-INV-V002,RFQ-0005,V002,Tanaka Electrical KK,2024-01-31,False
RFQ-0005-INV-V016,RFQ-0005,V016,Precision Arc Systems,2024-01-31,False
RFQ-0005-INV-V011,RFQ-0005,V011,Solaris Power Components,2024-01-31,True
RFQ-0005-INV-V021,RFQ-0005,V021,Helios Micro Systems,2024-01-31,True
RFQ-0005-INV-V006,RFQ-0005,V006,Bright Spark Electronics Ltd,2024-01-31,True
RFQ-0006-INV-V018,RFQ-0006,V018,Guangzhou Mech & Elec Co.,2024-03-06,False
RFQ-0006-INV-V013,RFQ-0006,V013,Vantage Sensors GmbH,2024-03-06,False
RFQ-0006-INV-V021,RFQ-0006,V021,Helios Micro Systems,2024-03-06,True
RFQ-0006-INV-V011,RFQ-0006,V011,Solaris Power Components,2024-03-06,True
RFQ-0006-INV-V002,RFQ-0006,V002,Tanaka Electrical KK,2024-03-06,False
RFQ-0006-INV-V016,RFQ-0006,V016,Precision Arc Systems,2024-03-06,False
RFQ-0006-INV-V006,RFQ-0006,V006,Bright Spark Electronics Ltd,2024-03-06,True
RFQ-0007-INV-V002,RFQ-0007,V002,Tanaka Electrical KK,2024-09-21,True
RFQ-0007-INV-V006,RFQ-0007,V006,Bright Spark Electronics Ltd,2024-09-21,True
RFQ-0007-INV-V018,RFQ-0007,V018,Guangzhou Mech & Elec Co.,2024-09-21,True
RFQ-0007-INV-V021,RFQ-0007,V021,Helios Micro Systems,2024-09-21,True
RFQ-0007-INV-V016,RFQ-0007,V016,Precision Arc Systems,2024-09-21,True
RFQ-0007-INV-V011,RFQ-0007,V011,Solaris Power Components,2024-09-21,True
RFQ-0007-INV-V013,RFQ-0007,V013,Vantage Sensors GmbH,2024-09-21,True
RFQ-0008-INV-V018,RFQ-0008,V018,Guangzhou Mech & Elec Co.,2025-03-03,True
RFQ-0008-INV-V013,RFQ-0008,V013,Vantage Sensors GmbH,2025-03-03,True
RFQ-0008-INV-V002,RFQ-0008,V002,Tanaka Electrical KK,2025-03-03,True
RFQ-0008-INV-V016,RFQ-0008,V016,Precision Arc Systems,2025-03-03,False
RFQ-0008-INV-V011,RFQ-0008,V011,Solaris Power Components,2025-03-03,False
RFQ-0008-INV-V006,RFQ-0008,V006,Bright Spark Electronics Ltd,2025-03-03,True
RFQ-0008-INV-V021,RFQ-0008,V021,Helios Micro Systems,2025-03-03,False
RFQ-0009-INV-V018,RFQ-0009,V018,Guangzhou Mech & Elec Co.,2025-02-05,True
RFQ-0009-INV-V021,RFQ-0009,V021,Helios Micro Systems,2025-02-05,False
RFQ-0009-INV-V013,RFQ-0009,V013,Vantage Sensors GmbH,2025-02-05,True
RFQ-0009-INV-V011,RFQ-0009,V011,Solaris Power Components,2025-02-05,True
RFQ-0009-INV-V002,RFQ-0009,V002,Tanaka Electrical KK,2025-02-05,False
RFQ-0009-INV-V016,RFQ-0009,V016,Precision Arc Systems,2025-02-05,True
RFQ-0009-INV-V006,RFQ-0009,V006,Bright Spark Electronics Ltd,2025-02-05,False
RFQ-0010-INV-V018,RFQ-0010,V018,Guangzhou Mech & Elec Co.,2024-12-17,True
RFQ-0010-INV-V006,RFQ-0010,V006,Bright Spark Electronics Ltd,2024-12-17,True
RFQ-0010-INV-V013,RFQ-0010,V013,Vantage Sensors GmbH,2024-12-17,False
RFQ-0010-INV-V011,RFQ-0010,V011,Solaris Power Components,2024-12-17,True
RFQ-0010-INV-V021,RFQ-0010,V021,Helios Micro Systems,2024-12-17,True
RFQ-0010-INV-V002,RFQ-0010,V002,Tanaka Electrical KK,2024-12-17,True
RFQ-0010-INV-V016,RFQ-0010,V016,Precision Arc Systems,2024-12-17,True
RFQ-0011-INV-V021,RFQ-0011,V021,Helios Micro Systems,2024-04-18,False
RFQ-0011-INV-V016,RFQ-0011,V016,Precision Arc Systems,2024-04-18,False
RFQ-0011-INV-V013,RFQ-0011,V013,Vantage Sensors GmbH,2024-04-18,False
RFQ-0011-INV-V006,RFQ-0011,V006,Bright Spark Electronics Ltd,2024-04-18,True
RFQ-0011-INV-V002,RFQ-0011,V002,Tanaka Electrical KK,2024-04-18,True
RFQ-0011-INV-V018,RFQ-0011,V018,Guangzhou Mech & Elec Co.,2024-04-18,True
RFQ-0011-INV-V011,RFQ-0011,V011,Solaris Power Components,2024-04-18,True
RFQ-0012-INV-V006,RFQ-0012,V006,Bright Spark Electronics Ltd,2025-01-07,True
RFQ-0012-INV-V011,RFQ-0012,V011,Solaris Power Components,2025-01-07,True
RFQ-0012-INV-V013,RFQ-0012,V013,Vantage Sensors GmbH,2025-01-07,True
RFQ-0012-INV-V002,RFQ-0012,V002,Tanaka Electrical KK,2025-01-07,True
RFQ-0012-INV-V018,RFQ-0012,V018,Guangzhou Mech & Elec Co.,2025-01-07,True
RFQ-0012-INV-V016,RFQ-0012,V016,Precision Arc Systems,2025-01-07,True
RFQ-0012-INV-V021,RFQ-0012,V021,Helios Micro Systems,2025-01-07,False
RFQ-0013-INV-V002,RFQ-0013,V002,Tanaka Electrical KK,2024-12-16,False
RFQ-0013-INV-V021,RFQ-0013,V021,Helios Micro Systems,2024-12-16,False
RFQ-0013-INV-V013,RFQ-0013,V013,Vantage Sensors GmbH,2024-12-16,False
RFQ-0013-INV-V016,RFQ-0013,V016,Precision Arc Systems,2024-12-16,False
RFQ-0013-INV-V011,RFQ-0013,V011,Solaris Power Components,2024-12-16,False
RFQ-0013-INV-V006,RFQ-0013,V006,Bright Spark Electronics Ltd,2024-12-16,False
RFQ-0013-INV-V018,RFQ-0013,V018,Guangzhou Mech & Elec Co.,2024-12-16,True
RFQ-0014-INV-V018,RFQ-0014,V018,Guangzhou Mech & Elec Co.,2024-12-25,True
RFQ-0014-INV-V016,RFQ-0014,V016,Precision Arc Systems,2024-12-25,True
RFQ-0014-INV-V002,RFQ-0014,V002,Tanaka Electrical KK,2024-12-25,True
RFQ-0014-INV-V006,RFQ-0014,V006,Bright Spark Electronics Ltd,2024-12-25,True
RFQ-0014-INV-V011,RFQ-0014,V011,Solaris Power Components,2024-12-25,True
RFQ-0014-INV-V021,RFQ-0014,V021,Helios Micro Systems,2024-12-25,False
RFQ-0014-INV-V013,RFQ-0014,V013,Vantage Sensors GmbH,2024-12-25,True
RFQ-0015-INV-V001,RFQ-0015,V001,Kovacs Precision GmbH,2024-08-03,True
RFQ-0015-INV-V024,RFQ-0015,V024,BalticTech UAB,2024-08-03,True
RFQ-0015-INV-V009,RFQ-0015,V009,Fischer & Söhne KG,2024-08-03,True
RFQ-0015-INV-V007,RFQ-0015,V007,Nakamura Tooling Co.,2024-08-03,True
RFQ-0015-INV-V010,RFQ-0015,V010,Adriatic Fastenings d.o.o.,2024-08-03,True
RFQ-0015-INV-V017,RFQ-0015,V017,Türk Makina A.Ş.,2024-08-03,False
RFQ-0015-INV-V019,RFQ-0015,V019,Emerald Isle Castings Ltd,2024-08-03,True
RFQ-0015-INV-V004,RFQ-0015,V004,Strömberg Hydraulics AB,2024-08-03,True
RFQ-0016-INV-V002,RFQ-0016,V002,Tanaka Electrical KK,2024-11-30,True
RFQ-0016-INV-V013,RFQ-0016,V013,Vantage Sensors GmbH,2024-11-30,True
RFQ-0016-INV-V021,RFQ-0016,V021,Helios Micro Systems,2024-11-30,False
RFQ-0016-INV-V011,RFQ-0016,V011,Solaris Power Components,2024-11-30,False
RFQ-0016-INV-V006,RFQ-0016,V006,Bright Spark Electronics Ltd,2024-11-30,True
RFQ-0016-INV-V018,RFQ-0016,V018,Guangzhou Mech & Elec Co.,2024-11-30,True
RFQ-0016-INV-V016,RFQ-0016,V016,Precision Arc Systems,2024-11-30,False
RFQ-0017-INV-V016,RFQ-0017,V016,Precision Arc Systems,2025-03-02,True
RFQ-0017-INV-V002,RFQ-0017,V002,Tanaka Electrical KK,2025-03-02,True
RFQ-0017-INV-V011,RFQ-0017,V011,Solaris Power Components,2025-03-02,True
RFQ-0017-INV-V013,RFQ-0017,V013,Vantage Sensors GmbH,2025-03-02,True
RFQ-0017-INV-V006,RFQ-0017,V006,Bright Spark Electronics Ltd,2025-03-02,True
RFQ-0017-INV-V018,RFQ-0017,V018,Guangzhou Mech & Elec Co.,2025-03-02,True
RFQ-0017-INV-V021,RFQ-0017,V021,Helios Micro Systems,2025-03-02,True
RFQ-0018-INV-V004,RFQ-0018,V004,Strömberg Hydraulics AB,2024-12-22,True
RFQ-0018-INV-V001,RFQ-0018,V001,Kovacs Precision GmbH,2024-12-22,True
RFQ-0018-INV-V019,RFQ-0018,V019,Emerald Isle Castings Ltd,2024-12-22,True
RFQ-0018-INV-V017,RFQ-0018,V017,Türk Makina A.Ş.,2024-12-22,True
RFQ-0018-INV-V024,RFQ-0018,V024,BalticTech UAB,2024-12-22,True
RFQ-0018-INV-V009,RFQ-0018,V009,Fischer & Söhne KG,2024-12-22,True
RFQ-0018-INV-V007,RFQ-0018,V007,Nakamura Tooling Co.,2024-12-22,False
RFQ-0018-INV-V022,RFQ-0018,V022,Andean Precision SRL,2024-12-22,False
RFQ-0019-INV-V006,RFQ-0019,V006,Bright Spark Electronics Ltd,2024-12-21,False
RFQ-0019-INV-V002,RFQ-0019,V002,Tanaka Electrical KK,2024-12-21,True
RFQ-0019-INV-V018,RFQ-0019,V018,Guangzhou Mech & Elec Co.,2024-12-21,True
RFQ-0019-INV-V016,RFQ-0019,V016,Precision Arc Systems,2024-12-21,False
RFQ-0019-INV-V021,RFQ-0019,V021,Helios Micro Systems,2024-12-21,False
RFQ-0019-INV-V013,RFQ-0019,V013,Vantage Sensors GmbH,2024-12-21,False
RFQ-0019-INV-V011,RFQ-0019,V011,Solaris Power Components,2024-12-21,True
RFQ-0020-INV-V020,RFQ-0020,V020,Rajasthan Rare Earths Ltd,2025-02-18,True
RFQ-0020-INV-V015,RFQ-0020,V015,Nordic Steel AS,2025-02-18,True
RFQ-0020-INV-V012,RFQ-0020,V012,Indra Copper Works,2025-02-18,True
RFQ-0020-INV-V014,RFQ-0020,V014,Coastal Alloys Pty Ltd,2025-02-18,True
RFQ-0020-INV-V008,RFQ-0020,V008,Delta Composites Inc.,2025-02-18,True
RFQ-0020-INV-V005,RFQ-0020,V005,Cerro Negro Metals SA,2025-02-18,False
RFQ-0020-INV-V003,RFQ-0020,V003,Patel Alloys Pvt Ltd,2025-02-18,True
RFQ-0020-INV-V023,RFQ-0020,V023,Sahara Industrial FZE,2025-02-18,False
RFQ-0021-INV-V011,RFQ-0021,V011,Solaris Power Components,2025-03-04,True
RFQ-0021-INV-V018,RFQ-0021,V018,Guangzhou Mech & Elec Co.,2025-03-04,True
RFQ-0021-INV-V016,RFQ-0021,V016,Precision Arc Systems,2025-03-04,True
RFQ-0021-INV-V021,RFQ-0021,V021,Helios Micro Systems,2025-03-04,False
RFQ-0021-INV-V013,RFQ-0021,V013,Vantage Sensors GmbH,2025-03-04,True
RFQ-0021-INV-V002,RFQ-0021,V002,Tanaka Electrical KK,2025-03-04,True
RFQ-0021-INV-V006,RFQ-0021,V006,Bright Spark Electronics Ltd,2025-03-04,True
RFQ-0022-INV-V020,RFQ-0022,V020,Rajasthan Rare Earths Ltd,2024-02-03,True
RFQ-0022-INV-V012,RFQ-0022,V012,Indra Copper Works,2024-02-03,True
RFQ-0022-INV-V003,RFQ-0022,V003,Patel Alloys Pvt Ltd,2024-02-03,True
RFQ-0022-INV-V005,RFQ-0022,V005,Cerro Negro Metals SA,2024-02-03,True
RFQ-0022-INV-V014,RFQ-0022,V014,Coastal Alloys Pty Ltd,2024-02-03,True
RFQ-0022-INV-V015,RFQ-0022,V015,Nordic Steel AS,2024-02-03,True
RFQ-0022-INV-V023,RFQ-0022,V023,Sahara Industrial FZE,2024-02-03,True
RFQ-0022-INV-V008,RFQ-0022,V008,Delta Composites Inc.,2024-02-03,True
RFQ-0023-INV-V021,RFQ-0023,V021,Helios Micro Systems,2024-02-07,True
RFQ-0023-INV-V013,RFQ-0023,V013,Vantage Sensors GmbH,2024-02-07,True
RFQ-0023-INV-V002,RFQ-0023,V002,Tanaka Electrical KK,2024-02-07,True
RFQ-0023-INV-V011,RFQ-0023,V011,Solaris Power Components,2024-02-07,False
RFQ-0023-INV-V006,RFQ-0023,V006,Bright Spark Electronics Ltd,2024-02-07,True
RFQ-0023-INV-V018,RFQ-0023,V018,Guangzhou Mech & Elec Co.,2024-02-07,True
RFQ-0023-INV-V016,RFQ-0023,V016,Precision Arc Systems,2024-02-07,False
RFQ-0024-INV-V016,RFQ-0024,V016,Precision Arc Systems,2024-08-07,True
RFQ-0024-INV-V021,RFQ-0024,V021,Helios Micro Systems,2024-08-07,False
RFQ-0024-INV-V006,RFQ-0024,V006,Bright Spark Electronics Ltd,2024-08-07,True
RFQ-0024-INV-V002,RFQ-0024,V002,Tanaka Electrical KK,2024-08-07,True
RFQ-0024-INV-V013,RFQ-0024,V013,Vantage Sensors GmbH,2024-08-07,True
RFQ-0024-INV-V011,RFQ-0024,V011,Solaris Power Components,2024-08-07,True
RFQ-0024-INV-V018,RFQ-0024,V018,Guangzhou Mech & Elec Co.,2024-08-07,True
RFQ-0025-INV-V016,RFQ-0025,V016,Precision Arc Systems,2024-04-29,True
RFQ-0025-INV-V002,RFQ-0025,V002,Tanaka Electrical KK,2024-04-29,False
RFQ-0025-INV-V011,RFQ-0025,V011,Solaris Power Components,2024-04-29,True
RFQ-0025-INV-V021,RFQ-0025,V021,Helios Micro Systems,2024-04-29,False
RFQ-0025-INV-V018,RFQ-0025,V018,Guangzhou Mech & Elec Co.,2024-04-29,False
RFQ-0025-INV-V013,RFQ-0025,V013,Vantage Sensors GmbH,2024-04-29,False
RFQ-0025-INV-V006,RFQ-0025,V006,Bright Spark Electronics Ltd,2024-04-29,False
RFQ-0026-INV-V022,RFQ-0026,V022,Andean Precision SRL,2024-06-30,True
RFQ-0026-INV-V004,RFQ-0026,V004,Strömberg Hydraulics AB,2024-06-30,True
RFQ-0026-INV-V007,RFQ-0026,V007,Nakamura Tooling Co.,2024-06-30,True
RFQ-0026-INV-V017,RFQ-0026,V017,Türk Makina A.Ş.,2024-06-30,False
RFQ-0026-INV-V010,RFQ-0026,V010,Adriatic Fastenings d.o.o.,2024-06-30,True
RFQ-0026-INV-V009,RFQ-0026,V009,Fischer & Söhne KG,2024-06-30,True
RFQ-0026-INV-V001,RFQ-0026,V001,Kovacs Precision GmbH,2024-06-30,True
RFQ-0026-INV-V024,RFQ-0026,V024,BalticTech UAB,2024-06-30,False
RFQ-0027-INV-V021,RFQ-0027,V021,Helios Micro Systems,2024-08-20,False
RFQ-0027-INV-V018,RFQ-0027,V018,Guangzhou Mech & Elec Co.,2024-08-20,False
RFQ-0027-INV-V006,RFQ-0027,V006,Bright Spark Electronics Ltd,2024-08-20,True
RFQ-0027-INV-V002,RFQ-0027,V002,Tanaka Electrical KK,2024-08-20,True
RFQ-0027-INV-V013,RFQ-0027,V013,Vantage Sensors GmbH,2024-08-20,False
RFQ-0027-INV-V016,RFQ-0027,V016,Precision Arc Systems,2024-08-20,False
RFQ-0027-INV-V011,RFQ-0027,V011,Solaris Power Components,2024-08-20,True
RFQ-0028-INV-V018,RFQ-0028,V018,Guangzhou Mech & Elec Co.,2024-05-03,True
RFQ-0028-INV-V021,RFQ-0028,V021,Helios Micro Systems,2024-05-03,True
RFQ-0028-INV-V013,RFQ-0028,V013,Vantage Sensors GmbH,2024-05-03,True
RFQ-0028-INV-V006,RFQ-0028,V006,Bright Spark Electronics Ltd,2024-05-03,False
RFQ-0028-INV-V002,RFQ-0028,V002,Tanaka Electrical KK,2024-05-03,True
RFQ-0028-INV-V011,RFQ-0028,V011,Solaris Power Components,2024-05-03,True
RFQ-0028-INV-V016,RFQ-0028,V016,Precision Arc Systems,2024-05-03,True
RFQ-0029-INV-V006,RFQ-0029,V006,Bright Spark Electronics Ltd,2024-01-28,False
RFQ-0029-INV-V016,RFQ-0029,V016,Precision Arc Systems,2024-01-28,True
RFQ-0029-INV-V018,RFQ-0029,V018,Guangzhou Mech & Elec Co.,2024-01-28,True
RFQ-0029-INV-V021,RFQ-0029,V021,Helios Micro Systems,2024-01-28,True
RFQ-0029-INV-V011,RFQ-0029,V011,Solaris Power Components,2024-01-28,False
RFQ-0029-INV-V013,RFQ-0029,V013,Vantage Sensors GmbH,2024-01-28,True
RFQ-0029-INV-V002,RFQ-0029,V002,Tanaka Electrical KK,2024-01-28,True
RFQ-0030-INV-V016,RFQ-0030,V016,Precision Arc Systems,2024-10-17,True
RFQ-0030-INV-V006,RFQ-0030,V006,Bright Spark Electronics Ltd,2024-10-17,False
RFQ-0030-INV-V011,RFQ-0030,V011,Solaris Power Components,2024-10-17,True
RFQ-0030-INV-V002,RFQ-0030,V002,Tanaka Electrical KK,2024-10-17,True
RFQ-0030-INV-V021,RFQ-0030,V021,Helios Micro Systems,2024-10-17,True
RFQ-0030-INV-V013,RFQ-0030,V013,Vantage Sensors GmbH,2024-10-17,True
RFQ-0030-INV-V018,RFQ-0030,V018,Guangzhou Mech & Elec Co.,2024-10-17,False
RFQ-0031-INV-V010,RFQ-0031,V010,Adriatic Fastenings d.o.o.,2025-04-13,True
RFQ-0031-INV-V022,RFQ-0031,V022,Andean Precision SRL,2025-04-13,True
RFQ-0031-INV-V007,RFQ-0031,V007,Nakamura Tooling Co.,2025-04-13,True
RFQ-0031-INV-V019,RFQ-0031,V019,Emerald Isle Castings Ltd,2025-04-13,True
RFQ-0031-INV-V004,RFQ-0031,V004,Strömberg Hydraulics AB,2025-04-13,False
RFQ-0031-INV-V001,RFQ-0031,V001,Kovacs Precision GmbH,2025-04-13,True
RFQ-0031-INV-V017,RFQ-0031,V017,Türk Makina A.Ş.,2025-04-13,False
RFQ-0031-INV-V024,RFQ-0031,V024,BalticTech UAB,2025-04-13,True
RFQ-0032-INV-V006,RFQ-0032,V006,Bright Spark Electronics Ltd,2025-02-05,False
RFQ-0032-INV-V011,RFQ-0032,V011,Solaris Power Components,2025-02-05,False
RFQ-0032-INV-V002,RFQ-0032,V002,Tanaka Electrical KK,2025-02-05,True
RFQ-0032-INV-V018,RFQ-0032,V018,Guangzhou Mech & Elec Co.,2025-02-05,True
RFQ-0032-INV-V013,RFQ-0032,V013,Vantage Sensors GmbH,2025-02-05,False
RFQ-0032-INV-V016,RFQ-0032,V016,Precision Arc Systems,2025-02-05,True
RFQ-0032-INV-V021,RFQ-0032,V021,Helios Micro Systems,2025-02-05,True
RFQ-0033-INV-V004,RFQ-0033,V004,Strömberg Hydraulics AB,2024-08-01,True
RFQ-0033-INV-V001,RFQ-0033,V001,Kovacs Precision GmbH,2024-08-01,True
RFQ-0033-INV-V010,RFQ-0033,V010,Adriatic Fastenings d.o.o.,2024-08-01,True
RFQ-0033-INV-V017,RFQ-0033,V017,Türk Makina A.Ş.,2024-08-01,True
RFQ-0033-INV-V024,RFQ-0033,V024,BalticTech UAB,2024-08-01,True
RFQ-0033-INV-V019,RFQ-0033,V019,Emerald Isle Castings Ltd,2024-08-01,True
RFQ-0033-INV-V007,RFQ-0033,V007,Nakamura Tooling Co.,2024-08-01,False
RFQ-0033-INV-V009,RFQ-0033,V009,Fischer & Söhne KG,2024-08-01,False
RFQ-0034-INV-V018,RFQ-0034,V018,Guangzhou Mech & Elec Co.,2025-01-29,True
RFQ-0034-INV-V002,RFQ-0034,V002,Tanaka Electrical KK,2025-01-29,True
RFQ-0034-INV-V011,RFQ-0034,V011,Solaris Power Components,2025-01-29,False
RFQ-0034-INV-V006,RFQ-0034,V006,Bright Spark Electronics Ltd,2025-01-29,False
RFQ-0034-INV-V016,RFQ-0034,V016,Precision Arc Systems,2025-01-29,True
RFQ-0034-INV-V013,RFQ-0034,V013,Vantage Sensors GmbH,2025-01-29,False
RFQ-0034-INV-V021,RFQ-0034,V021,Helios Micro Systems,2025-01-29,True
RFQ-0035-INV-V006,RFQ-0035,V006,Bright Spark Electronics Ltd,2024-12-12,True
RFQ-0035-INV-V021,RFQ-0035,V021,Helios Micro Systems,2024-12-12,True
RFQ-0035-INV-V013,RFQ-0035,V013,Vantage Sensors GmbH,2024-12-12,True
RFQ-0035-INV-V016,RFQ-0035,V016,Precision Arc Systems,2024-12-12,False
RFQ-0035-INV-V002,RFQ-0035,V002,Tanaka Electrical KK,2024-12-12,False
RFQ-0035-INV-V018,RFQ-0035,V018,Guangzhou Mech & Elec Co.,2024-12-12,False
RFQ-0035-INV-V011,RFQ-0035,V011,Solaris Power Components,2024-12-12,False
RFQ-0036-INV-V021,RFQ-0036,V021,Helios Micro Systems,2024-08-24,False
RFQ-0036-INV-V018,RFQ-0036,V018,Guangzhou Mech & Elec Co.,2024-08-24,True
RFQ-0036-INV-V006,RFQ-0036,V006,Bright Spark Electronics Ltd,2024-08-24,False
RFQ-0036-INV-V011,RFQ-0036,V011,Solaris Power Components,2024-08-24,True
RFQ-0036-INV-V002,RFQ-0036,V002,Tanaka Electrical KK,2024-08-24,True
RFQ-0036-INV-V016,RFQ-0036,V016,Precision Arc Systems,2024-08-24,True
RFQ-0036-INV-V013,RFQ-0036,V013,Vantage Sensors GmbH,2024-08-24,False
RFQ-0037-INV-V002,RFQ-0037,V002,Tanaka Electrical KK,2024-10-14,False
RFQ-0037-INV-V006,RFQ-0037,V006,Bright Spark Electronics Ltd,2024-10-14,True
RFQ-0037-INV-V011,RFQ-0037,V011,Solaris Power Components,2024-10-14,False
RFQ-0037-INV-V018,RFQ-0037,V018,Guangzhou Mech & Elec Co.,2024-10-14,True
RFQ-0037-INV-V021,RFQ-0037,V021,Helios Micro Systems,2024-10-14,True
RFQ-0037-INV-V016,RFQ-0037,V016,Precision Arc Systems,2024-10-14,True
RFQ-0037-INV-V013,RFQ-0037,V013,Vantage Sensors GmbH,2024-10-14,True
RFQ-0038-INV-V001,RFQ-0038,V001,Kovacs Precision GmbH,2025-02-18,True
RFQ-0038-INV-V024,RFQ-0038,V024,BalticTech UAB,2025-02-18,True
RFQ-0038-INV-V007,RFQ-0038,V007,Nakamura Tooling Co.,2025-02-18,True
RFQ-0038-INV-V022,RFQ-0038,V022,Andean Precision SRL,2025-02-18,True
RFQ-0038-INV-V019,RFQ-0038,V019,Emerald Isle Castings Ltd,2025-02-18,True
RFQ-0038-INV-V017,RFQ-0038,V017,Türk Makina A.Ş.,2025-02-18,True
RFQ-0038-INV-V004,RFQ-0038,V004,Strömberg Hydraulics AB,2025-02-18,True
RFQ-0038-INV-V010,RFQ-0038,V010,Adriatic Fastenings d.o.o.,2025-02-18,True
RFQ-0039-INV-V002,RFQ-0039,V002,Tanaka Electrical KK,2024-02-14,True
RFQ-0039-INV-V006,RFQ-0039,V006,Bright Spark Electronics Ltd,2024-02-14,True
RFQ-0039-INV-V021,RFQ-0039,V021,Helios Micro Systems,2024-02-14,True
RFQ-0039-INV-V013,RFQ-0039,V013,Vantage Sensors GmbH,2024-02-14,True
RFQ-0039-INV-V018,RFQ-0039,V018,Guangzhou Mech & Elec Co.,2024-02-14,True
RFQ-0039-INV-V016,RFQ-0039,V016,Precision Arc Systems,2024-02-14,True
RFQ-0039-INV-V011,RFQ-0039,V011,Solaris Power Components,2024-02-14,True
RFQ-0040-INV-V018,RFQ-0040,V018,Guangzhou Mech & Elec Co.,2024-09-14,True
RFQ-0040-INV-V013,RFQ-0040,V013,Vantage Sensors GmbH,2024-09-14,True
RFQ-0040-INV-V021,RFQ-0040,V021,Helios Micro Systems,2024-09-14,True
RFQ-0040-INV-V016,RFQ-0040,V016,Precision Arc Systems,2024-09-14,False
RFQ-0040-INV-V006,RFQ-0040,V006,Bright Spark Electronics Ltd,2024-09-14,False
RFQ-0040-INV-V011,RFQ-0040,V011,Solaris Power Components,2024-09-14,True
RFQ-0040-INV-V002,RFQ-0040,V002,Tanaka Electrical KK,2024-09-14,False
RFQ-0041-INV-V001,RFQ-0041,V001,Kovacs Precision GmbH,2024-05-25,False
RFQ-0041-INV-V007,RFQ-0041,V007,Nakamura Tooling Co.,2024-05-25,True
RFQ-0041-INV-V019,RFQ-0041,V019,Emerald Isle Castings Ltd,2024-05-25,True
RFQ-0041-INV-V022,RFQ-0041,V022,Andean Precision SRL,2024-05-25,True
RFQ-0041-INV-V010,RFQ-0041,V010,Adriatic Fastenings d.o.o.,2024-05-25,True
RFQ-0041-INV-V017,RFQ-0041,V017,Türk Makina A.Ş.,2024-05-25,True
RFQ-0041-INV-V004,RFQ-0041,V004,Strömberg Hydraulics AB,2024-05-25,True
RFQ-0041-INV-V024,RFQ-0041,V024,BalticTech UAB,2024-05-25,False
RFQ-0042-INV-V002,RFQ-0042,V002,Tanaka Electrical KK,2025-01-23,True
RFQ-0042-INV-V006,RFQ-0042,V006,Bright Spark Electronics Ltd,2025-01-23,False
RFQ-0042-INV-V016,RFQ-0042,V016,Precision Arc Systems,2025-01-23,True
RFQ-0042-INV-V021,RFQ-0042,V021,Helios Micro Systems,2025-01-23,True
RFQ-0042-INV-V011,RFQ-0042,V011,Solaris Power Components,2025-01-23,True
RFQ-0042-INV-V013,RFQ-0042,V013,Vantage Sensors GmbH,2025-01-23,True
RFQ-0042-INV-V018,RFQ-0042,V018,Guangzhou Mech & Elec Co.,2025-01-23,True
RFQ-0043-INV-V024,RFQ-0043,V024,BalticTech UAB,2025-01-31,True
RFQ-0043-INV-V010,RFQ-0043,V010,Adriatic Fastenings d.o.o.,2025-01-31,True
RFQ-0043-INV-V017,RFQ-0043,V017,Türk Makina A.Ş.,2025-01-31,True
RFQ-0043-INV-V022,RFQ-0043,V022,Andean Precision SRL,2025-01-31,True
RFQ-0043-INV-V001,RFQ-0043,V001,Kovacs Precision GmbH,2025-01-31,True
RFQ-0043-INV-V009,RFQ-0043,V009,Fischer & Söhne KG,2025-01-31,False
RFQ-0043-INV-V007,RFQ-0043,V007,Nakamura Tooling Co.,2025-01-31,True
RFQ-0043-INV-V004,RFQ-0043,V004,Strömberg Hydraulics AB,2025-01-31,True
RFQ-0044-INV-V004,RFQ-0044,V004,Strömberg Hydraulics AB,2024-06-02,True
RFQ-0044-INV-V024,RFQ-0044,V024,BalticTech UAB,2024-06-02,True
RFQ-0044-INV-V009,RFQ-0044,V009,Fischer & Söhne KG,2024-06-02,True
RFQ-0044-INV-V001,RFQ-0044,V001,Kovacs Precision GmbH,2024-06-02,False
RFQ-0044-INV-V022,RFQ-0044,V022,Andean Precision SRL,2024-06-02,True
RFQ-0044-INV-V017,RFQ-0044,V017,Türk Makina A.Ş.,2024-06-02,True
RFQ-0044-INV-V007,RFQ-0044,V007,Nakamura Tooling Co.,2024-06-02,True
RFQ-0044-INV-V019,RFQ-0044,V019,Emerald Isle Castings Ltd,2024-06-02,True
RFQ-0045-INV-V007,RFQ-0045,V007,Nakamura Tooling Co.,2024-07-08,True
RFQ-0045-INV-V024,RFQ-0045,V024,BalticTech UAB,2024-07-08,True
RFQ-0045-INV-V022,RFQ-0045,V022,Andean Precision SRL,2024-07-08,True
RFQ-0045-INV-V009,RFQ-0045,V009,Fischer & Söhne KG,2024-07-08,True
RFQ-0045-INV-V004,RFQ-0045,V004,Strömberg Hydraulics AB,2024-07-08,True
RFQ-0045-INV-V001,RFQ-0045,V001,Kovacs Precision GmbH,2024-07-08,True
RFQ-0045-INV-V019,RFQ-0045,V019,Emerald Isle Castings Ltd,2024-07-08,True
RFQ-0045-INV-V010,RFQ-0045,V010,Adriatic Fastenings d.o.o.,2024-07-08,True
RFQ-0046-INV-V001,RFQ-0046,V001,Kovacs Precision GmbH,2024-03-31,True
RFQ-0046-INV-V010,RFQ-0046,V010,Adriatic Fastenings d.o.o.,2024-03-31,True
RFQ-0046-INV-V004,RFQ-0046,V004,Strömberg Hydraulics AB,2024-03-31,False
RFQ-0046-INV-V007,RFQ-0046,V007,Nakamura Tooling Co.,2024-03-31,True
RFQ-0046-INV-V017,RFQ-0046,V017,Türk Makina A.Ş.,2024-03-31,True
RFQ-0046-INV-V019,RFQ-0046,V019,Emerald Isle Castings Ltd,2024-03-31,True
RFQ-0046-INV-V024,RFQ-0046,V024,BalticTech UAB,2024-03-31,True
RFQ-0046-INV-V009,RFQ-0046,V009,Fischer & Söhne KG,2024-03-31,True
RFQ-0047-INV-V008,RFQ-0047,V008,Delta Composites Inc.,2024-07-06,False
RFQ-0047-INV-V014,RFQ-0047,V014,Coastal Alloys Pty Ltd,2024-07-06,True
RFQ-0047-INV-V003,RFQ-0047,V003,Patel Alloys Pvt Ltd,2024-07-06,True
RFQ-0047-INV-V020,RFQ-0047,V020,Rajasthan Rare Earths Ltd,2024-07-06,True
RFQ-0047-INV-V015,RFQ-0047,V015,Nordic Steel AS,2024-07-06,True
RFQ-0047-INV-V012,RFQ-0047,V012,Indra Copper Works,2024-07-06,False
RFQ-0047-INV-V023,RFQ-0047,V023,Sahara Industrial FZE,2024-07-06,True
RFQ-0047-INV-V005,RFQ-0047,V005,Cerro Negro Metals SA,2024-07-06,False
RFQ-0048-INV-V016,RFQ-0048,V016,Precision Arc Systems,2024-11-16,False
RFQ-0048-INV-V018,RFQ-0048,V018,Guangzhou Mech & Elec Co.,2024-11-16,True
RFQ-0048-INV-V006,RFQ-0048,V006,Bright Spark Electronics Ltd,2024-11-16,False
RFQ-0048-INV-V011,RFQ-0048,V011,Solaris Power Components,2024-11-16,False
RFQ-0048-INV-V002,RFQ-0048,V002,Tanaka Electrical KK,2024-11-16,True
RFQ-0048-INV-V021,RFQ-0048,V021,Helios Micro Systems,2024-11-16,True
RFQ-0048-INV-V013,RFQ-0048,V013,Vantage Sensors GmbH,2024-11-16,True
RFQ-0049-INV-V016,RFQ-0049,V016,Precision Arc Systems,2024-05-31,False
RFQ-0049-INV-V013,RFQ-0049,V013,Vantage Sensors GmbH,2024-05-31,True
RFQ-0049-INV-V021,RFQ-0049,V021,Helios Micro Systems,2024-05-31,False
RFQ-0049-INV-V011,RFQ-0049,V011,Solaris Power Components,2024-05-31,False
RFQ-0049-INV-V006,RFQ-0049,V006,Bright Spark Electronics Ltd,2024-05-31,False
RFQ-0049-INV-V002,RFQ-0049,V002,Tanaka Electrical KK,2024-05-31,True
RFQ-0049-INV-V018,RFQ-0049,V018,Guangzhou Mech & Elec Co.,2024-05-31,True
RFQ-0050-INV-V004,RFQ-0050,V004,Strömberg Hydraulics AB,2024-02-09,True
RFQ-0050-INV-V019,RFQ-0050,V019,Emerald Isle Castings Ltd,2024-02-09,False
RFQ-0050-INV-V010,RFQ-0050,V010,Adriatic Fastenings d.o.o.,2024-02-09,True
RFQ-0050-INV-V017,RFQ-0050,V017,Türk Makina A.Ş.,2024-02-09,False
RFQ-0050-INV-V022,RFQ-0050,V022,Andean Precision SRL,2024-02-09,True
RFQ-0050-INV-V001,RFQ-0050,V001,Kovacs Precision GmbH,2024-02-09,True
RFQ-0050-INV-V007,RFQ-0050,V007,Nakamura Tooling Co.,2024-02-09,True
RFQ-0050-INV-V024,RFQ-0050,V024,BalticTech UAB,2024-02-09,True
RFQ-0051-INV-V006,RFQ-0051,V006,Bright Spark Electronics Ltd,2024-01-24,False
RFQ-0051-INV-V021,RFQ-0051,V021,Helios Micro Systems,2024-01-24,True
RFQ-0051-INV-V016,RFQ-0051,V016,Precision Arc Systems,2024-01-24,False
RFQ-0051-INV-V018,RFQ-0051,V018,Guangzhou Mech & Elec Co.,2024-01-24,True
RFQ-0051-INV-V013,RFQ-0051,V013,Vantage Sensors GmbH,2024-01-24,True
RFQ-0051-INV-V002,RFQ-0051,V002,Tanaka Electrical KK,2024-01-24,False
RFQ-0051-INV-V011,RFQ-0051,V011,Solaris Power Components,2024-01-24,False
RFQ-0052-INV-V013,RFQ-0052,V013,Vantage Sensors GmbH,2024-09-22,False
RFQ-0052-INV-V016,RFQ-0052,V016,Precision Arc Systems,2024-09-22,False
RFQ-0052-INV-V018,RFQ-0052,V018,Guangzhou Mech & Elec Co.,2024-09-22,True
RFQ-0052-INV-V011,RFQ-0052,V011,Solaris Power Components,2024-09-22,True
RFQ-0052-INV-V002,RFQ-0052,V002,Tanaka Electrical KK,2024-09-22,True
RFQ-0052-INV-V006,RFQ-0052,V006,Bright Spark Electronics Ltd,2024-09-22,False
RFQ-0052-INV-V021,RFQ-0052,V021,Helios Micro Systems,2024-09-22,True
RFQ-0053-INV-V011,RFQ-0053,V011,Solaris Power Components,2024-06-12,True
RFQ-0053-INV-V002,RFQ-0053,V002,Tanaka Electrical KK,2024-06-12,True
RFQ-0053-INV-V018,RFQ-0053,V018,Guangzhou Mech & Elec Co.,2024-06-12,True
RFQ-0053-INV-V013,RFQ-0053,V013,Vantage Sensors GmbH,2024-06-12,True
RFQ-0053-INV-V016,RFQ-0053,V016,Precision Arc Systems,2024-06-12,True
RFQ-0053-INV-V021,RFQ-0053,V021,Helios Micro Systems,2024-06-12,True
RFQ-0053-INV-V006,RFQ-0053,V006,Bright Spark Electronics Ltd,2024-06-12,False
RFQ-0054-INV-V011,RFQ-0054,V011,Solaris Power Components,2024-12-17,False
RFQ-0054-INV-V021,RFQ-0054,V021,Helios Micro Systems,2024-12-17,False
RFQ-0054-INV-V002,RFQ-0054,V002,Tanaka Electrical KK,2024-12-17,True
RFQ-0054-INV-V016,RFQ-0054,V016,Precision Arc Systems,2024-12-17,True
RFQ-0054-INV-V006,RFQ-0054,V006,Bright Spark Electronics Ltd,2024-12-17,False
RFQ-0054-INV-V018,RFQ-0054,V018,Guangzhou Mech & Elec Co.,2024-12-17,False
RFQ-0054-INV-V013,RFQ-0054,V013,Vantage Sensors GmbH,2024-12-17,False
RFQ-0055-INV-V018,RFQ-0055,V018,Guangzhou Mech & Elec Co.,2024-11-27,True
RFQ-0055-INV-V006,RFQ-0055,V006,Bright Spark Electronics Ltd,2024-11-27,True
RFQ-0055-INV-V021,RFQ-0055,V021,Helios Micro Systems,2024-11-27,True
RFQ-0055-INV-V002,RFQ-0055,V002,Tanaka Electrical KK,2024-11-27,True
RFQ-0055-INV-V013,RFQ-0055,V013,Vantage Sensors GmbH,2024-11-27,True
RFQ-0055-INV-V011,RFQ-0055,V011,Solaris Power Components,2024-11-27,True
RFQ-0055-INV-V016,RFQ-0055,V016,Precision Arc Systems,2024-11-27,True
RFQ-0056-INV-V006,RFQ-0056,V006,Bright Spark Electronics Ltd,2024-06-18,True
RFQ-0056-INV-V016,RFQ-0056,V016,Precision Arc Systems,2024-06-18,True
RFQ-0056-INV-V013,RFQ-0056,V013,Vantage Sensors GmbH,2024-06-18,False
RFQ-0056-INV-V021,RFQ-0056,V021,Helios Micro Systems,2024-06-18,False
RFQ-0056-INV-V011,RFQ-0056,V011,Solaris Power Components,2024-06-18,False
RFQ-0056-INV-V002,RFQ-0056,V002,Tanaka Electrical KK,2024-06-18,False
RFQ-0056-INV-V018,RFQ-0056,V018,Guangzhou Mech & Elec Co.,2024-06-18,True
RFQ-0057-INV-V022,RFQ-0057,V022,Andean Precision SRL,2024-06-05,False
RFQ-0057-INV-V024,RFQ-0057,V024,BalticTech UAB,2024-06-05,True
RFQ-0057-INV-V010,RFQ-0057,V010,Adriatic Fastenings d.o.o.,2024-06-05,True
RFQ-0057-INV-V009,RFQ-0057,V009,Fischer & Söhne KG,2024-06-05,False
RFQ-0057-INV-V004,RFQ-0057,V004,Strömberg Hydraulics AB,2024-06-05,False
RFQ-0057-INV-V001,RFQ-0057,V001,Kovacs Precision GmbH,2024-06-05,True
RFQ-0057-INV-V019,RFQ-0057,V019,Emerald Isle Castings Ltd,2024-06-05,True
RFQ-0057-INV-V007,RFQ-0057,V007,Nakamura Tooling Co.,2024-06-05,True
RFQ-0058-INV-V002,RFQ-0058,V002,Tanaka Electrical KK,2024-07-18,False
RFQ-0058-INV-V018,RFQ-0058,V018,Guangzhou Mech & Elec Co.,2024-07-18,True
RFQ-0058-INV-V016,RFQ-0058,V016,Precision Arc Systems,2024-07-18,True
RFQ-0058-INV-V006,RFQ-0058,V006,Bright Spark Electronics Ltd,2024-07-18,True
RFQ-0058-INV-V021,RFQ-0058,V021,Helios Micro Systems,2024-07-18,True
RFQ-0058-INV-V013,RFQ-0058,V013,Vantage Sensors GmbH,2024-07-18,True
RFQ-0058-INV-V011,RFQ-0058,V011,Solaris Power Components,2024-07-18,True
RFQ-0059-INV-V007,RFQ-0059,V007,Nakamura Tooling Co.,2024-08-21,True
RFQ-0059-INV-V022,RFQ-0059,V022,Andean Precision SRL,2024-08-21,True
RFQ-0059-INV-V004,RFQ-0059,V004,Strömberg Hydraulics AB,2024-08-21,True
RFQ-0059-INV-V017,RFQ-0059,V017,Türk Makina A.Ş.,2024-08-21,True
RFQ-0059-INV-V010,RFQ-0059,V010,Adriatic Fastenings d.o.o.,2024-08-21,True
RFQ-0059-INV-V009,RFQ-0059,V009,Fischer & Söhne KG,2024-08-21,True
RFQ-0059-INV-V019,RFQ-0059,V019,Emerald Isle Castings Ltd,2024-08-21,True
RFQ-0059-INV-V001,RFQ-0059,V001,Kovacs Precision GmbH,2024-08-21,True
RFQ-0060-INV-V024,RFQ-0060,V024,BalticTech UAB,2024-02-15,True
RFQ-0060-INV-V019,RFQ-0060,V019,Emerald Isle Castings Ltd,2024-02-15,True
RFQ-0060-INV-V017,RFQ-0060,V017,Türk Makina A.Ş.,2024-02-15,True
RFQ-0060-INV-V007,RFQ-0060,V007,Nakamura Tooling Co.,2024-02-15,True
RFQ-0060-INV-V004,RFQ-0060,V004,Strömberg Hydraulics AB,2024-02-15,True
RFQ-0060-INV-V001,RFQ-0060,V001,Kovacs Precision GmbH,2024-02-15,False
RFQ-0060-INV-V010,RFQ-0060,V010,Adriatic Fastenings d.o.o.,2024-02-15,True
RFQ-0060-INV-V022,RFQ-0060,V022,Andean Precision SRL,2024-02-15,True
RFQ-0061-INV-V011,RFQ-0061,V011,Solaris Power Components,2024-02-29,False
RFQ-0061-INV-V016,RFQ-0061,V016,Precision Arc Systems,2024-02-29,True
RFQ-0061-INV-V002,RFQ-0061,V002,Tanaka Electrical KK,2024-02-29,True
RFQ-0061-INV-V006,RFQ-0061,V006,Bright Spark Electronics Ltd,2024-02-29,False
RFQ-0061-INV-V018,RFQ-0061,V018,Guangzhou Mech & Elec Co.,2024-02-29,True
RFQ-0061-INV-V021,RFQ-0061,V021,Helios Micro Systems,2024-02-29,False
RFQ-0061-INV-V013,RFQ-0061,V013,Vantage Sensors GmbH,2024-02-29,True
RFQ-0062-INV-V018,RFQ-0062,V018,Guangzhou Mech & Elec Co.,2024-06-03,True
RFQ-0062-INV-V002,RFQ-0062,V002,Tanaka Electrical KK,2024-06-03,True
RFQ-0062-INV-V011,RFQ-0062,V011,Solaris Power Components,2024-06-03,True
RFQ-0062-INV-V021,RFQ-0062,V021,Helios Micro Systems,2024-06-03,False
RFQ-0062-INV-V013,RFQ-0062,V013,Vantage Sensors GmbH,2024-06-03,True
RFQ-0062-INV-V006,RFQ-0062,V006,Bright Spark Electronics Ltd,2024-06-03,False
RFQ-0062-INV-V016,RFQ-0062,V016,Precision Arc Systems,2024-06-03,False
RFQ-0063-INV-V007,RFQ-0063,V007,Nakamura Tooling Co.,2024-10-23,True
RFQ-0063-INV-V009,RFQ-0063,V009,Fischer & Söhne KG,2024-10-23,False
RFQ-0063-INV-V019,RFQ-0063,V019,Emerald Isle Castings Ltd,2024-10-23,True
RFQ-0063-INV-V004,RFQ-0063,V004,Strömberg Hydraulics AB,2024-10-23,True
RFQ-0063-INV-V022,RFQ-0063,V022,Andean Precision SRL,2024-10-23,True
RFQ-0063-INV-V001,RFQ-0063,V001,Kovacs Precision GmbH,2024-10-23,True
RFQ-0063-INV-V024,RFQ-0063,V024,BalticTech UAB,2024-10-23,True
RFQ-0063-INV-V010,RFQ-0063,V010,Adriatic Fastenings d.o.o.,2024-10-23,True
RFQ-0064-INV-V006,RFQ-0064,V006,Bright Spark Electronics Ltd,2024-05-21,True
RFQ-0064-INV-V016,RFQ-0064,V016,Precision Arc Systems,2024-05-21,True
RFQ-0064-INV-V018,RFQ-0064,V018,Guangzhou Mech & Elec Co.,2024-05-21,True
RFQ-0064-INV-V013,RFQ-0064,V013,Vantage Sensors GmbH,2024-05-21,False
RFQ-0064-INV-V021,RFQ-0064,V021,Helios Micro Systems,2024-05-21,True
RFQ-0064-INV-V002,RFQ-0064,V002,Tanaka Electrical KK,2024-05-21,False
RFQ-0064-INV-V011,RFQ-0064,V011,Solaris Power Components,2024-05-21,True
RFQ-0065-INV-V018,RFQ-0065,V018,Guangzhou Mech & Elec Co.,2024-08-27,True
RFQ-0065-INV-V011,RFQ-0065,V011,Solaris Power Components,2024-08-27,False
RFQ-0065-INV-V021,RFQ-0065,V021,Helios Micro Systems,2024-08-27,True
RFQ-0065-INV-V002,RFQ-0065,V002,Tanaka Electrical KK,2024-08-27,False
RFQ-0065-INV-V006,RFQ-0065,V006,Bright Spark Electronics Ltd,2024-08-27,True
RFQ-0065-INV-V013,RFQ-0065,V013,Vantage Sensors GmbH,2024-08-27,True
RFQ-0065-INV-V016,RFQ-0065,V016,Precision Arc Systems,2024-08-27,False
RFQ-0066-INV-V006,RFQ-0066,V006,Bright Spark Electronics Ltd,2025-03-04,True
RFQ-0066-INV-V021,RFQ-0066,V021,Helios Micro Systems,2025-03-04,True
RFQ-0066-INV-V002,RFQ-0066,V002,Tanaka Electrical KK,2025-03-04,False
RFQ-0066-INV-V011,RFQ-0066,V011,Solaris Power Components,2025-03-04,True
RFQ-0066-INV-V016,RFQ-0066,V016,Precision Arc Systems,2025-03-04,False
RFQ-0066-INV-V013,RFQ-0066,V013,Vantage Sensors GmbH,2025-03-04,True
RFQ-0066-INV-V018,RFQ-0066,V018,Guangzhou Mech & Elec Co.,2025-03-04,True
RFQ-0067-INV-V016,RFQ-0067,V016,Precision Arc Systems,2024-07-24,True
RFQ-0067-INV-V018,RFQ-0067,V018,Guangzhou Mech & Elec Co.,2024-07-24,True
RFQ-0067-INV-V002,RFQ-0067,V002,Tanaka Electrical KK,2024-07-24,True
RFQ-0067-INV-V011,RFQ-0067,V011,Solaris Power Components,2024-07-24,False
RFQ-0067-INV-V021,RFQ-0067,V021,Helios Micro Systems,2024-07-24,False
RFQ-0067-INV-V013,RFQ-0067,V013,Vantage Sensors GmbH,2024-07-24,True
RFQ-0067-INV-V006,RFQ-0067,V006,Bright Spark Electronics Ltd,2024-07-24,True
RFQ-0068-INV-V018,RFQ-0068,V018,Guangzhou Mech & Elec Co.,2025-02-04,False
RFQ-0068-INV-V013,RFQ-0068,V013,Vantage Sensors GmbH,2025-02-04,True
RFQ-0068-INV-V011,RFQ-0068,V011,Solaris Power Components,2025-02-04,False
RFQ-0068-INV-V006,RFQ-0068,V006,Bright Spark Electronics Ltd,2025-02-04,False
RFQ-0068-INV-V016,RFQ-0068,V016,Precision Arc Systems,2025-02-04,True
RFQ-0068-INV-V002,RFQ-0068,V002,Tanaka Electrical KK,2025-02-04,True
RFQ-0068-INV-V021,RFQ-0068,V021,Helios Micro Systems,2025-02-04,True
RFQ-0069-INV-V010,RFQ-0069,V010,Adriatic Fastenings d.o.o.,2024-08-01,False
RFQ-0069-INV-V007,RFQ-0069,V007,Nakamura Tooling Co.,2024-08-01,True
RFQ-0069-INV-V017,RFQ-0069,V017,Türk Makina A.Ş.,2024-08-01,True
RFQ-0069-INV-V019,RFQ-0069,V019,Emerald Isle Castings Ltd,2024-08-01,True
RFQ-0069-INV-V004,RFQ-0069,V004,Strömberg Hydraulics AB,2024-08-01,True
RFQ-0069-INV-V024,RFQ-0069,V024,BalticTech UAB,2024-08-01,True
RFQ-0069-INV-V022,RFQ-0069,V022,Andean Precision SRL,2024-08-01,False
RFQ-0069-INV-V009,RFQ-0069,V009,Fischer & Söhne KG,2024-08-01,True
RFQ-0070-INV-V007,RFQ-0070,V007,Nakamura Tooling Co.,2024-04-18,True
RFQ-0070-INV-V009,RFQ-0070,V009,Fischer & Söhne KG,2024-04-18,True
RFQ-0070-INV-V019,RFQ-0070,V019,Emerald Isle Castings Ltd,2024-04-18,False
RFQ-0070-INV-V022,RFQ-0070,V022,Andean Precision SRL,2024-04-18,True
RFQ-0070-INV-V004,RFQ-0070,V004,Strömberg Hydraulics AB,2024-04-18,True
RFQ-0070-INV-V010,RFQ-0070,V010,Adriatic Fastenings d.o.o.,2024-04-18,True
RFQ-0070-INV-V024,RFQ-0070,V024,BalticTech UAB,2024-04-18,True
RFQ-0070-INV-V001,RFQ-0070,V001,Kovacs Precision GmbH,2024-04-18,True
RFQ-0071-INV-V011,RFQ-0071,V011,Solaris Power Components,2025-03-20,True
RFQ-0071-INV-V016,RFQ-0071,V016,Precision Arc Systems,2025-03-20,True
RFQ-0071-INV-V002,RFQ-0071,V002,Tanaka Electrical KK,2025-03-20,True
RFQ-0071-INV-V006,RFQ-0071,V006,Bright Spark Electronics Ltd,2025-03-20,False
RFQ-0071-INV-V018,RFQ-0071,V018,Guangzhou Mech & Elec Co.,2025-03-20,True
RFQ-0071-INV-V013,RFQ-0071,V013,Vantage Sensors GmbH,2025-03-20,False
RFQ-0071-INV-V021,RFQ-0071,V021,Helios Micro Systems,2025-03-20,True
RFQ-0072-INV-V008,RFQ-0072,V008,Delta Composites Inc.,2024-11-21,True
RFQ-0072-INV-V014,RFQ-0072,V014,Coastal Alloys Pty Ltd,2024-11-21,True
RFQ-0072-INV-V023,RFQ-0072,V023,Sahara Industrial FZE,2024-11-21,False
RFQ-0072-INV-V003,RFQ-0072,V003,Patel Alloys Pvt Ltd,2024-11-21,True
RFQ-0072-INV-V015,RFQ-0072,V015,Nordic Steel AS,2024-11-21,True
RFQ-0072-INV-V005,RFQ-0072,V005,Cerro Negro Metals SA,2024-11-21,True
RFQ-0072-INV-V020,RFQ-0072,V020,Rajasthan Rare Earths Ltd,2024-11-21,True
RFQ-0072-INV-V012,RFQ-0072,V012,Indra Copper Works,2024-11-21,True
RFQ-0073-INV-V003,RFQ-0073,V003,Patel Alloys Pvt Ltd,2025-01-27,True
RFQ-0073-INV-V012,RFQ-0073,V012,Indra Copper Works,2025-01-27,True
RFQ-0073-INV-V023,RFQ-0073,V023,Sahara Industrial FZE,2025-01-27,False
RFQ-0073-INV-V005,RFQ-0073,V005,Cerro Negro Metals SA,2025-01-27,True
RFQ-0073-INV-V020,RFQ-0073,V020,Rajasthan Rare Earths Ltd,2025-01-27,True
RFQ-0073-INV-V015,RFQ-0073,V015,Nordic Steel AS,2025-01-27,True
RFQ-0073-INV-V014,RFQ-0073,V014,Coastal Alloys Pty Ltd,2025-01-27,False
RFQ-0073-INV-V008,RFQ-0073,V008,Delta Composites Inc.,2025-01-27,True
RFQ-0074-INV-V024,RFQ-0074,V024,BalticTech UAB,2024-03-04,False
RFQ-0074-INV-V010,RFQ-0074,V010,Adriatic Fastenings d.o.o.,2024-03-04,True
RFQ-0074-INV-V001,RFQ-0074,V001,Kovacs Precision GmbH,2024-03-04,True
RFQ-0074-INV-V007,RFQ-0074,V007,Nakamura Tooling Co.,2024-03-04,True
RFQ-0074-INV-V009,RFQ-0074,V009,Fischer & Söhne KG,2024-03-04,False
RFQ-0074-INV-V019,RFQ-0074,V019,Emerald Isle Castings Ltd,2024-03-04,False
RFQ-0074-INV-V017,RFQ-0074,V017,Türk Makina A.Ş.,2024-03-04,True
RFQ-0074-INV-V022,RFQ-0074,V022,Andean Precision SRL,2024-03-04,True
RFQ-0075-INV-V017,RFQ-0075,V017,Türk Makina A.Ş.,2025-01-20,True
RFQ-0075-INV-V004,RFQ-0075,V004,Strömberg Hydraulics AB,2025-01-20,True
RFQ-0075-INV-V022,RFQ-0075,V022,Andean Precision SRL,2025-01-20,True
RFQ-0075-INV-V007,RFQ-0075,V007,Nakamura Tooling Co.,2025-01-20,True
RFQ-0075-INV-V019,RFQ-0075,V019,Emerald Isle Castings Ltd,2025-01-20,False
RFQ-0075-INV-V009,RFQ-0075,V009,Fischer & Söhne KG,2025-01-20,True
RFQ-0075-INV-V001,RFQ-0075,V001,Kovacs Precision GmbH,2025-01-20,True
RFQ-0075-INV-V024,RFQ-0075,V024,BalticTech UAB,2025-01-20,False
RFQ-0076-INV-V018,RFQ-0076,V018,Guangzhou Mech & Elec Co.,2024-10-26,True
RFQ-0076-INV-V011,RFQ-0076,V011,Solaris Power Components,2024-10-26,True
RFQ-0076-INV-V002,RFQ-0076,V002,Tanaka Electrical KK,2024-10-26,True
RFQ-0076-INV-V021,RFQ-0076,V021,Helios Micro Systems,2024-10-26,True
RFQ-0076-INV-V006,RFQ-0076,V006,Bright Spark Electronics Ltd,2024-10-26,True
RFQ-0076-INV-V016,RFQ-0076,V016,Precision Arc Systems,2024-10-26,False
RFQ-0076-INV-V013,RFQ-0076,V013,Vantage Sensors GmbH,2024-10-26,False
RFQ-0077-INV-V016,RFQ-0077,V016,Precision Arc Systems,2025-03-17,True
RFQ-0077-INV-V006,RFQ-0077,V006,Bright Spark Electronics Ltd,2025-03-17,False
RFQ-0077-INV-V011,RFQ-0077,V011,Solaris Power Components,2025-03-17,False
RFQ-0077-INV-V002,RFQ-0077,V002,Tanaka Electrical KK,2025-03-17,False
RFQ-0077-INV-V018,RFQ-0077,V018,Guangzhou Mech & Elec Co.,2025-03-17,True
RFQ-0077-INV-V013,RFQ-0077,V013,Vantage Sensors GmbH,2025-03-17,True
RFQ-0077-INV-V021,RFQ-0077,V021,Helios Micro Systems,2025-03-17,True
RFQ-0078-INV-V018,RFQ-0078,V018,Guangzhou Mech & Elec Co.,2024-08-04,True
RFQ-0078-INV-V011,RFQ-0078,V011,Solaris Power Components,2024-08-04,False
RFQ-0078-INV-V002,RFQ-0078,V002,Tanaka Electrical KK,2024-08-04,False
RFQ-0078-INV-V021,RFQ-0078,V021,Helios Micro Systems,2024-08-04,False
RFQ-0078-INV-V013,RFQ-0078,V013,Vantage Sensors GmbH,2024-08-04,True
RFQ-0078-INV-V006,RFQ-0078,V006,Bright Spark Electronics Ltd,2024-08-04,True
RFQ-0078-INV-V016,RFQ-0078,V016,Precision Arc Systems,2024-08-04,False
RFQ-0079-INV-V008,RFQ-0079,V008,Delta Composites Inc.,2024-07-27,True
RFQ-0079-INV-V023,RFQ-0079,V023,Sahara Industrial FZE,2024-07-27,False
RFQ-0079-INV-V012,RFQ-0079,V012,Indra Copper Works,2024-07-27,True
RFQ-0079-INV-V005,RFQ-0079,V005,Cerro Negro Metals SA,2024-07-27,False
RFQ-0079-INV-V014,RFQ-0079,V014,Coastal Alloys Pty Ltd,2024-07-27,True
RFQ-0079-INV-V015,RFQ-0079,V015,Nordic Steel AS,2024-07-27,True
RFQ-0079-INV-V003,RFQ-0079,V003,Patel Alloys Pvt Ltd,2024-07-27,True
RFQ-0079-INV-V020,RFQ-0079,V020,Rajasthan Rare Earths Ltd,2024-07-27,True
RFQ-0080-INV-V010,RFQ-0080,V010,Adriatic Fastenings d.o.o.,2025-02-03,True
RFQ-0080-INV-V022,RFQ-0080,V022,Andean Precision SRL,2025-02-03,True
RFQ-0080-INV-V019,RFQ-0080,V019,Emerald Isle Castings Ltd,2025-02-03,True
RFQ-0080-INV-V007,RFQ-0080,V007,Nakamura Tooling Co.,2025-02-03,False
RFQ-0080-INV-V001,RFQ-0080,V001,Kovacs Precision GmbH,2025-02-03,False
RFQ-0080-INV-V024,RFQ-0080,V024,BalticTech UAB,2025-02-03,True
RFQ-0080-INV-V009,RFQ-0080,V009,Fischer & Söhne KG,2025-02-03,True
RFQ-0080-INV-V017,RFQ-0080,V017,Türk Makina A.Ş.,2025-02-03,True
RFQ-0081-INV-V004,RFQ-0081,V004,Strömberg Hydraulics AB,2024-05-05,True
RFQ-0081-INV-V024,RFQ-0081,V024,BalticTech UAB,2024-05-05,True
RFQ-0081-INV-V009,RFQ-0081,V009,Fischer & Söhne KG,2024-05-05,True
RFQ-0081-INV-V022,RFQ-0081,V022,Andean Precision SRL,2024-05-05,True
RFQ-0081-INV-V001,RFQ-0081,V001,Kovacs Precision GmbH,2024-05-05,True
RFQ-0081-INV-V019,RFQ-0081,V019,Emerald Isle Castings Ltd,2024-05-05,True
RFQ-0081-INV-V010,RFQ-0081,V010,Adriatic Fastenings d.o.o.,2024-05-05,False
RFQ-0081-INV-V007,RFQ-0081,V007,Nakamura Tooling Co.,2024-05-05,True
RFQ-0082-INV-V002,RFQ-0082,V002,Tanaka Electrical KK,2024-11-26,True
RFQ-0082-INV-V013,RFQ-0082,V013,Vantage Sensors GmbH,2024-11-26,True
RFQ-0082-INV-V018,RFQ-0082,V018,Guangzhou Mech & Elec Co.,2024-11-26,False
RFQ-0082-INV-V006,RFQ-0082,V006,Bright Spark Electronics Ltd,2024-11-26,True
RFQ-0082-INV-V016,RFQ-0082,V016,Precision Arc Systems,2024-11-26,True
RFQ-0082-INV-V021,RFQ-0082,V021,Helios Micro Systems,2024-11-26,True
RFQ-0082-INV-V011,RFQ-0082,V011,Solaris Power Components,2024-11-26,True
RFQ-0083-INV-V013,RFQ-0083,V013,Vantage Sensors GmbH,2025-04-22,False
RFQ-0083-INV-V002,RFQ-0083,V002,Tanaka Electrical KK,2025-04-22,True
RFQ-0083-INV-V016,RFQ-0083,V016,Precision Arc Systems,2025-04-22,False
RFQ-0083-INV-V021,RFQ-0083,V021,Helios Micro Systems,2025-04-22,False
RFQ-0083-INV-V018,RFQ-0083,V018,Guangzhou Mech & Elec Co.,2025-04-22,True
RFQ-0083-INV-V006,RFQ-0083,V006,Bright Spark Electronics Ltd,2025-04-22,True
RFQ-0083-INV-V011,RFQ-0083,V011,Solaris Power Components,2025-04-22,False
RFQ-0084-INV-V010,RFQ-0084,V010,Adriatic Fastenings d.o.o.,2024-03-05,True
RFQ-0084-INV-V009,RFQ-0084,V009,Fischer & Söhne KG,2024-03-05,True
RFQ-0084-INV-V024,RFQ-0084,V024,BalticTech UAB,2024-03-05,True
RFQ-0084-INV-V007,RFQ-0084,V007,Nakamura Tooling Co.,2024-03-05,True
RFQ-0084-INV-V019,RFQ-0084,V019,Emerald Isle Castings Ltd,2024-03-05,True
RFQ-0084-INV-V001,RFQ-0084,V001,Kovacs Precision GmbH,2024-03-05,False
RFQ-0084-INV-V004,RFQ-0084,V004,Strömberg Hydraulics AB,2024-03-05,True
RFQ-0084-INV-V017,RFQ-0084,V017,Türk Makina A.Ş.,2024-03-05,False
RFQ-0085-INV-V009,RFQ-0085,V009,Fischer & Söhne KG,2025-03-08,True
RFQ-0085-INV-V001,RFQ-0085,V001,Kovacs Precision GmbH,2025-03-08,True
RFQ-0085-INV-V017,RFQ-0085,V017,Türk Makina A.Ş.,2025-03-08,True
RFQ-0085-INV-V022,RFQ-0085,V022,Andean Precision SRL,2025-03-08,True
RFQ-0085-INV-V024,RFQ-0085,V024,BalticTech UAB,2025-03-08,True
RFQ-0085-INV-V007,RFQ-0085,V007,Nakamura Tooling Co.,2025-03-08,False
RFQ-0085-INV-V010,RFQ-0085,V010,Adriatic Fastenings d.o.o.,2025-03-08,True
RFQ-0085-INV-V019,RFQ-0085,V019,Emerald Isle Castings Ltd,2025-03-08,True
RFQ-0086-INV-V013,RFQ-0086,V013,Vantage Sensors GmbH,2024-07-28,True
RFQ-0086-INV-V006,RFQ-0086,V006,Bright Spark Electronics Ltd,2024-07-28,True
RFQ-0086-INV-V011,RFQ-0086,V011,Solaris Power Components,2024-07-28,True
RFQ-0086-INV-V016,RFQ-0086,V016,Precision Arc Systems,2024-07-28,False
RFQ-0086-INV-V002,RFQ-0086,V002,Tanaka Electrical KK,2024-07-28,False
RFQ-0086-INV-V021,RFQ-0086,V021,Helios Micro Systems,2024-07-28,True
RFQ-0086-INV-V018,RFQ-0086,V018,Guangzhou Mech & Elec Co.,2024-07-28,False
RFQ-0087-INV-V004,RFQ-0087,V004,Strömberg Hydraulics AB,2024-10-29,True
RFQ-0087-INV-V022,RFQ-0087,V022,Andean Precision SRL,2024-10-29,True
RFQ-0087-INV-V009,RFQ-0087,V009,Fischer & Söhne KG,2024-10-29,True
RFQ-0087-INV-V010,RFQ-0087,V010,Adriatic Fastenings d.o.o.,2024-10-29,True
RFQ-0087-INV-V007,RFQ-0087,V007,Nakamura Tooling Co.,2024-10-29,False
RFQ-0087-INV-V001,RFQ-0087,V001,Kovacs Precision GmbH,2024-10-29,True
RFQ-0087-INV-V024,RFQ-0087,V024,BalticTech UAB,2024-10-29,True
RFQ-0087-INV-V017,RFQ-0087,V017,Türk Makina A.Ş.,2024-10-29,True
RFQ-0088-INV-V018,RFQ-0088,V018,Guangzhou Mech & Elec Co.,2025-03-04,False
RFQ-0088-INV-V013,RFQ-0088,V013,Vantage Sensors GmbH,2025-03-04,True
RFQ-0088-INV-V006,RFQ-0088,V006,Bright Spark Electronics Ltd,2025-03-04,True
RFQ-0088-INV-V002,RFQ-0088,V002,Tanaka Electrical KK,2025-03-04,True
RFQ-0088-INV-V021,RFQ-0088,V021,Helios Micro Systems,2025-03-04,False
RFQ-0088-INV-V016,RFQ-0088,V016,Precision Arc Systems,2025-03-04,True
RFQ-0088-INV-V011,RFQ-0088,V011,Solaris Power Components,2025-03-04,True
RFQ-0089-INV-V016,RFQ-0089,V016,Precision Arc Systems,2024-05-28,False
RFQ-0089-INV-V002,RFQ-0089,V002,Tanaka Electrical KK,2024-05-28,False
RFQ-0089-INV-V011,RFQ-0089,V011,Solaris Power Components,2024-05-28,False
RFQ-0089-INV-V018,RFQ-0089,V018,Guangzhou Mech & Elec Co.,2024-05-28,False
RFQ-0089-INV-V013,RFQ-0089,V013,Vantage Sensors GmbH,2024-05-28,True
RFQ-0089-INV-V021,RFQ-0089,V021,Helios Micro Systems,2024-05-28,True
RFQ-0089-INV-V006,RFQ-0089,V006,Bright Spark Electronics Ltd,2024-05-28,False
RFQ-0090-INV-V011,RFQ-0090,V011,Solaris Power Components,2025-02-07,True
RFQ-0090-INV-V013,RFQ-0090,V013,Vantage Sensors GmbH,2025-02-07,False
RFQ-0090-INV-V006,RFQ-0090,V006,Bright Spark Electronics Ltd,2025-02-07,True
RFQ-0090-INV-V002,RFQ-0090,V002,Tanaka Electrical KK,2025-02-07,True
RFQ-0090-INV-V021,RFQ-0090,V021,Helios Micro Systems,2025-02-07,True
RFQ-0090-INV-V018,RFQ-0090,V018,Guangzhou Mech & Elec Co.,2025-02-07,True
RFQ-0090-INV-V016,RFQ-0090,V016,Precision Arc Systems,2025-02-07,True
RFQ-0091-INV-V019,RFQ-0091,V019,Emerald Isle Castings Ltd,2025-02-01,True
RFQ-0091-INV-V004,RFQ-0091,V004,Strömberg Hydraulics AB,2025-02-01,True
RFQ-0091-INV-V010,RFQ-0091,V010,Adriatic Fastenings d.o.o.,2025-02-01,True
RFQ-0091-INV-V024,RFQ-0091,V024,BalticTech UAB,2025-02-01,True
RFQ-0091-INV-V001,RFQ-0091,V001,Kovacs Precision GmbH,2025-02-01,True
RFQ-0091-INV-V017,RFQ-0091,V017,Türk Makina A.Ş.,2025-02-01,True
RFQ-0091-INV-V007,RFQ-0091,V007,Nakamura Tooling Co.,2025-02-01,False
RFQ-0091-INV-V009,RFQ-0091,V009,Fischer & Söhne KG,2025-02-01,True
RFQ-0092-INV-V003,RFQ-0092,V003,Patel Alloys Pvt Ltd,2025-02-17,True
RFQ-0092-INV-V015,RFQ-0092,V015,Nordic Steel AS,2025-02-17,True
RFQ-0092-INV-V005,RFQ-0092,V005,Cerro Negro Metals SA,2025-02-17,True
RFQ-0092-INV-V014,RFQ-0092,V014,Coastal Alloys Pty Ltd,2025-02-17,False
RFQ-0092-INV-V023,RFQ-0092,V023,Sahara Industrial FZE,2025-02-17,True
RFQ-0092-INV-V008,RFQ-0092,V008,Delta Composites Inc.,2025-02-17,True
RFQ-0092-INV-V020,RFQ-0092,V020,Rajasthan Rare Earths Ltd,2025-02-17,True
RFQ-0092-INV-V012,RFQ-0092,V012,Indra Copper Works,2025-02-17,True
RFQ-0093-INV-V021,RFQ-0093,V021,Helios Micro Systems,2024-10-19,True
RFQ-0093-INV-V006,RFQ-0093,V006,Bright Spark Electronics Ltd,2024-10-19,False
RFQ-0093-INV-V018,RFQ-0093,V018,Guangzhou Mech & Elec Co.,2024-10-19,True
RFQ-0093-INV-V013,RFQ-0093,V013,Vantage Sensors GmbH,2024-10-19,False
RFQ-0093-INV-V016,RFQ-0093,V016,Precision Arc Systems,2024-10-19,False
RFQ-0093-INV-V011,RFQ-0093,V011,Solaris Power Components,2024-10-19,True
RFQ-0093-INV-V002,RFQ-0093,V002,Tanaka Electrical KK,2024-10-19,True
RFQ-0094-INV-V017,RFQ-0094,V017,Türk Makina A.Ş.,2025-04-17,False
RFQ-0094-INV-V004,RFQ-0094,V004,Strömberg Hydraulics AB,2025-04-17,True
RFQ-0094-INV-V024,RFQ-0094,V024,BalticTech UAB,2025-04-17,True
RFQ-0094-INV-V009,RFQ-0094,V009,Fischer & Söhne KG,2025-04-17,False
RFQ-0094-INV-V007,RFQ-0094,V007,Nakamura Tooling Co.,2025-04-17,True
RFQ-0094-INV-V001,RFQ-0094,V001,Kovacs Precision GmbH,2025-04-17,True
RFQ-0094-INV-V022,RFQ-0094,V022,Andean Precision SRL,2025-04-17,False
RFQ-0094-INV-V010,RFQ-0094,V010,Adriatic Fastenings d.o.o.,2025-04-17,True
RFQ-0095-INV-V002,RFQ-0095,V002,Tanaka Electrical KK,2024-02-11,False
RFQ-0095-INV-V016,RFQ-0095,V016,Precision Arc Systems,2024-02-11,True
RFQ-0095-INV-V018,RFQ-0095,V018,Guangzhou Mech & Elec Co.,2024-02-11,True
RFQ-0095-INV-V011,RFQ-0095,V011,Solaris Power Components,2024-02-11,True
RFQ-0095-INV-V021,RFQ-0095,V021,Helios Micro Systems,2024-02-11,True
RFQ-0095-INV-V013,RFQ-0095,V013,Vantage Sensors GmbH,2024-02-11,False
RFQ-0095-INV-V006,RFQ-0095,V006,Bright Spark Electronics Ltd,2024-02-11,False
RFQ-0096-INV-V011,RFQ-0096,V011,Solaris Power Components,2025-04-25,True
RFQ-0096-INV-V002,RFQ-0096,V002,Tanaka Electrical KK,2025-04-25,False
RFQ-0096-INV-V013,RFQ-0096,V013,Vantage Sensors GmbH,2025-04-25,True
RFQ-0096-INV-V016,RFQ-0096,V016,Precision Arc Systems,2025-04-25,True
RFQ-0096-INV-V006,RFQ-0096,V006,Bright Spark Electronics Ltd,2025-04-25,True
RFQ-0096-INV-V018,RFQ-0096,V018,Guangzhou Mech & Elec Co.,2025-04-25,False
RFQ-0096-INV-V021,RFQ-0096,V021,Helios Micro Systems,2025-04-25,True
RFQ-0097-INV-V006,RFQ-0097,V006,Bright Spark Electronics Ltd,2024-07-23,True
RFQ-0097-INV-V002,RFQ-0097,V002,Tanaka Electrical KK,2024-07-23,False
RFQ-0097-INV-V021,RFQ-0097,V021,Helios Micro Systems,2024-07-23,True
RFQ-0097-INV-V018,RFQ-0097,V018,Guangzhou Mech & Elec Co.,2024-07-23,True
RFQ-0097-INV-V013,RFQ-0097,V013,Vantage Sensors GmbH,2024-07-23,True
RFQ-0097-INV-V011,RFQ-0097,V011,Solaris Power Components,2024-07-23,False
RFQ-0097-INV-V016,RFQ-0097,V016,Precision Arc Systems,2024-07-23,False
RFQ-0098-INV-V014,RFQ-0098,V014,Coastal Alloys Pty Ltd,2024-06-29,True
RFQ-0098-INV-V003,RFQ-0098,V003,Patel Alloys Pvt Ltd,2024-06-29,True
RFQ-0098-INV-V023,RFQ-0098,V023,Sahara Industrial FZE,2024-06-29,True
RFQ-0098-INV-V012,RFQ-0098,V012,Indra Copper Works,2024-06-29,True
RFQ-0098-INV-V015,RFQ-0098,V015,Nordic Steel AS,2024-06-29,True
RFQ-0098-INV-V005,RFQ-0098,V005,Cerro Negro Metals SA,2024-06-29,True
RFQ-0098-INV-V008,RFQ-0098,V008,Delta Composites Inc.,2024-06-29,True
RFQ-0098-INV-V020,RFQ-0098,V020,Rajasthan Rare Earths Ltd,2024-06-29,False
RFQ-0099-INV-V006,RFQ-0099,V006,Bright Spark Electronics Ltd,2024-06-15,True
RFQ-0099-INV-V002,RFQ-0099,V002,Tanaka Electrical KK,2024-06-15,True
RFQ-0099-INV-V011,RFQ-0099,V011,Solaris Power Components,2024-06-15,True
RFQ-0099-INV-V013,RFQ-0099,V013,Vantage Sensors GmbH,2024-06-15,False
RFQ-0099-INV-V018,RFQ-0099,V018,Guangzhou Mech & Elec Co.,2024-06-15,True
RFQ-0099-INV-V016,RFQ-0099,V016,Precision Arc Systems,2024-06-15,True
RFQ-0099-INV-V021,RFQ-0099,V021,Helios Micro Systems,2024-06-15,True
RFQ-0100-INV-V006,RFQ-0100,V006,Bright Spark Electronics Ltd,2024-02-21,False
RFQ-0100-INV-V002,RFQ-0100,V002,Tanaka Electrical KK,2024-02-21,True
RFQ-0100-INV-V021,RFQ-0100,V021,Helios Micro Systems,2024-02-21,True
RFQ-0100-INV-V011,RFQ-0100,V011,Solaris Power Components,2024-02-21,True
RFQ-0100-INV-V016,RFQ-0100,V016,Precision Arc Systems,2024-02-21,False
RFQ-0100-INV-V013,RFQ-0100,V013,Vantage Sensors GmbH,2024-02-21,False
RFQ-0100-INV-V018,RFQ-0100,V018,Guangzhou Mech & Elec Co.,2024-02-21,True
RFQ-0101-INV-V016,RFQ-0101,V016,Precision Arc Systems,2024-05-05,True
RFQ-0101-INV-V006,RFQ-0101,V006,Bright Spark Electronics Ltd,2024-05-05,False
RFQ-0101-INV-V013,RFQ-0101,V013,Vantage Sensors GmbH,2024-05-05,True
RFQ-0101-INV-V021,RFQ-0101,V021,Helios Micro Systems,2024-05-05,True
RFQ-0101-INV-V018,RFQ-0101,V018,Guangzhou Mech & Elec Co.,2024-05-05,True
RFQ-0101-INV-V002,RFQ-0101,V002,Tanaka Electrical KK,2024-05-05,True
RFQ-0101-INV-V011,RFQ-0101,V011,Solaris Power Components,2024-05-05,False
RFQ-0102-INV-V017,RFQ-0102,V017,Türk Makina A.Ş.,2024-06-03,True
RFQ-0102-INV-V009,RFQ-0102,V009,Fischer & Söhne KG,2024-06-03,True
RFQ-0102-INV-V022,RFQ-0102,V022,Andean Precision SRL,2024-06-03,True
RFQ-0102-INV-V007,RFQ-0102,V007,Nakamura Tooling Co.,2024-06-03,True
RFQ-0102-INV-V024,RFQ-0102,V024,BalticTech UAB,2024-06-03,False
RFQ-0102-INV-V001,RFQ-0102,V001,Kovacs Precision GmbH,2024-06-03,True
RFQ-0102-INV-V019,RFQ-0102,V019,Emerald Isle Castings Ltd,2024-06-03,True
RFQ-0102-INV-V004,RFQ-0102,V004,Strömberg Hydraulics AB,2024-06-03,False
RFQ-0103-INV-V007,RFQ-0103,V007,Nakamura Tooling Co.,2024-05-16,False
RFQ-0103-INV-V017,RFQ-0103,V017,Türk Makina A.Ş.,2024-05-16,True
RFQ-0103-INV-V004,RFQ-0103,V004,Strömberg Hydraulics AB,2024-05-16,True
RFQ-0103-INV-V010,RFQ-0103,V010,Adriatic Fastenings d.o.o.,2024-05-16,True
RFQ-0103-INV-V022,RFQ-0103,V022,Andean Precision SRL,2024-05-16,True
RFQ-0103-INV-V019,RFQ-0103,V019,Emerald Isle Castings Ltd,2024-05-16,True
RFQ-0103-INV-V009,RFQ-0103,V009,Fischer & Söhne KG,2024-05-16,True
RFQ-0103-INV-V024,RFQ-0103,V024,BalticTech UAB,2024-05-16,True
RFQ-0104-INV-V011,RFQ-0104,V011,Solaris Power Components,2024-07-21,False
RFQ-0104-INV-V013,RFQ-0104,V013,Vantage Sensors GmbH,2024-07-21,True
RFQ-0104-INV-V002,RFQ-0104,V002,Tanaka Electrical KK,2024-07-21,False
RFQ-0104-INV-V021,RFQ-0104,V021,Helios Micro Systems,2024-07-21,True
RFQ-0104-INV-V006,RFQ-0104,V006,Bright Spark Electronics Ltd,2024-07-21,True
RFQ-0104-INV-V016,RFQ-0104,V016,Precision Arc Systems,2024-07-21,False
RFQ-0104-INV-V018,RFQ-0104,V018,Guangzhou Mech & Elec Co.,2024-07-21,True
RFQ-0105-INV-V012,RFQ-0105,V012,Indra Copper Works,2024-11-03,True
RFQ-0105-INV-V015,RFQ-0105,V015,Nordic Steel AS,2024-11-03,False
RFQ-0105-INV-V003,RFQ-0105,V003,Patel Alloys Pvt Ltd,2024-11-03,True
RFQ-0105-INV-V020,RFQ-0105,V020,Rajasthan Rare Earths Ltd,2024-11-03,True
RFQ-0105-INV-V023,RFQ-0105,V023,Sahara Industrial FZE,2024-11-03,True
RFQ-0105-INV-V014,RFQ-0105,V014,Coastal Alloys Pty Ltd,2024-11-03,True
RFQ-0105-INV-V008,RFQ-0105,V008,Delta Composites Inc.,2024-11-03,True
RFQ-0105-INV-V005,RFQ-0105,V005,Cerro Negro Metals SA,2024-11-03,True
RFQ-0106-INV-V013,RFQ-0106,V013,Vantage Sensors GmbH,2024-11-18,False
RFQ-0106-INV-V006,RFQ-0106,V006,Bright Spark Electronics Ltd,2024-11-18,False
RFQ-0106-INV-V018,RFQ-0106,V018,Guangzhou Mech & Elec Co.,2024-11-18,True
RFQ-0106-INV-V002,RFQ-0106,V002,Tanaka Electrical KK,2024-11-18,True
RFQ-0106-INV-V011,RFQ-0106,V011,Solaris Power Components,2024-11-18,False
RFQ-0106-INV-V016,RFQ-0106,V016,Precision Arc Systems,2024-11-18,True
RFQ-0106-INV-V021,RFQ-0106,V021,Helios Micro Systems,2024-11-18,False
RFQ-0107-INV-V018,RFQ-0107,V018,Guangzhou Mech & Elec Co.,2024-12-04,True
RFQ-0107-INV-V011,RFQ-0107,V011,Solaris Power Components,2024-12-04,True
RFQ-0107-INV-V016,RFQ-0107,V016,Precision Arc Systems,2024-12-04,True
RFQ-0107-INV-V006,RFQ-0107,V006,Bright Spark Electronics Ltd,2024-12-04,False
RFQ-0107-INV-V021,RFQ-0107,V021,Helios Micro Systems,2024-12-04,True
RFQ-0107-INV-V002,RFQ-0107,V002,Tanaka Electrical KK,2024-12-04,False
RFQ-0107-INV-V013,RFQ-0107,V013,Vantage Sensors GmbH,2024-12-04,False
RFQ-0108-INV-V012,RFQ-0108,V012,Indra Copper Works,2025-02-27,False
RFQ-0108-INV-V023,RFQ-0108,V023,Sahara Industrial FZE,2025-02-27,True
RFQ-0108-INV-V020,RFQ-0108,V020,Rajasthan Rare Earths Ltd,2025-02-27,True
RFQ-0108-INV-V005,RFQ-0108,V005,Cerro Negro Metals SA,2025-02-27,True
RFQ-0108-INV-V015,RFQ-0108,V015,Nordic Steel AS,2025-02-27,True
RFQ-0108-INV-V014,RFQ-0108,V014,Coastal Alloys Pty Ltd,2025-02-27,True
RFQ-0108-INV-V008,RFQ-0108,V008,Delta Composites Inc.,2025-02-27,True
RFQ-0108-INV-V003,RFQ-0108,V003,Patel Alloys Pvt Ltd,2025-02-27,True
RFQ-0109-INV-V016,RFQ-0109,V016,Precision Arc Systems,2024-08-04,True
RFQ-0109-INV-V021,RFQ-0109,V021,Helios Micro Systems,2024-08-04,True
RFQ-0109-INV-V002,RFQ-0109,V002,Tanaka Electrical KK,2024-08-04,True
RFQ-0109-INV-V011,RFQ-0109,V011,Solaris Power Components,2024-08-04,True
RFQ-0109-INV-V006,RFQ-0109,V006,Bright Spark Electronics Ltd,2024-08-04,False
RFQ-0109-INV-V013,RFQ-0109,V013,Vantage Sensors GmbH,2024-08-04,True
RFQ-0109-INV-V018,RFQ-0109,V018,Guangzhou Mech & Elec Co.,2024-08-04,True
RFQ-0110-INV-V011,RFQ-0110,V011,Solaris Power Components,2025-01-02,False
RFQ-0110-INV-V021,RFQ-0110,V021,Helios Micro Systems,2025-01-02,True
RFQ-0110-INV-V002,RFQ-0110,V002,Tanaka Electrical KK,2025-01-02,False
RFQ-0110-INV-V013,RFQ-0110,V013,Vantage Sensors GmbH,2025-01-02,True
RFQ-0110-INV-V016,RFQ-0110,V016,Precision Arc Systems,2025-01-02,True
RFQ-0110-INV-V006,RFQ-0110,V006,Bright Spark Electronics Ltd,2025-01-02,True
RFQ-0110-INV-V018,RFQ-0110,V018,Guangzhou Mech & Elec Co.,2025-01-02,True
RFQ-0111-INV-V004,RFQ-0111,V004,Strömberg Hydraulics AB,2024-12-21,True
RFQ-0111-INV-V009,RFQ-0111,V009,Fischer & Söhne KG,2024-12-21,True
RFQ-0111-INV-V022,RFQ-0111,V022,Andean Precision SRL,2024-12-21,True
RFQ-0111-INV-V024,RFQ-0111,V024,BalticTech UAB,2024-12-21,False
RFQ-0111-INV-V017,RFQ-0111,V017,Türk Makina A.Ş.,2024-12-21,False
RFQ-0111-INV-V019,RFQ-0111,V019,Emerald Isle Castings Ltd,2024-12-21,True
RFQ-0111-INV-V007,RFQ-0111,V007,Nakamura Tooling Co.,2024-12-21,True
RFQ-0111-INV-V010,RFQ-0111,V010,Adriatic Fastenings d.o.o.,2024-12-21,True
RFQ-0112-INV-V012,RFQ-0112,V012,Indra Copper Works,2025-03-20,True
RFQ-0112-INV-V023,RFQ-0112,V023,Sahara Industrial FZE,2025-03-20,False
RFQ-0112-INV-V020,RFQ-0112,V020,Rajasthan Rare Earths Ltd,2025-03-20,True
RFQ-0112-INV-V015,RFQ-0112,V015,Nordic Steel AS,2025-03-20,True
RFQ-0112-INV-V014,RFQ-0112,V014,Coastal Alloys Pty Ltd,2025-03-20,True
RFQ-0112-INV-V008,RFQ-0112,V008,Delta Composites Inc.,2025-03-20,False
RFQ-0112-INV-V003,RFQ-0112,V003,Patel Alloys Pvt Ltd,2025-03-20,True
RFQ-0112-INV-V005,RFQ-0112,V005,Cerro Negro Metals SA,2025-03-20,True
RFQ-0113-INV-V016,RFQ-0113,V016,Precision Arc Systems,2024-04-25,True
RFQ-0113-INV-V011,RFQ-0113,V011,Solaris Power Components,2024-04-25,False
RFQ-0113-INV-V021,RFQ-0113,V021,Helios Micro Systems,2024-04-25,True
RFQ-0113-INV-V013,RFQ-0113,V013,Vantage Sensors GmbH,2024-04-25,True
RFQ-0113-INV-V018,RFQ-0113,V018,Guangzhou Mech & Elec Co.,2024-04-25,True
RFQ-0113-INV-V002,RFQ-0113,V002,Tanaka Electrical KK,2024-04-25,False
RFQ-0113-INV-V006,RFQ-0113,V006,Bright Spark Electronics Ltd,2024-04-25,True
RFQ-0114-INV-V024,RFQ-0114,V024,BalticTech UAB,2024-12-18,False
RFQ-0114-INV-V022,RFQ-0114,V022,Andean Precision SRL,2024-12-18,True
RFQ-0114-INV-V019,RFQ-0114,V019,Emerald Isle Castings Ltd,2024-12-18,True
RFQ-0114-INV-V009,RFQ-0114,V009,Fischer & Söhne KG,2024-12-18,True
RFQ-0114-INV-V001,RFQ-0114,V001,Kovacs Precision GmbH,2024-12-18,True
RFQ-0114-INV-V004,RFQ-0114,V004,Strömberg Hydraulics AB,2024-12-18,True
RFQ-0114-INV-V010,RFQ-0114,V010,Adriatic Fastenings d.o.o.,2024-12-18,False
RFQ-0114-INV-V017,RFQ-0114,V017,Türk Makina A.Ş.,2024-12-18,True
RFQ-0115-INV-V004,RFQ-0115,V004,Strömberg Hydraulics AB,2025-02-17,True
RFQ-0115-INV-V009,RFQ-0115,V009,Fischer & Söhne KG,2025-02-17,True
RFQ-0115-INV-V024,RFQ-0115,V024,BalticTech UAB,2025-02-17,False
RFQ-0115-INV-V019,RFQ-0115,V019,Emerald Isle Castings Ltd,2025-02-17,True
RFQ-0115-INV-V022,RFQ-0115,V022,Andean Precision SRL,2025-02-17,True
RFQ-0115-INV-V017,RFQ-0115,V017,Türk Makina A.Ş.,2025-02-17,False
RFQ-0115-INV-V001,RFQ-0115,V001,Kovacs Precision GmbH,2025-02-17,True
RFQ-0115-INV-V007,RFQ-0115,V007,Nakamura Tooling Co.,2025-02-17,False
RFQ-0116-INV-V012,RFQ-0116,V012,Indra Copper Works,2025-02-24,True
RFQ-0116-INV-V020,RFQ-0116,V020,Rajasthan Rare Earths Ltd,2025-02-24,True
RFQ-0116-INV-V014,RFQ-0116,V014,Coastal Alloys Pty Ltd,2025-02-24,True
RFQ-0116-INV-V005,RFQ-0116,V005,Cerro Negro Metals SA,2025-02-24,False
RFQ-0116-INV-V003,RFQ-0116,V003,Patel Alloys Pvt Ltd,2025-02-24,True
RFQ-0116-INV-V008,RFQ-0116,V008,Delta Composites Inc.,2025-02-24,True
RFQ-0116-INV-V023,RFQ-0116,V023,Sahara Industrial FZE,2025-02-24,False
RFQ-0116-INV-V015,RFQ-0116,V015,Nordic Steel AS,2025-02-24,False
RFQ-0117-INV-V011,RFQ-0117,V011,Solaris Power Components,2024-04-07,False
RFQ-0117-INV-V016,RFQ-0117,V016,Precision Arc Systems,2024-04-07,True
RFQ-0117-INV-V021,RFQ-0117,V021,Helios Micro Systems,2024-04-07,False
RFQ-0117-INV-V002,RFQ-0117,V002,Tanaka Electrical KK,2024-04-07,True
RFQ-0117-INV-V018,RFQ-0117,V018,Guangzhou Mech & Elec Co.,2024-04-07,True
RFQ-0117-INV-V013,RFQ-0117,V013,Vantage Sensors GmbH,2024-04-07,True
RFQ-0117-INV-V006,RFQ-0117,V006,Bright Spark Electronics Ltd,2024-04-07,True
RFQ-0118-INV-V006,RFQ-0118,V006,Bright Spark Electronics Ltd,2025-04-08,False
RFQ-0118-INV-V011,RFQ-0118,V011,Solaris Power Components,2025-04-08,False
RFQ-0118-INV-V016,RFQ-0118,V016,Precision Arc Systems,2025-04-08,False
RFQ-0118-INV-V018,RFQ-0118,V018,Guangzhou Mech & Elec Co.,2025-04-08,True
RFQ-0118-INV-V002,RFQ-0118,V002,Tanaka Electrical KK,2025-04-08,False
RFQ-0118-INV-V013,RFQ-0118,V013,Vantage Sensors GmbH,2025-04-08,True
RFQ-0118-INV-V021,RFQ-0118,V021,Helios Micro Systems,2025-04-08,False
RFQ-0119-INV-V022,RFQ-0119,V022,Andean Precision SRL,2024-10-29,True
RFQ-0119-INV-V010,RFQ-0119,V010,Adriatic Fastenings d.o.o.,2024-10-29,False
RFQ-0119-INV-V009,RFQ-0119,V009,Fischer & Söhne KG,2024-10-29,True
RFQ-0119-INV-V024,RFQ-0119,V024,BalticTech UAB,2024-10-29,True
RFQ-0119-INV-V007,RFQ-0119,V007,Nakamura Tooling Co.,2024-10-29,True
RFQ-0119-INV-V001,RFQ-0119,V001,Kovacs Precision GmbH,2024-10-29,True
RFQ-0119-INV-V017,RFQ-0119,V017,Türk Makina A.Ş.,2024-10-29,False
RFQ-0119-INV-V004,RFQ-0119,V004,Strömberg Hydraulics AB,2024-10-29,True
RFQ-0120-INV-V008,RFQ-0120,V008,Delta Composites Inc.,2024-11-23,True
RFQ-0120-INV-V005,RFQ-0120,V005,Cerro Negro Metals SA,2024-11-23,True
RFQ-0120-INV-V012,RFQ-0120,V012,Indra Copper Works,2024-11-23,True
RFQ-0120-INV-V023,RFQ-0120,V023,Sahara Industrial FZE,2024-11-23,False
RFQ-0120-INV-V014,RFQ-0120,V014,Coastal Alloys Pty Ltd,2024-11-23,True
RFQ-0120-INV-V015,RFQ-0120,V015,Nordic Steel AS,2024-11-23,True
RFQ-0120-INV-V020,RFQ-0120,V020,Rajasthan Rare Earths Ltd,2024-11-23,True
RFQ-0120-INV-V003,RFQ-0120,V003,Patel Alloys Pvt Ltd,2024-11-23,True
RFQ-0121-INV-V002,RFQ-0121,V002,Tanaka Electrical KK,2024-08-14,True
RFQ-0121-INV-V016,RFQ-0121,V016,Precision Arc Systems,2024-08-14,False
RFQ-0121-INV-V006,RFQ-0121,V006,Bright Spark Electronics Ltd,2024-08-14,False
RFQ-0121-INV-V013,RFQ-0121,V013,Vantage Sensors GmbH,2024-08-14,True
RFQ-0121-INV-V018,RFQ-0121,V018,Guangzhou Mech & Elec Co.,2024-08-14,True
RFQ-0121-INV-V021,RFQ-0121,V021,Helios Micro Systems,2024-08-14,False
RFQ-0121-INV-V011,RFQ-0121,V011,Solaris Power Components,2024-08-14,False
RFQ-0122-INV-V018,RFQ-0122,V018,Guangzhou Mech & Elec Co.,2024-04-29,True
RFQ-0122-INV-V011,RFQ-0122,V011,Solaris Power Components,2024-04-29,True
RFQ-0122-INV-V006,RFQ-0122,V006,Bright Spark Electronics Ltd,2024-04-29,True
RFQ-0122-INV-V016,RFQ-0122,V016,Precision Arc Systems,2024-04-29,True
RFQ-0122-INV-V002,RFQ-0122,V002,Tanaka Electrical KK,2024-04-29,True
RFQ-0122-INV-V021,RFQ-0122,V021,Helios Micro Systems,2024-04-29,True
RFQ-0122-INV-V013,RFQ-0122,V013,Vantage Sensors GmbH,2024-04-29,True
RFQ-0123-INV-V011,RFQ-0123,V011,Solaris Power Components,2024-08-14,True
RFQ-0123-INV-V006,RFQ-0123,V006,Bright Spark Electronics Ltd,2024-08-14,True
RFQ-0123-INV-V013,RFQ-0123,V013,Vantage Sensors GmbH,2024-08-14,True
RFQ-0123-INV-V021,RFQ-0123,V021,Helios Micro Systems,2024-08-14,True
RFQ-0123-INV-V016,RFQ-0123,V016,Precision Arc Systems,2024-08-14,True
RFQ-0123-INV-V002,RFQ-0123,V002,Tanaka Electrical KK,2024-08-14,False
RFQ-0123-INV-V018,RFQ-0123,V018,Guangzhou Mech & Elec Co.,2024-08-14,True
RFQ-0124-INV-V012,RFQ-0124,V012,Indra Copper Works,2024-03-29,True
RFQ-0124-INV-V023,RFQ-0124,V023,Sahara Industrial FZE,2024-03-29,True
RFQ-0124-INV-V003,RFQ-0124,V003,Patel Alloys Pvt Ltd,2024-03-29,True
RFQ-0124-INV-V005,RFQ-0124,V005,Cerro Negro Metals SA,2024-03-29,True
RFQ-0124-INV-V008,RFQ-0124,V008,Delta Composites Inc.,2024-03-29,True
RFQ-0124-INV-V015,RFQ-0124,V015,Nordic Steel AS,2024-03-29,True
RFQ-0124-INV-V014,RFQ-0124,V014,Coastal Alloys Pty Ltd,2024-03-29,True
RFQ-0124-INV-V020,RFQ-0124,V020,Rajasthan Rare Earths Ltd,2024-03-29,True
RFQ-0125-INV-V011,RFQ-0125,V011,Solaris Power Components,2024-01-29,True
RFQ-0125-INV-V006,RFQ-0125,V006,Bright Spark Electronics Ltd,2024-01-29,True
RFQ-0125-INV-V013,RFQ-0125,V013,Vantage Sensors GmbH,2024-01-29,False
RFQ-0125-INV-V018,RFQ-0125,V018,Guangzhou Mech & Elec Co.,2024-01-29,True
RFQ-0125-INV-V002,RFQ-0125,V002,Tanaka Electrical KK,2024-01-29,False
RFQ-0125-INV-V021,RFQ-0125,V021,Helios Micro Systems,2024-01-29,True
RFQ-0125-INV-V016,RFQ-0125,V016,Precision Arc Systems,2024-01-29,False
RFQ-0126-INV-V018,RFQ-0126,V018,Guangzhou Mech & Elec Co.,2024-03-14,True
RFQ-0126-INV-V016,RFQ-0126,V016,Precision Arc Systems,2024-03-14,True
RFQ-0126-INV-V013,RFQ-0126,V013,Vantage Sensors GmbH,2024-03-14,True
RFQ-0126-INV-V021,RFQ-0126,V021,Helios Micro Systems,2024-03-14,True
RFQ-0126-INV-V011,RFQ-0126,V011,Solaris Power Components,2024-03-14,False
RFQ-0126-INV-V006,RFQ-0126,V006,Bright Spark Electronics Ltd,2024-03-14,True
RFQ-0126-INV-V002,RFQ-0126,V002,Tanaka Electrical KK,2024-03-14,True
RFQ-0127-INV-V023,RFQ-0127,V023,Sahara Industrial FZE,2024-02-20,True
RFQ-0127-INV-V014,RFQ-0127,V014,Coastal Alloys Pty Ltd,2024-02-20,True
RFQ-0127-INV-V008,RFQ-0127,V008,Delta Composites Inc.,2024-02-20,True
RFQ-0127-INV-V012,RFQ-0127,V012,Indra Copper Works,2024-02-20,True
RFQ-0127-INV-V003,RFQ-0127,V003,Patel Alloys Pvt Ltd,2024-02-20,False
RFQ-0127-INV-V015,RFQ-0127,V015,Nordic Steel AS,2024-02-20,True
RFQ-0127-INV-V020,RFQ-0127,V020,Rajasthan Rare Earths Ltd,2024-02-20,True
RFQ-0127-INV-V005,RFQ-0127,V005,Cerro Negro Metals SA,2024-02-20,True
RFQ-0128-INV-V007,RFQ-0128,V007,Nakamura Tooling Co.,2024-01-30,True
RFQ-0128-INV-V022,RFQ-0128,V022,Andean Precision SRL,2024-01-30,True
RFQ-0128-INV-V010,RFQ-0128,V010,Adriatic Fastenings d.o.o.,2024-01-30,True
RFQ-0128-INV-V019,RFQ-0128,V019,Emerald Isle Castings Ltd,2024-01-30,False
RFQ-0128-INV-V001,RFQ-0128,V001,Kovacs Precision GmbH,2024-01-30,True
RFQ-0128-INV-V009,RFQ-0128,V009,Fischer & Söhne KG,2024-01-30,True
RFQ-0128-INV-V017,RFQ-0128,V017,Türk Makina A.Ş.,2024-01-30,True
RFQ-0128-INV-V024,RFQ-0128,V024,BalticTech UAB,2024-01-30,True
RFQ-0129-INV-V018,RFQ-0129,V018,Guangzhou Mech & Elec Co.,2024-03-13,True
RFQ-0129-INV-V002,RFQ-0129,V002,Tanaka Electrical KK,2024-03-13,True
RFQ-0129-INV-V011,RFQ-0129,V011,Solaris Power Components,2024-03-13,False
RFQ-0129-INV-V021,RFQ-0129,V021,Helios Micro Systems,2024-03-13,True
RFQ-0129-INV-V013,RFQ-0129,V013,Vantage Sensors GmbH,2024-03-13,False
RFQ-0129-INV-V006,RFQ-0129,V006,Bright Spark Electronics Ltd,2024-03-13,False
RFQ-0129-INV-V016,RFQ-0129,V016,Precision Arc Systems,2024-03-13,False
RFQ-0130-INV-V020,RFQ-0130,V020,Rajasthan Rare Earths Ltd,2024-12-22,True
RFQ-0130-INV-V005,RFQ-0130,V005,Cerro Negro Metals SA,2024-12-22,False
RFQ-0130-INV-V023,RFQ-0130,V023,Sahara Industrial FZE,2024-12-22,True
RFQ-0130-INV-V008,RFQ-0130,V008,Delta Composites Inc.,2024-12-22,True
RFQ-0130-INV-V014,RFQ-0130,V014,Coastal Alloys Pty Ltd,2024-12-22,True
RFQ-0130-INV-V015,RFQ-0130,V015,Nordic Steel AS,2024-12-22,True
RFQ-0130-INV-V012,RFQ-0130,V012,Indra Copper Works,2024-12-22,True
RFQ-0130-INV-V003,RFQ-0130,V003,Patel Alloys Pvt Ltd,2024-12-22,True
RFQ-0131-INV-V002,RFQ-0131,V002,Tanaka Electrical KK,2024-07-07,True
RFQ-0131-INV-V018,RFQ-0131,V018,Guangzhou Mech & Elec Co.,2024-07-07,True
RFQ-0131-INV-V013,RFQ-0131,V013,Vantage Sensors GmbH,2024-07-07,True
RFQ-0131-INV-V011,RFQ-0131,V011,Solaris Power Components,2024-07-07,True
RFQ-0131-INV-V006,RFQ-0131,V006,Bright Spark Electronics Ltd,2024-07-07,True
RFQ-0131-INV-V016,RFQ-0131,V016,Precision Arc Systems,2024-07-07,True
RFQ-0131-INV-V021,RFQ-0131,V021,Helios Micro Systems,2024-07-07,False
RFQ-0132-INV-V007,RFQ-0132,V007,Nakamura Tooling Co.,2024-10-14,True
RFQ-0132-INV-V022,RFQ-0132,V022,Andean Precision SRL,2024-10-14,True
RFQ-0132-INV-V010,RFQ-0132,V010,Adriatic Fastenings d.o.o.,2024-10-14,False
RFQ-0132-INV-V019,RFQ-0132,V019,Emerald Isle Castings Ltd,2024-10-14,True
RFQ-0132-INV-V024,RFQ-0132,V024,BalticTech UAB,2024-10-14,False
RFQ-0132-INV-V009,RFQ-0132,V009,Fischer & Söhne KG,2024-10-14,False
RFQ-0132-INV-V017,RFQ-0132,V017,Türk Makina A.Ş.,2024-10-14,True
RFQ-0132-INV-V004,RFQ-0132,V004,Strömberg Hydraulics AB,2024-10-14,True
RFQ-0133-INV-V024,RFQ-0133,V024,BalticTech UAB,2024-09-10,True
RFQ-0133-INV-V010,RFQ-0133,V010,Adriatic Fastenings d.o.o.,2024-09-10,True
RFQ-0133-INV-V007,RFQ-0133,V007,Nakamura Tooling Co.,2024-09-10,True
RFQ-0133-INV-V017,RFQ-0133,V017,Türk Makina A.Ş.,2024-09-10,True
RFQ-0133-INV-V004,RFQ-0133,V004,Strömberg Hydraulics AB,2024-09-10,True
RFQ-0133-INV-V001,RFQ-0133,V001,Kovacs Precision GmbH,2024-09-10,True
RFQ-0133-INV-V019,RFQ-0133,V019,Emerald Isle Castings Ltd,2024-09-10,False
RFQ-0133-INV-V009,RFQ-0133,V009,Fischer & Söhne KG,2024-09-10,True
RFQ-0134-INV-V021,RFQ-0134,V021,Helios Micro Systems,2024-10-24,True
RFQ-0134-INV-V016,RFQ-0134,V016,Precision Arc Systems,2024-10-24,False
RFQ-0134-INV-V011,RFQ-0134,V011,Solaris Power Components,2024-10-24,True
RFQ-0134-INV-V006,RFQ-0134,V006,Bright Spark Electronics Ltd,2024-10-24,False
RFQ-0134-INV-V002,RFQ-0134,V002,Tanaka Electrical KK,2024-10-24,False
RFQ-0134-INV-V013,RFQ-0134,V013,Vantage Sensors GmbH,2024-10-24,True
RFQ-0134-INV-V018,RFQ-0134,V018,Guangzhou Mech & Elec Co.,2024-10-24,False
RFQ-0135-INV-V001,RFQ-0135,V001,Kovacs Precision GmbH,2024-08-02,False
RFQ-0135-INV-V024,RFQ-0135,V024,BalticTech UAB,2024-08-02,True
RFQ-0135-INV-V022,RFQ-0135,V022,Andean Precision SRL,2024-08-02,True
RFQ-0135-INV-V017,RFQ-0135,V017,Türk Makina A.Ş.,2024-08-02,True
RFQ-0135-INV-V009,RFQ-0135,V009,Fischer & Söhne KG,2024-08-02,True
RFQ-0135-INV-V004,RFQ-0135,V004,Strömberg Hydraulics AB,2024-08-02,True
RFQ-0135-INV-V007,RFQ-0135,V007,Nakamura Tooling Co.,2024-08-02,True
RFQ-0135-INV-V010,RFQ-0135,V010,Adriatic Fastenings d.o.o.,2024-08-02,False
RFQ-0136-INV-V008,RFQ-0136,V008,Delta Composites Inc.,2025-01-06,True
RFQ-0136-INV-V012,RFQ-0136,V012,Indra Copper Works,2025-01-06,True
RFQ-0136-INV-V005,RFQ-0136,V005,Cerro Negro Metals SA,2025-01-06,True
RFQ-0136-INV-V023,RFQ-0136,V023,Sahara Industrial FZE,2025-01-06,False
RFQ-0136-INV-V003,RFQ-0136,V003,Patel Alloys Pvt Ltd,2025-01-06,True
RFQ-0136-INV-V020,RFQ-0136,V020,Rajasthan Rare Earths Ltd,2025-01-06,True
RFQ-0136-INV-V014,RFQ-0136,V014,Coastal Alloys Pty Ltd,2025-01-06,False
RFQ-0136-INV-V015,RFQ-0136,V015,Nordic Steel AS,2025-01-06,True
RFQ-0137-INV-V011,RFQ-0137,V011,Solaris Power Components,2025-02-28,False
RFQ-0137-INV-V021,RFQ-0137,V021,Helios Micro Systems,2025-02-28,False
RFQ-0137-INV-V002,RFQ-0137,V002,Tanaka Electrical KK,2025-02-28,True
RFQ-0137-INV-V006,RFQ-0137,V006,Bright Spark Electronics Ltd,2025-02-28,True
RFQ-0137-INV-V016,RFQ-0137,V016,Precision Arc Systems,2025-02-28,False
RFQ-0137-INV-V018,RFQ-0137,V018,Guangzhou Mech & Elec Co.,2025-02-28,True
RFQ-0137-INV-V013,RFQ-0137,V013,Vantage Sensors GmbH,2025-02-28,True
RFQ-0138-INV-V018,RFQ-0138,V018,Guangzhou Mech & Elec Co.,2024-04-11,True
RFQ-0138-INV-V011,RFQ-0138,V011,Solaris Power Components,2024-04-11,True
RFQ-0138-INV-V016,RFQ-0138,V016,Precision Arc Systems,2024-04-11,False
RFQ-0138-INV-V006,RFQ-0138,V006,Bright Spark Electronics Ltd,2024-04-11,False
RFQ-0138-INV-V021,RFQ-0138,V021,Helios Micro Systems,2024-04-11,True
RFQ-0138-INV-V013,RFQ-0138,V013,Vantage Sensors GmbH,2024-04-11,True
RFQ-0138-INV-V002,RFQ-0138,V002,Tanaka Electrical KK,2024-04-11,True
RFQ-0139-INV-V011,RFQ-0139,V011,Solaris Power Components,2024-08-22,False
RFQ-0139-INV-V006,RFQ-0139,V006,Bright Spark Electronics Ltd,2024-08-22,True
RFQ-0139-INV-V002,RFQ-0139,V002,Tanaka Electrical KK,2024-08-22,False
RFQ-0139-INV-V013,RFQ-0139,V013,Vantage Sensors GmbH,2024-08-22,True
RFQ-0139-INV-V021,RFQ-0139,V021,Helios Micro Systems,2024-08-22,True
RFQ-0139-INV-V018,RFQ-0139,V018,Guangzhou Mech & Elec Co.,2024-08-22,True
RFQ-0139-INV-V016,RFQ-0139,V016,Precision Arc Systems,2024-08-22,True
RFQ-0140-INV-V018,RFQ-0140,V018,Guangzhou Mech & Elec Co.,2025-03-30,True
RFQ-0140-INV-V021,RFQ-0140,V021,Helios Micro Systems,2025-03-30,False
RFQ-0140-INV-V002,RFQ-0140,V002,Tanaka Electrical KK,2025-03-30,False
RFQ-0140-INV-V013,RFQ-0140,V013,Vantage Sensors GmbH,2025-03-30,False
RFQ-0140-INV-V011,RFQ-0140,V011,Solaris Power Components,2025-03-30,True
RFQ-0140-INV-V016,RFQ-0140,V016,Precision Arc Systems,2025-03-30,True
RFQ-0140-INV-V006,RFQ-0140,V006,Bright Spark Electronics Ltd,2025-03-30,False
RFQ-0141-INV-V006,RFQ-0141,V006,Bright Spark Electronics Ltd,2025-04-26,True
RFQ-0141-INV-V002,RFQ-0141,V002,Tanaka Electrical KK,2025-04-26,True
RFQ-0141-INV-V021,RFQ-0141,V021,Helios Micro Systems,2025-04-26,True
RFQ-0141-INV-V018,RFQ-0141,V018,Guangzhou Mech & Elec Co.,2025-04-26,False
RFQ-0141-INV-V016,RFQ-0141,V016,Precision Arc Systems,2025-04-26,True
RFQ-0141-INV-V013,RFQ-0141,V013,Vantage Sensors GmbH,2025-04-26,True
RFQ-0141-INV-V011,RFQ-0141,V011,Solaris Power Components,2025-04-26,True
RFQ-0142-INV-V012,RFQ-0142,V012,Indra Copper Works,2024-01-17,True
RFQ-0142-INV-V014,RFQ-0142,V014,Coastal Alloys Pty Ltd,2024-01-17,True
RFQ-0142-INV-V023,RFQ-0142,V023,Sahara Industrial FZE,2024-01-17,True
RFQ-0142-INV-V008,RFQ-0142,V008,Delta Composites Inc.,2024-01-17,False
RFQ-0142-INV-V003,RFQ-0142,V003,Patel Alloys Pvt Ltd,2024-01-17,False
RFQ-0142-INV-V005,RFQ-0142,V005,Cerro Negro Metals SA,2024-01-17,False
RFQ-0142-INV-V020,RFQ-0142,V020,Rajasthan Rare Earths Ltd,2024-01-17,True
RFQ-0142-INV-V015,RFQ-0142,V015,Nordic Steel AS,2024-01-17,True
RFQ-0143-INV-V013,RFQ-0143,V013,Vantage Sensors GmbH,2024-12-22,True
RFQ-0143-INV-V011,RFQ-0143,V011,Solaris Power Components,2024-12-22,False
RFQ-0143-INV-V016,RFQ-0143,V016,Precision Arc Systems,2024-12-22,True
RFQ-0143-INV-V021,RFQ-0143,V021,Helios Micro Systems,2024-12-22,True
RFQ-0143-INV-V006,RFQ-0143,V006,Bright Spark Electronics Ltd,2024-12-22,True
RFQ-0143-INV-V018,RFQ-0143,V018,Guangzhou Mech & Elec Co.,2024-12-22,True
RFQ-0143-INV-V002,RFQ-0143,V002,Tanaka Electrical KK,2024-12-22,True
RFQ-0144-INV-V010,RFQ-0144,V010,Adriatic Fastenings d.o.o.,2024-10-12,False
RFQ-0144-INV-V022,RFQ-0144,V022,Andean Precision SRL,2024-10-12,True
RFQ-0144-INV-V001,RFQ-0144,V001,Kovacs Precision GmbH,2024-10-12,True
RFQ-0144-INV-V019,RFQ-0144,V019,Emerald Isle Castings Ltd,2024-10-12,True
RFQ-0144-INV-V009,RFQ-0144,V009,Fischer & Söhne KG,2024-10-12,True
RFQ-0144-INV-V004,RFQ-0144,V004,Strömberg Hydraulics AB,2024-10-12,True
RFQ-0144-INV-V007,RFQ-0144,V007,Nakamura Tooling Co.,2024-10-12,True
RFQ-0144-INV-V017,RFQ-0144,V017,Türk Makina A.Ş.,2024-10-12,True
RFQ-0145-INV-V013,RFQ-0145,V013,Vantage Sensors GmbH,2025-04-14,True
RFQ-0145-INV-V021,RFQ-0145,V021,Helios Micro Systems,2025-04-14,True
RFQ-0145-INV-V002,RFQ-0145,V002,Tanaka Electrical KK,2025-04-14,False
RFQ-0145-INV-V011,RFQ-0145,V011,Solaris Power Components,2025-04-14,True
RFQ-0145-INV-V016,RFQ-0145,V016,Precision Arc Systems,2025-04-14,False
RFQ-0145-INV-V006,RFQ-0145,V006,Bright Spark Electronics Ltd,2025-04-14,True
RFQ-0145-INV-V018,RFQ-0145,V018,Guangzhou Mech & Elec Co.,2025-04-14,True
RFQ-0146-INV-V010,RFQ-0146,V010,Adriatic Fastenings d.o.o.,2024-01-07,True
RFQ-0146-INV-V019,RFQ-0146,V019,Emerald Isle Castings Ltd,2024-01-07,False
RFQ-0146-INV-V017,RFQ-0146,V017,Türk Makina A.Ş.,2024-01-07,True
RFQ-0146-INV-V009,RFQ-0146,V009,Fischer & Söhne KG,2024-01-07,True
RFQ-0146-INV-V007,RFQ-0146,V007,Nakamura Tooling Co.,2024-01-07,True
RFQ-0146-INV-V001,RFQ-0146,V001,Kovacs Precision GmbH,2024-01-07,True
RFQ-0146-INV-V022,RFQ-0146,V022,Andean Precision SRL,2024-01-07,True
RFQ-0146-INV-V024,RFQ-0146,V024,BalticTech UAB,2024-01-07,True
RFQ-0147-INV-V002,RFQ-0147,V002,Tanaka Electrical KK,2024-04-27,True
RFQ-0147-INV-V016,RFQ-0147,V016,Precision Arc Systems,2024-04-27,True
RFQ-0147-INV-V021,RFQ-0147,V021,Helios Micro Systems,2024-04-27,True
RFQ-0147-INV-V013,RFQ-0147,V013,Vantage Sensors GmbH,2024-04-27,False
RFQ-0147-INV-V006,RFQ-0147,V006,Bright Spark Electronics Ltd,2024-04-27,False
RFQ-0147-INV-V011,RFQ-0147,V011,Solaris Power Components,2024-04-27,True
RFQ-0147-INV-V018,RFQ-0147,V018,Guangzhou Mech & Elec Co.,2024-04-27,True
RFQ-0148-INV-V013,RFQ-0148,V013,Vantage Sensors GmbH,2024-12-02,True
RFQ-0148-INV-V018,RFQ-0148,V018,Guangzhou Mech & Elec Co.,2024-12-02,True
RFQ-0148-INV-V006,RFQ-0148,V006,Bright Spark Electronics Ltd,2024-12-02,True
RFQ-0148-INV-V021,RFQ-0148,V021,Helios Micro Systems,2024-12-02,True
RFQ-0148-INV-V016,RFQ-0148,V016,Precision Arc Systems,2024-12-02,False
RFQ-0148-INV-V002,RFQ-0148,V002,Tanaka Electrical KK,2024-12-02,False
RFQ-0148-INV-V011,RFQ-0148,V011,Solaris Power Components,2024-12-02,True
RFQ-0149-INV-V009,RFQ-0149,V009,Fischer & Söhne KG,2024-01-24,True
RFQ-0149-INV-V001,RFQ-0149,V001,Kovacs Precision GmbH,2024-01-24,True
RFQ-0149-INV-V022,RFQ-0149,V022,Andean Precision SRL,2024-01-24,True
RFQ-0149-INV-V007,RFQ-0149,V007,Nakamura Tooling Co.,2024-01-24,True
RFQ-0149-INV-V017,RFQ-0149,V017,Türk Makina A.Ş.,2024-01-24,True
RFQ-0149-INV-V024,RFQ-0149,V024,BalticTech UAB,2024-01-24,True
RFQ-0149-INV-V004,RFQ-0149,V004,Strömberg Hydraulics AB,2024-01-24,True
RFQ-0149-INV-V010,RFQ-0149,V010,Adriatic Fastenings d.o.o.,2024-01-24,True
RFQ-0150-INV-V006,RFQ-0150,V006,Bright Spark Electronics Ltd,2024-11-29,True
RFQ-0150-INV-V002,RFQ-0150,V002,Tanaka Electrical KK,2024-11-29,False
RFQ-0150-INV-V021,RFQ-0150,V021,Helios Micro Systems,2024-11-29,True
RFQ-0150-INV-V018,RFQ-0150,V018,Guangzhou Mech & Elec Co.,2024-11-29,False
RFQ-0150-INV-V013,RFQ-0150,V013,Vantage Sensors GmbH,2024-11-29,True
RFQ-0150-INV-V011,RFQ-0150,V011,Solaris Power Components,2024-11-29,False
RFQ-0150-INV-V016,RFQ-0150,V016,Precision Arc Systems,2024-11-29,False
RFQ-0151-INV-V015,RFQ-0151,V015,Nordic Steel AS,2024-04-30,True
RFQ-0151-INV-V020,RFQ-0151,V020,Rajasthan Rare Earths Ltd,2024-04-30,False
RFQ-0151-INV-V008,RFQ-0151,V008,Delta Composites Inc.,2024-04-30,True
RFQ-0151-INV-V012,RFQ-0151,V012,Indra Copper Works,2024-04-30,True
RFQ-0151-INV-V003,RFQ-0151,V003,Patel Alloys Pvt Ltd,2024-04-30,False
RFQ-0151-INV-V023,RFQ-0151,V023,Sahara Industrial FZE,2024-04-30,False
RFQ-0151-INV-V014,RFQ-0151,V014,Coastal Alloys Pty Ltd,2024-04-30,True
RFQ-0151-INV-V005,RFQ-0151,V005,Cerro Negro Metals SA,2024-04-30,True
RFQ-0152-INV-V001,RFQ-0152,V001,Kovacs Precision GmbH,2024-07-04,True
RFQ-0152-INV-V017,RFQ-0152,V017,Türk Makina A.Ş.,2024-07-04,False
RFQ-0152-INV-V019,RFQ-0152,V019,Emerald Isle Castings Ltd,2024-07-04,True
RFQ-0152-INV-V007,RFQ-0152,V007,Nakamura Tooling Co.,2024-07-04,True
RFQ-0152-INV-V004,RFQ-0152,V004,Strömberg Hydraulics AB,2024-07-04,True
RFQ-0152-INV-V010,RFQ-0152,V010,Adriatic Fastenings d.o.o.,2024-07-04,True
RFQ-0152-INV-V024,RFQ-0152,V024,BalticTech UAB,2024-07-04,False
RFQ-0152-INV-V009,RFQ-0152,V009,Fischer & Söhne KG,2024-07-04,True
RFQ-0153-INV-V013,RFQ-0153,V013,Vantage Sensors GmbH,2025-02-26,True
RFQ-0153-INV-V021,RFQ-0153,V021,Helios Micro Systems,2025-02-26,False
RFQ-0153-INV-V002,RFQ-0153,V002,Tanaka Electrical KK,2025-02-26,False
RFQ-0153-INV-V011,RFQ-0153,V011,Solaris Power Components,2025-02-26,False
RFQ-0153-INV-V018,RFQ-0153,V018,Guangzhou Mech & Elec Co.,2025-02-26,True
RFQ-0153-INV-V006,RFQ-0153,V006,Bright Spark Electronics Ltd,2025-02-26,True
RFQ-0153-INV-V016,RFQ-0153,V016,Precision Arc Systems,2025-02-26,False
RFQ-0154-INV-V017,RFQ-0154,V017,Türk Makina A.Ş.,2025-05-04,True
RFQ-0154-INV-V024,RFQ-0154,V024,BalticTech UAB,2025-05-04,True
RFQ-0154-INV-V019,RFQ-0154,V019,Emerald Isle Castings Ltd,2025-05-04,True
RFQ-0154-INV-V022,RFQ-0154,V022,Andean Precision SRL,2025-05-04,True
RFQ-0154-INV-V009,RFQ-0154,V009,Fischer & Söhne KG,2025-05-04,False
RFQ-0154-INV-V010,RFQ-0154,V010,Adriatic Fastenings d.o.o.,2025-05-04,True
RFQ-0154-INV-V004,RFQ-0154,V004,Strömberg Hydraulics AB,2025-05-04,True
RFQ-0154-INV-V007,RFQ-0154,V007,Nakamura Tooling Co.,2025-05-04,False
RFQ-0155-INV-V022,RFQ-0155,V022,Andean Precision SRL,2024-04-06,False
RFQ-0155-INV-V019,RFQ-0155,V019,Emerald Isle Castings Ltd,2024-04-06,True
RFQ-0155-INV-V017,RFQ-0155,V017,Türk Makina A.Ş.,2024-04-06,True
RFQ-0155-INV-V001,RFQ-0155,V001,Kovacs Precision GmbH,2024-04-06,False
RFQ-0155-INV-V010,RFQ-0155,V010,Adriatic Fastenings d.o.o.,2024-04-06,True
RFQ-0155-INV-V007,RFQ-0155,V007,Nakamura Tooling Co.,2024-04-06,False
RFQ-0155-INV-V009,RFQ-0155,V009,Fischer & Söhne KG,2024-04-06,True
RFQ-0155-INV-V024,RFQ-0155,V024,BalticTech UAB,2024-04-06,True
RFQ-0156-INV-V008,RFQ-0156,V008,Delta Composites Inc.,2024-06-21,True
RFQ-0156-INV-V023,RFQ-0156,V023,Sahara Industrial FZE,2024-06-21,True
RFQ-0156-INV-V012,RFQ-0156,V012,Indra Copper Works,2024-06-21,True
RFQ-0156-INV-V005,RFQ-0156,V005,Cerro Negro Metals SA,2024-06-21,True
RFQ-0156-INV-V020,RFQ-0156,V020,Rajasthan Rare Earths Ltd,2024-06-21,True
RFQ-0156-INV-V015,RFQ-0156,V015,Nordic Steel AS,2024-06-21,True
RFQ-0156-INV-V003,RFQ-0156,V003,Patel Alloys Pvt Ltd,2024-06-21,True
RFQ-0156-INV-V014,RFQ-0156,V014,Coastal Alloys Pty Ltd,2024-06-21,True
RFQ-0157-INV-V021,RFQ-0157,V021,Helios Micro Systems,2025-02-04,True
RFQ-0157-INV-V016,RFQ-0157,V016,Precision Arc Systems,2025-02-04,False
RFQ-0157-INV-V006,RFQ-0157,V006,Bright Spark Electronics Ltd,2025-02-04,True
RFQ-0157-INV-V013,RFQ-0157,V013,Vantage Sensors GmbH,2025-02-04,False
RFQ-0157-INV-V011,RFQ-0157,V011,Solaris Power Components,2025-02-04,True
RFQ-0157-INV-V018,RFQ-0157,V018,Guangzhou Mech & Elec Co.,2025-02-04,True
RFQ-0157-INV-V002,RFQ-0157,V002,Tanaka Electrical KK,2025-02-04,True
RFQ-0158-INV-V002,RFQ-0158,V002,Tanaka Electrical KK,2025-03-14,True
RFQ-0158-INV-V018,RFQ-0158,V018,Guangzhou Mech & Elec Co.,2025-03-14,True
RFQ-0158-INV-V006,RFQ-0158,V006,Bright Spark Electronics Ltd,2025-03-14,True
RFQ-0158-INV-V013,RFQ-0158,V013,Vantage Sensors GmbH,2025-03-14,True
RFQ-0158-INV-V021,RFQ-0158,V021,Helios Micro Systems,2025-03-14,False
RFQ-0158-INV-V011,RFQ-0158,V011,Solaris Power Components,2025-03-14,True
RFQ-0158-INV-V016,RFQ-0158,V016,Precision Arc Systems,2025-03-14,False
RFQ-0159-INV-V016,RFQ-0159,V016,Precision Arc Systems,2024-10-09,True
RFQ-0159-INV-V013,RFQ-0159,V013,Vantage Sensors GmbH,2024-10-09,True
RFQ-0159-INV-V021,RFQ-0159,V021,Helios Micro Systems,2024-10-09,False
RFQ-0159-INV-V006,RFQ-0159,V006,Bright Spark Electronics Ltd,2024-10-09,True
RFQ-0159-INV-V011,RFQ-0159,V011,Solaris Power Components,2024-10-09,True
RFQ-0159-INV-V002,RFQ-0159,V002,Tanaka Electrical KK,2024-10-09,True
RFQ-0159-INV-V018,RFQ-0159,V018,Guangzhou Mech & Elec Co.,2024-10-09,False
RFQ-0160-INV-V008,RFQ-0160,V008,Delta Composites Inc.,2025-03-14,True
RFQ-0160-INV-V014,RFQ-0160,V014,Coastal Alloys Pty Ltd,2025-03-14,True
RFQ-0160-INV-V023,RFQ-0160,V023,Sahara Industrial FZE,2025-03-14,True
RFQ-0160-INV-V012,RFQ-0160,V012,Indra Copper Works,2025-03-14,True
RFQ-0160-INV-V015,RFQ-0160,V015,Nordic Steel AS,2025-03-14,True
RFQ-0160-INV-V020,RFQ-0160,V020,Rajasthan Rare Earths Ltd,2025-03-14,False
RFQ-0160-INV-V005,RFQ-0160,V005,Cerro Negro Metals SA,2025-03-14,True
RFQ-0160-INV-V003,RFQ-0160,V003,Patel Alloys Pvt Ltd,2025-03-14,True
RFQ-0161-INV-V003,RFQ-0161,V003,Patel Alloys Pvt Ltd,2024-09-27,True
RFQ-0161-INV-V015,RFQ-0161,V015,Nordic Steel AS,2024-09-27,True
RFQ-0161-INV-V014,RFQ-0161,V014,Coastal Alloys Pty Ltd,2024-09-27,True
RFQ-0161-INV-V008,RFQ-0161,V008,Delta Composites Inc.,2024-09-27,True
RFQ-0161-INV-V023,RFQ-0161,V023,Sahara Industrial FZE,2024-09-27,True
RFQ-0161-INV-V020,RFQ-0161,V020,Rajasthan Rare Earths Ltd,2024-09-27,True
RFQ-0161-INV-V012,RFQ-0161,V012,Indra Copper Works,2024-09-27,False
RFQ-0161-INV-V005,RFQ-0161,V005,Cerro Negro Metals SA,2024-09-27,True
RFQ-0162-INV-V016,RFQ-0162,V016,Precision Arc Systems,2024-10-29,False
RFQ-0162-INV-V013,RFQ-0162,V013,Vantage Sensors GmbH,2024-10-29,True
RFQ-0162-INV-V021,RFQ-0162,V021,Helios Micro Systems,2024-10-29,False
RFQ-0162-INV-V002,RFQ-0162,V002,Tanaka Electrical KK,2024-10-29,True
RFQ-0162-INV-V006,RFQ-0162,V006,Bright Spark Electronics Ltd,2024-10-29,True
RFQ-0162-INV-V011,RFQ-0162,V011,Solaris Power Components,2024-10-29,True
RFQ-0162-INV-V018,RFQ-0162,V018,Guangzhou Mech & Elec Co.,2024-10-29,True
RFQ-0163-INV-V023,RFQ-0163,V023,Sahara Industrial FZE,2024-04-09,False
RFQ-0163-INV-V012,RFQ-0163,V012,Indra Copper Works,2024-04-09,True
RFQ-0163-INV-V005,RFQ-0163,V005,Cerro Negro Metals SA,2024-04-09,True
RFQ-0163-INV-V003,RFQ-0163,V003,Patel Alloys Pvt Ltd,2024-04-09,True
RFQ-0163-INV-V008,RFQ-0163,V008,Delta Composites Inc.,2024-04-09,True
RFQ-0163-INV-V015,RFQ-0163,V015,Nordic Steel AS,2024-04-09,True
RFQ-0163-INV-V014,RFQ-0163,V014,Coastal Alloys Pty Ltd,2024-04-09,True
RFQ-0163-INV-V020,RFQ-0163,V020,Rajasthan Rare Earths Ltd,2024-04-09,True
RFQ-0164-INV-V004,RFQ-0164,V004,Strömberg Hydraulics AB,2024-08-01,True
RFQ-0164-INV-V022,RFQ-0164,V022,Andean Precision SRL,2024-08-01,True
RFQ-0164-INV-V001,RFQ-0164,V001,Kovacs Precision GmbH,2024-08-01,True
RFQ-0164-INV-V010,RFQ-0164,V010,Adriatic Fastenings d.o.o.,2024-08-01,True
RFQ-0164-INV-V024,RFQ-0164,V024,BalticTech UAB,2024-08-01,False
RFQ-0164-INV-V019,RFQ-0164,V019,Emerald Isle Castings Ltd,2024-08-01,True
RFQ-0164-INV-V017,RFQ-0164,V017,Türk Makina A.Ş.,2024-08-01,True
RFQ-0164-INV-V009,RFQ-0164,V009,Fischer & Söhne KG,2024-08-01,True
RFQ-0165-INV-V021,RFQ-0165,V021,Helios Micro Systems,2025-04-19,False
RFQ-0165-INV-V011,RFQ-0165,V011,Solaris Power Components,2025-04-19,True
RFQ-0165-INV-V006,RFQ-0165,V006,Bright Spark Electronics Ltd,2025-04-19,True
RFQ-0165-INV-V018,RFQ-0165,V018,Guangzhou Mech & Elec Co.,2025-04-19,True
RFQ-0165-INV-V013,RFQ-0165,V013,Vantage Sensors GmbH,2025-04-19,True
RFQ-0165-INV-V016,RFQ-0165,V016,Precision Arc Systems,2025-04-19,False
RFQ-0165-INV-V002,RFQ-0165,V002,Tanaka Electrical KK,2025-04-19,True
RFQ-0166-INV-V015,RFQ-0166,V015,Nordic Steel AS,2024-09-21,True
RFQ-0166-INV-V003,RFQ-0166,V003,Patel Alloys Pvt Ltd,2024-09-21,True
RFQ-0166-INV-V023,RFQ-0166,V023,Sahara Industrial FZE,2024-09-21,False
RFQ-0166-INV-V014,RFQ-0166,V014,Coastal Alloys Pty Ltd,2024-09-21,False
RFQ-0166-INV-V008,RFQ-0166,V008,Delta Composites Inc.,2024-09-21,True
RFQ-0166-INV-V012,RFQ-0166,V012,Indra Copper Works,2024-09-21,True
RFQ-0166-INV-V005,RFQ-0166,V005,Cerro Negro Metals SA,2024-09-21,True
RFQ-0166-INV-V020,RFQ-0166,V020,Rajasthan Rare Earths Ltd,2024-09-21,True
RFQ-0167-INV-V022,RFQ-0167,V022,Andean Precision SRL,2025-03-19,True
RFQ-0167-INV-V007,RFQ-0167,V007,Nakamura Tooling Co.,2025-03-19,True
RFQ-0167-INV-V004,RFQ-0167,V004,Strömberg Hydraulics AB,2025-03-19,True
RFQ-0167-INV-V001,RFQ-0167,V001,Kovacs Precision GmbH,2025-03-19,True
RFQ-0167-INV-V024,RFQ-0167,V024,BalticTech UAB,2025-03-19,True
RFQ-0167-INV-V009,RFQ-0167,V009,Fischer & Söhne KG,2025-03-19,False
RFQ-0167-INV-V019,RFQ-0167,V019,Emerald Isle Castings Ltd,2025-03-19,False
RFQ-0167-INV-V017,RFQ-0167,V017,Türk Makina A.Ş.,2025-03-19,False
RFQ-0168-INV-V016,RFQ-0168,V016,Precision Arc Systems,2024-01-06,False
RFQ-0168-INV-V013,RFQ-0168,V013,Vantage Sensors GmbH,2024-01-06,True
RFQ-0168-INV-V018,RFQ-0168,V018,Guangzhou Mech & Elec Co.,2024-01-06,False
RFQ-0168-INV-V021,RFQ-0168,V021,Helios Micro Systems,2024-01-06,True
RFQ-0168-INV-V011,RFQ-0168,V011,Solaris Power Components,2024-01-06,False
RFQ-0168-INV-V006,RFQ-0168,V006,Bright Spark Electronics Ltd,2024-01-06,True
RFQ-0168-INV-V002,RFQ-0168,V002,Tanaka Electrical KK,2024-01-06,True
RFQ-0169-INV-V016,RFQ-0169,V016,Precision Arc Systems,2025-01-30,False
RFQ-0169-INV-V002,RFQ-0169,V002,Tanaka Electrical KK,2025-01-30,True
RFQ-0169-INV-V013,RFQ-0169,V013,Vantage Sensors GmbH,2025-01-30,True
RFQ-0169-INV-V021,RFQ-0169,V021,Helios Micro Systems,2025-01-30,True
RFQ-0169-INV-V006,RFQ-0169,V006,Bright Spark Electronics Ltd,2025-01-30,True
RFQ-0169-INV-V018,RFQ-0169,V018,Guangzhou Mech & Elec Co.,2025-01-30,False
RFQ-0169-INV-V011,RFQ-0169,V011,Solaris Power Components,2025-01-30,False
RFQ-0170-INV-V016,RFQ-0170,V016,Precision Arc Systems,2024-01-07,False
RFQ-0170-INV-V018,RFQ-0170,V018,Guangzhou Mech & Elec Co.,2024-01-07,True
RFQ-0170-INV-V011,RFQ-0170,V011,Solaris Power Components,2024-01-07,True
RFQ-0170-INV-V013,RFQ-0170,V013,Vantage Sensors GmbH,2024-01-07,True
RFQ-0170-INV-V021,RFQ-0170,V021,Helios Micro Systems,2024-01-07,True
RFQ-0170-INV-V006,RFQ-0170,V006,Bright Spark Electronics Ltd,2024-01-07,False
RFQ-0170-INV-V002,RFQ-0170,V002,Tanaka Electrical KK,2024-01-07,True
RFQ-0171-INV-V011,RFQ-0171,V011,Solaris Power Components,2024-03-24,False
RFQ-0171-INV-V013,RFQ-0171,V013,Vantage Sensors GmbH,2024-03-24,True
RFQ-0171-INV-V018,RFQ-0171,V018,Guangzhou Mech & Elec Co.,2024-03-24,True
RFQ-0171-INV-V002,RFQ-0171,V002,Tanaka Electrical KK,2024-03-24,True
RFQ-0171-INV-V006,RFQ-0171,V006,Bright Spark Electronics Ltd,2024-03-24,True
RFQ-0171-INV-V021,RFQ-0171,V021,Helios Micro Systems,2024-03-24,True
RFQ-0171-INV-V016,RFQ-0171,V016,Precision Arc Systems,2024-03-24,False
RFQ-0172-INV-V015,RFQ-0172,V015,Nordic Steel AS,2025-02-05,True
RFQ-0172-INV-V008,RFQ-0172,V008,Delta Composites Inc.,2025-02-05,True
RFQ-0172-INV-V023,RFQ-0172,V023,Sahara Industrial FZE,2025-02-05,True
RFQ-0172-INV-V003,RFQ-0172,V003,Patel Alloys Pvt Ltd,2025-02-05,True
RFQ-0172-INV-V005,RFQ-0172,V005,Cerro Negro Metals SA,2025-02-05,True
RFQ-0172-INV-V020,RFQ-0172,V020,Rajasthan Rare Earths Ltd,2025-02-05,True
RFQ-0172-INV-V014,RFQ-0172,V014,Coastal Alloys Pty Ltd,2025-02-05,False
RFQ-0172-INV-V012,RFQ-0172,V012,Indra Copper Works,2025-02-05,False
RFQ-0173-INV-V020,RFQ-0173,V020,Rajasthan Rare Earths Ltd,2024-06-27,True
RFQ-0173-INV-V015,RFQ-0173,V015,Nordic Steel AS,2024-06-27,True
RFQ-0173-INV-V005,RFQ-0173,V005,Cerro Negro Metals SA,2024-06-27,True
RFQ-0173-INV-V008,RFQ-0173,V008,Delta Composites Inc.,2024-06-27,False
RFQ-0173-INV-V023,RFQ-0173,V023,Sahara Industrial FZE,2024-06-27,True
RFQ-0173-INV-V003,RFQ-0173,V003,Patel Alloys Pvt Ltd,2024-06-27,True
RFQ-0173-INV-V012,RFQ-0173,V012,Indra Copper Works,2024-06-27,True
RFQ-0173-INV-V014,RFQ-0173,V014,Coastal Alloys Pty Ltd,2024-06-27,False
RFQ-0174-INV-V010,RFQ-0174,V010,Adriatic Fastenings d.o.o.,2024-07-26,True
RFQ-0174-INV-V007,RFQ-0174,V007,Nakamura Tooling Co.,2024-07-26,True
RFQ-0174-INV-V017,RFQ-0174,V017,Türk Makina A.Ş.,2024-07-26,False
RFQ-0174-INV-V009,RFQ-0174,V009,Fischer & Söhne KG,2024-07-26,True
RFQ-0174-INV-V022,RFQ-0174,V022,Andean Precision SRL,2024-07-26,True
RFQ-0174-INV-V019,RFQ-0174,V019,Emerald Isle Castings Ltd,2024-07-26,True
RFQ-0174-INV-V001,RFQ-0174,V001,Kovacs Precision GmbH,2024-07-26,True
RFQ-0174-INV-V024,RFQ-0174,V024,BalticTech UAB,2024-07-26,True
RFQ-0175-INV-V006,RFQ-0175,V006,Bright Spark Electronics Ltd,2024-09-22,True
RFQ-0175-INV-V021,RFQ-0175,V021,Helios Micro Systems,2024-09-22,True
RFQ-0175-INV-V002,RFQ-0175,V002,Tanaka Electrical KK,2024-09-22,False
RFQ-0175-INV-V011,RFQ-0175,V011,Solaris Power Components,2024-09-22,False
RFQ-0175-INV-V018,RFQ-0175,V018,Guangzhou Mech & Elec Co.,2024-09-22,True
RFQ-0175-INV-V016,RFQ-0175,V016,Precision Arc Systems,2024-09-22,False
RFQ-0175-INV-V013,RFQ-0175,V013,Vantage Sensors GmbH,2024-09-22,True
RFQ-0176-INV-V004,RFQ-0176,V004,Strömberg Hydraulics AB,2024-07-02,True
RFQ-0176-INV-V007,RFQ-0176,V007,Nakamura Tooling Co.,2024-07-02,True
RFQ-0176-INV-V024,RFQ-0176,V024,BalticTech UAB,2024-07-02,True
RFQ-0176-INV-V009,RFQ-0176,V009,Fischer & Söhne KG,2024-07-02,True
RFQ-0176-INV-V017,RFQ-0176,V017,Türk Makina A.Ş.,2024-07-02,True
RFQ-0176-INV-V019,RFQ-0176,V019,Emerald Isle Castings Ltd,2024-07-02,True
RFQ-0176-INV-V001,RFQ-0176,V001,Kovacs Precision GmbH,2024-07-02,False
RFQ-0176-INV-V010,RFQ-0176,V010,Adriatic Fastenings d.o.o.,2024-07-02,True
RFQ-0177-INV-V002,RFQ-0177,V002,Tanaka Electrical KK,2024-10-24,True
RFQ-0177-INV-V011,RFQ-0177,V011,Solaris Power Components,2024-10-24,False
RFQ-0177-INV-V016,RFQ-0177,V016,Precision Arc Systems,2024-10-24,True
RFQ-0177-INV-V021,RFQ-0177,V021,Helios Micro Systems,2024-10-24,True
RFQ-0177-INV-V013,RFQ-0177,V013,Vantage Sensors GmbH,2024-10-24,False
RFQ-0177-INV-V006,RFQ-0177,V006,Bright Spark Electronics Ltd,2024-10-24,True
RFQ-0177-INV-V018,RFQ-0177,V018,Guangzhou Mech & Elec Co.,2024-10-24,True
RFQ-0178-INV-V020,RFQ-0178,V020,Rajasthan Rare Earths Ltd,2024-09-23,True
RFQ-0178-INV-V005,RFQ-0178,V005,Cerro Negro Metals SA,2024-09-23,True
RFQ-0178-INV-V023,RFQ-0178,V023,Sahara Industrial FZE,2024-09-23,False
RFQ-0178-INV-V003,RFQ-0178,V003,Patel Alloys Pvt Ltd,2024-09-23,True
RFQ-0178-INV-V012,RFQ-0178,V012,Indra Copper Works,2024-09-23,True
RFQ-0178-INV-V015,RFQ-0178,V015,Nordic Steel AS,2024-09-23,True
RFQ-0178-INV-V014,RFQ-0178,V014,Coastal Alloys Pty Ltd,2024-09-23,True
RFQ-0178-INV-V008,RFQ-0178,V008,Delta Composites Inc.,2024-09-23,True
RFQ-0179-INV-V006,RFQ-0179,V006,Bright Spark Electronics Ltd,2024-02-12,True
RFQ-0179-INV-V011,RFQ-0179,V011,Solaris Power Components,2024-02-12,False
RFQ-0179-INV-V021,RFQ-0179,V021,Helios Micro Systems,2024-02-12,True
RFQ-0179-INV-V002,RFQ-0179,V002,Tanaka Electrical KK,2024-02-12,True
RFQ-0179-INV-V013,RFQ-0179,V013,Vantage Sensors GmbH,2024-02-12,False
RFQ-0179-INV-V016,RFQ-0179,V016,Precision Arc Systems,2024-02-12,True
RFQ-0179-INV-V018,RFQ-0179,V018,Guangzhou Mech & Elec Co.,2024-02-12,True
RFQ-0180-INV-V024,RFQ-0180,V024,BalticTech UAB,2024-04-15,True
RFQ-0180-INV-V022,RFQ-0180,V022,Andean Precision SRL,2024-04-15,True
RFQ-0180-INV-V019,RFQ-0180,V019,Emerald Isle Castings Ltd,2024-04-15,True
RFQ-0180-INV-V017,RFQ-0180,V017,Türk Makina A.Ş.,2024-04-15,True
RFQ-0180-INV-V007,RFQ-0180,V007,Nakamura Tooling Co.,2024-04-15,False
RFQ-0180-INV-V009,RFQ-0180,V009,Fischer & Söhne KG,2024-04-15,True
RFQ-0180-INV-V004,RFQ-0180,V004,Strömberg Hydraulics AB,2024-04-15,True
RFQ-0180-INV-V010,RFQ-0180,V010,Adriatic Fastenings d.o.o.,2024-04-15,True
RFQ-0181-INV-V021,RFQ-0181,V021,Helios Micro Systems,2024-02-12,True
RFQ-0181-INV-V002,RFQ-0181,V002,Tanaka Electrical KK,2024-02-12,False
RFQ-0181-INV-V013,RFQ-0181,V013,Vantage Sensors GmbH,2024-02-12,False
RFQ-0181-INV-V018,RFQ-0181,V018,Guangzhou Mech & Elec Co.,2024-02-12,False
RFQ-0181-INV-V006,RFQ-0181,V006,Bright Spark Electronics Ltd,2024-02-12,False
RFQ-0181-INV-V011,RFQ-0181,V011,Solaris Power Components,2024-02-12,True
RFQ-0181-INV-V016,RFQ-0181,V016,Precision Arc Systems,2024-02-12,True
RFQ-0182-INV-V010,RFQ-0182,V010,Adriatic Fastenings d.o.o.,2024-02-25,True
RFQ-0182-INV-V017,RFQ-0182,V017,Türk Makina A.Ş.,2024-02-25,True
RFQ-0182-INV-V019,RFQ-0182,V019,Emerald Isle Castings Ltd,2024-02-25,True
RFQ-0182-INV-V024,RFQ-0182,V024,BalticTech UAB,2024-02-25,True
RFQ-0182-INV-V022,RFQ-0182,V022,Andean Precision SRL,2024-02-25,True
RFQ-0182-INV-V009,RFQ-0182,V009,Fischer & Söhne KG,2024-02-25,True
RFQ-0182-INV-V004,RFQ-0182,V004,Strömberg Hydraulics AB,2024-02-25,True
RFQ-0182-INV-V001,RFQ-0182,V001,Kovacs Precision GmbH,2024-02-25,True
RFQ-0183-INV-V018,RFQ-0183,V018,Guangzhou Mech & Elec Co.,2025-01-23,True
RFQ-0183-INV-V011,RFQ-0183,V011,Solaris Power Components,2025-01-23,False
RFQ-0183-INV-V021,RFQ-0183,V021,Helios Micro Systems,2025-01-23,True
RFQ-0183-INV-V013,RFQ-0183,V013,Vantage Sensors GmbH,2025-01-23,True
RFQ-0183-INV-V002,RFQ-0183,V002,Tanaka Electrical KK,2025-01-23,True
RFQ-0183-INV-V016,RFQ-0183,V016,Precision Arc Systems,2025-01-23,True
RFQ-0183-INV-V006,RFQ-0183,V006,Bright Spark Electronics Ltd,2025-01-23,True
RFQ-0184-INV-V008,RFQ-0184,V008,Delta Composites Inc.,2024-07-19,False
RFQ-0184-INV-V012,RFQ-0184,V012,Indra Copper Works,2024-07-19,True
RFQ-0184-INV-V014,RFQ-0184,V014,Coastal Alloys Pty Ltd,2024-07-19,True
RFQ-0184-INV-V015,RFQ-0184,V015,Nordic Steel AS,2024-07-19,True
RFQ-0184-INV-V005,RFQ-0184,V005,Cerro Negro Metals SA,2024-07-19,False
RFQ-0184-INV-V003,RFQ-0184,V003,Patel Alloys Pvt Ltd,2024-07-19,False
RFQ-0184-INV-V020,RFQ-0184,V020,Rajasthan Rare Earths Ltd,2024-07-19,False
RFQ-0184-INV-V023,RFQ-0184,V023,Sahara Industrial FZE,2024-07-19,False
