po_id,rfq_id,vendor_id,vendor_name,po_date,po_value_usd,promised_delivery,payment_terms,status
PO-RFQ-0001-V001,RFQ-0001,V001,Kovacs Precision GmbH,2026-01-13,33137.5,2026-02-17,Net30,pending
PO-RFQ-0001-V022,RFQ-0001,V022,Andean Precision SRL,2025-07-25,30345.0,2025-08-08,Net30,in_transit
PO-RFQ-0001-V017,RFQ-0001,V017,Türk Makina A.Ş.,2025-12-07,31540.0,2026-01-07,Net30,delivered
PO-RFQ-0001-V009,RFQ-0001,V009,Fischer & Söhne KG,2026-01-25,33738.75,2026-03-19,Net60,cancelled
PO-RFQ-0001-V004,RFQ-0001,V004,Strömberg Hydraulics AB,2025-11-26,33417.5,2026-01-10,Net30,cancelled
PO-RFQ-0002-V009,RFQ-0002,V009,Fischer & Söhne KG,2026-03-03,39466.22,2026-03-28,Net30,cancelled
PO-RFQ-0002-V019,RFQ-0002,V019,Emerald Isle Castings Ltd,2025-11-23,42321.88,2025-12-26,Net60,cancelled
PO-RFQ-0002-V004,RFQ-0002,V004,Strömberg Hydraulics AB,2025-12-08,41452.47,2026-01-16,Net30,in_transit
PO-RFQ-0002-V001,RFQ-0002,V001,Kovacs Precision GmbH,2025-12-09,41913.28,2026-01-30,Net30,pending
PO-RFQ-0002-V007,RFQ-0002,V007,Nakamura Tooling Co.,2026-02-21,43313.87,2026-04-05,Net30,in_transit
PO-RFQ-0003-V018,RFQ-0003,V018,Guangzhou Mech & Elec Co.,2026-01-10,3996.4,2026-01-24,Net45,in_transit
PO-RFQ-0003-V006,RFQ-0003,V006,Bright Spark Electronics Ltd,2026-04-24,4139.96,2026-05-14,Net60,cancelled
PO-RFQ-0003-V016,RFQ-0003,V016,Precision Arc Systems,2025-10-03,4421.26,2025-10-31,Net45,delivered
PO-RFQ-0003-V011,RFQ-0003,V011,Solaris Power Components,2025-12-27,3825.68,2026-02-12,Net60,cancelled
PO-RFQ-0003-V002,RFQ-0003,V002,Tanaka Electrical KK,2026-03-06,4512.44,2026-04-04,Net60,delivered
PO-RFQ-0004-V018,RFQ-0004,V018,Guangzhou Mech & Elec Co.,2025-11-01,175442.56,2025-11-26,Net45,in_transit
PO-RFQ-0004-V002,RFQ-0004,V002,Tanaka Electrical KK,2026-05-07,195607.62,2026-06-18,Net30,cancelled
PO-RFQ-0005-V006,RFQ-0005,V006,Bright Spark Electronics Ltd,2025-11-04,83176.64,2025-11-22,Net30,delivered
PO-RFQ-0005-V013,RFQ-0005,V013,Vantage Sensors GmbH,2025-09-22,79530.76,2025-10-10,Net60,cancelled
PO-RFQ-0005-V018,RFQ-0005,V018,Guangzhou Mech & Elec Co.,2025-10-12,74121.68,2025-11-27,Net30,cancelled
PO-RFQ-0005-V011,RFQ-0005,V011,Solaris Power Components,2025-11-20,90078.64,2025-12-27,Net45,in_transit
PO-RFQ-0005-V021,RFQ-0005,V021,Helios Micro Systems,2025-12-12,81087.48,2026-01-09,Net30,pending
PO-RFQ-0006-V011,RFQ-0006,V011,Solaris Power Components,2026-01-03,180862.5,2026-02-05,Net45,cancelled
PO-RFQ-0006-V006,RFQ-0006,V006,Bright Spark Electronics Ltd,2025-12-29,208187.98,2026-02-17,Net30,in_transit
PO-RFQ-0006-V021,RFQ-0006,V021,Helios Micro Systems,2025-11-28,193102.0,2026-01-08,Net30,delivered
PO-RFQ-0007-V006,RFQ-0007,V006,Bright Spark Electronics Ltd,2026-01-30,150206.96,2026-02-13,Net45,pending
PO-RFQ-0007-V018,RFQ-0007,V018,Guangzhou Mech & Elec Co.,2025-10-14,133879.4,2025-10-30,Net30,delivered
PO-RFQ-0007-V016,RFQ-0007,V016,Precision Arc Systems,2026-04-13,154009.72,2026-05-08,Net45,cancelled
PO-RFQ-0007-V011,RFQ-0007,V011,Solaris Power Components,2025-08-29,145534.88,2025-10-21,Net30,in_transit
PO-RFQ-0007-V002,RFQ-0007,V002,Tanaka Electrical KK,2026-04-02,158381.04,2026-04-30,Net45,pending
PO-RFQ-0008-V018,RFQ-0008,V018,Guangzhou Mech & Elec Co.,2026-04-08,32989.2,2026-04-26,Net30,cancelled
PO-RFQ-0008-V006,RFQ-0008,V006,Bright Spark Electronics Ltd,2026-03-26,37091.76,2026-04-15,Net60,in_transit
PO-RFQ-0008-V013,RFQ-0008,V013,Vantage Sensors GmbH,2026-04-16,38001.96,2026-05-12,Net30,pending
PO-RFQ-0008-V002,RFQ-0008,V002,Tanaka Electrical KK,2026-04-03,36616.68,2026-05-12,Net60,in_transit
PO-RFQ-0009-V018,RFQ-0009,V018,Guangzhou Mech & Elec Co.,2025-08-18,7333.26,2025-09-09,Net45,in_transit
PO-RFQ-0009-V013,RFQ-0009,V013,Vantage Sensors GmbH,2026-01-22,8111.85,2026-02-26,Net45,delivered
PO-RFQ-0009-V011,RFQ-0009,V011,Solaris Power Components,2026-02-01,8007.3,2026-03-14,Net45,in_transit
PO-RFQ-0009-V016,RFQ-0009,V016,Precision Arc Systems,2025-12-10,8890.44,2026-01-30,Net45,pending
PO-RFQ-0010-V018,RFQ-0010,V018,Guangzhou Mech & Elec Co.,2025-09-22,3909.6,2025-10-07,Net45,delivered
PO-RFQ-0010-V002,RFQ-0010,V002,Tanaka Electrical KK,2025-12-22,4211.2,2026-01-07,Net45,cancelled
PO-RFQ-0010-V016,RFQ-0010,V016,Precision Arc Systems,2026-04-26,3914.4,2026-05-29,Net45,cancelled
PO-RFQ-0010-V011,RFQ-0010,V011,Solaris Power Components,2026-03-05,4817.6,2026-04-19,Net30,pending
PO-RFQ-0010-V006,RFQ-0010,V006,Bright Spark Electronics Ltd,2026-04-06,4825.6,2026-05-29,Net30,cancelled
PO-RFQ-0011-V006,RFQ-0011,V006,Bright Spark Electronics Ltd,2025-10-10,40157.94,2025-10-22,Net45,delivered
PO-RFQ-0011-V011,RFQ-0011,V011,Solaris Power Components,2026-04-03,31259.19,2026-05-04,Net45,delivered
PO-RFQ-0011-V018,RFQ-0011,V018,Guangzhou Mech & Elec Co.,2025-07-28,32991.48,2025-09-17,Net45,delivered
PO-RFQ-0011-V002,RFQ-0011,V002,Tanaka Electrical KK,2025-09-04,36310.29,2025-10-06,Net60,in_transit
PO-RFQ-0012-V011,RFQ-0012,V011,Solaris Power Components,2026-02-13,41207.04,2026-03-04,Net60,pending
PO-RFQ-0012-V018,RFQ-0012,V018,Guangzhou Mech & Elec Co.,2026-03-30,42634.92,2026-04-18,Net45,pending
PO-RFQ-0012-V016,RFQ-0012,V016,Precision Arc Systems,2025-10-25,38990.76,2025-11-17,Net30,pending
PO-RFQ-0012-V013,RFQ-0012,V013,Vantage Sensors GmbH,2026-04-21,48228.18,2026-05-17,Net60,delivered
PO-RFQ-0012-V002,RFQ-0012,V002,Tanaka Electrical KK,2025-07-28,46178.34,2025-09-09,Net45,delivered
PO-RFQ-0013-V018,RFQ-0013,V018,Guangzhou Mech & Elec Co.,2025-11-14,105194.43,2026-01-08,Net45,delivered
PO-RFQ-0014-V013,RFQ-0014,V013,Vantage Sensors GmbH,2026-03-22,14815.07,2026-04-01,Net45,cancelled
PO-RFQ-0014-V016,RFQ-0014,V016,Precision Arc Systems,2025-12-27,11990.28,2026-01-11,Net45,cancelled
PO-RFQ-0014-V018,RFQ-0014,V018,Guangzhou Mech & Elec Co.,2025-11-03,12774.31,2025-12-21,Net30,delivered
PO-RFQ-0014-V006,RFQ-0014,V006,Bright Spark Electronics Ltd,2025-10-18,14727.05,2025-11-29,Net30,cancelled
PO-RFQ-0014-V011,RFQ-0014,V011,Solaris Power Components,2025-09-09,16109.29,2025-11-01,Net30,delivered
PO-RFQ-0015-V007,RFQ-0015,V007,Nakamura Tooling Co.,2025-12-15,99398.4,2025-12-25,Net30,in_transit
PO-RFQ-0015-V001,RFQ-0015,V001,Kovacs Precision GmbH,2026-05-03,94721.28,2026-05-30,Net60,pending
PO-RFQ-0015-V009,RFQ-0015,V009,Fischer & Söhne KG,2025-11-27,97827.84,2026-01-07,Net45,delivered
PO-RFQ-0015-V010,RFQ-0015,V010,Adriatic Fastenings d.o.o.,2025-08-06,90789.12,2025-09-30,Net45,delivered
PO-RFQ-0015-V019,RFQ-0015,V019,Emerald Isle Castings Ltd,2026-01-02,104336.64,2026-02-13,Net60,in_transit
PO-RFQ-0016-V018,RFQ-0016,V018,Guangzhou Mech & Elec Co.,2026-02-07,139800.64,2026-02-20,Net30,delivered
PO-RFQ-0016-V006,RFQ-0016,V006,Bright Spark Electronics Ltd,2026-01-22,133557.76,2026-03-01,Net60,cancelled
PO-RFQ-0016-V013,RFQ-0016,V013,Vantage Sensors GmbH,2025-10-20,149647.68,2025-11-26,Net30,delivered
PO-RFQ-0016-V002,RFQ-0016,V002,Tanaka Electrical KK,2026-01-07,152066.88,2026-02-22,Net60,pending
PO-RFQ-0017-V002,RFQ-0017,V002,Tanaka Electrical KK,2025-08-04,162028.02,2025-08-16,Net60,cancelled
PO-RFQ-0017-V018,RFQ-0017,V018,Guangzhou Mech & Elec Co.,2025-12-18,139447.77,2026-01-04,Net60,delivered
PO-RFQ-0017-V006,RFQ-0017,V006,Bright Spark Electronics Ltd,2025-09-24,132661.2,2025-10-18,Net60,delivered
PO-RFQ-0017-V016,RFQ-0017,V016,Precision Arc Systems,2026-02-21,171549.21,2026-03-15,Net45,pending
PO-RFQ-0017-V011,RFQ-0017,V011,Solaris Power Components,2026-02-18,148447.74,2026-04-06,Net60,pending
PO-RFQ-0018-V017,RFQ-0018,V017,Türk Makina A.Ş.,2026-03-24,47637.6,2026-04-15,Net45,pending
PO-RFQ-0018-V001,RFQ-0018,V001,Kovacs Precision GmbH,2025-09-28,50638.8,2025-10-25,Net60,in_transit
PO-RFQ-0018-V004,RFQ-0018,V004,Strömberg Hydraulics AB,2026-01-25,53466.0,2026-02-16,Net60,in_transit
PO-RFQ-0018-V009,RFQ-0018,V009,Fischer & Söhne KG,2025-11-15,49660.8,2026-01-05,Net60,cancelled
PO-RFQ-0018-V019,RFQ-0018,V019,Emerald Isle Castings Ltd,2026-03-03,52794.0,2026-04-15,Net30,delivered
PO-RFQ-0019-V018,RFQ-0019,V018,Guangzhou Mech & Elec Co.,2026-02-01,128503.35,2026-03-12,Net60,cancelled
PO-RFQ-0019-V011,RFQ-0019,V011,Solaris Power Components,2025-12-07,119788.56,2026-01-28,Net45,delivered
PO-RFQ-0019-V002,RFQ-0019,V002,Tanaka Electrical KK,2025-08-25,139457.52,2025-09-29,Net60,delivered
PO-RFQ-0020-V008,RFQ-0020,V008,Delta Composites Inc.,2025-09-30,72504.6,2025-10-15,Net45,delivered
PO-RFQ-0020-V015,RFQ-0020,V015,Nordic Steel AS,2025-08-24,77403.33,2025-09-07,Net60,cancelled
PO-RFQ-0020-V012,RFQ-0020,V012,Indra Copper Works,2026-04-18,78399.49,2026-05-11,Net60,in_transit
PO-RFQ-0020-V003,RFQ-0020,V003,Patel Alloys Pvt Ltd,2026-04-18,75634.58,2026-06-03,Net60,delivered
PO-RFQ-0020-V014,RFQ-0020,V014,Coastal Alloys Pty Ltd,2026-03-23,79469.23,2026-05-01,Net60,pending
PO-RFQ-0021-V006,RFQ-0021,V006,Bright Spark Electronics Ltd,2026-01-16,128079.2,2026-02-01,Net30,delivered
PO-RFQ-0021-V016,RFQ-0021,V016,Precision Arc Systems,2026-01-27,128208.7,2026-02-24,Net60,in_transit
PO-RFQ-0021-V011,RFQ-0021,V011,Solaris Power Components,2025-10-22,157608.9,2025-11-14,Net45,delivered
PO-RFQ-0021-V002,RFQ-0021,V002,Tanaka Electrical KK,2026-03-21,147800.2,2026-04-12,Net45,pending
PO-RFQ-0021-V018,RFQ-0021,V018,Guangzhou Mech & Elec Co.,2025-07-30,137092.4,2025-08-29,Net45,delivered
PO-RFQ-0022-V005,RFQ-0022,V005,Cerro Negro Metals SA,2025-11-15,41313.8,2025-12-04,Net30,cancelled
PO-RFQ-0022-V008,RFQ-0022,V008,Delta Composites Inc.,2026-01-06,39528.74,2026-02-03,Net30,delivered
PO-RFQ-0022-V015,RFQ-0022,V015,Nordic Steel AS,2026-03-13,43172.71,2026-04-06,Net60,cancelled
PO-RFQ-0022-V003,RFQ-0022,V003,Patel Alloys Pvt Ltd,2026-04-23,43444.9,2026-05-17,Net45,cancelled
PO-RFQ-0022-V014,RFQ-0022,V014,Coastal Alloys Pty Ltd,2026-02-17,44442.93,2026-04-01,Net30,delivered
PO-RFQ-0023-V013,RFQ-0023,V013,Vantage Sensors GmbH,2025-11-30,7301.94,2025-12-19,Net30,cancelled
PO-RFQ-0023-V006,RFQ-0023,V006,Bright Spark Electronics Ltd,2026-05-06,6277.52,2026-06-07,Net45,cancelled
PO-RFQ-0023-V018,RFQ-0023,V018,Guangzhou Mech & Elec Co.,2025-12-21,6260.49,2026-02-13,Net45,pending
PO-RFQ-0023-V002,RFQ-0023,V002,Tanaka Electrical KK,2025-12-09,7484.03,2026-01-19,Net45,delivered
PO-RFQ-0023-V021,RFQ-0023,V021,Helios Micro Systems,2025-08-10,7174.87,2025-09-27,Net60,in_transit
PO-RFQ-0024-V011,RFQ-0024,V011,Solaris Power Components,2026-01-29,26802.1,2026-02-10,Net30,cancelled
PO-RFQ-0024-V013,RFQ-0024,V013,Vantage Sensors GmbH,2026-04-07,24860.99,2026-04-22,Net45,cancelled
PO-RFQ-0024-V018,RFQ-0024,V018,Guangzhou Mech & Elec Co.,2026-04-02,21589.5,2026-04-27,Net60,pending
PO-RFQ-0024-V006,RFQ-0024,V006,Bright Spark Electronics Ltd,2026-01-05,22460.86,2026-02-15,Net60,pending
PO-RFQ-0024-V016,RFQ-0024,V016,Precision Arc Systems,2025-10-06,26899.35,2025-11-04,Net45,cancelled
PO-RFQ-0025-V016,RFQ-0025,V016,Precision Arc Systems,2025-10-13,1752.0,2025-11-04,Net30,cancelled
PO-RFQ-0025-V011,RFQ-0025,V011,Solaris Power Components,2026-02-06,1654.5,2026-03-10,Net30,pending
PO-RFQ-0026-V009,RFQ-0026,V009,Fischer & Söhne KG,2025-10-29,22853.6,2025-11-17,Net30,pending
PO-RFQ-0026-V001,RFQ-0026,V001,Kovacs Precision GmbH,2026-01-11,23067.0,2026-02-08,Net30,in_transit
PO-RFQ-0026-V010,RFQ-0026,V010,Adriatic Fastenings d.o.o.,2025-10-25,20473.2,2025-11-27,Net30,pending
PO-RFQ-0026-V004,RFQ-0026,V004,Strömberg Hydraulics AB,2026-05-01,22809.6,2026-06-01,Net30,pending
PO-RFQ-0026-V007,RFQ-0026,V007,Nakamura Tooling Co.,2025-09-03,23007.6,2025-10-20,Net60,cancelled
PO-RFQ-0027-V002,RFQ-0027,V002,Tanaka Electrical KK,2026-05-06,29768.67,2026-05-25,Net30,cancelled
PO-RFQ-0027-V006,RFQ-0027,V006,Bright Spark Electronics Ltd,2025-08-18,27379.06,2025-10-02,Net45,delivered
PO-RFQ-0027-V011,RFQ-0027,V011,Solaris Power Components,2025-11-21,34216.93,2026-01-02,Net30,cancelled
PO-RFQ-0028-V016,RFQ-0028,V016,Precision Arc Systems,2026-01-08,173565.52,2026-01-20,Net30,cancelled
PO-RFQ-0028-V002,RFQ-0028,V002,Tanaka Electrical KK,2025-10-19,170081.68,2025-10-31,Net30,cancelled
PO-RFQ-0028-V018,RFQ-0028,V018,Guangzhou Mech & Elec Co.,2026-05-05,155466.36,2026-05-22,Net45,delivered
PO-RFQ-0028-V011,RFQ-0028,V011,Solaris Power Components,2026-03-04,135938.52,2026-04-16,Net60,delivered
PO-RFQ-0028-V013,RFQ-0028,V013,Vantage Sensors GmbH,2025-10-02,173557.88,2025-10-25,Net45,delivered
PO-RFQ-0029-V018,RFQ-0029,V018,Guangzhou Mech & Elec Co.,2025-08-03,161162.8,2025-09-20,Net60,delivered
PO-RFQ-0029-V021,RFQ-0029,V021,Helios Micro Systems,2026-05-04,180715.7,2026-05-14,Net30,delivered
PO-RFQ-0029-V013,RFQ-0029,V013,Vantage Sensors GmbH,2026-03-10,186381.9,2026-04-22,Net30,delivered
PO-RFQ-0029-V002,RFQ-0029,V002,Tanaka Electrical KK,2026-01-08,181519.3,2026-02-21,Net60,delivered
PO-RFQ-0029-V016,RFQ-0029,V016,Precision Arc Systems,2026-02-25,202900.8,2026-04-16,Net45,in_transit
PO-RFQ-0030-V011,RFQ-0030,V011,Solaris Power Components,2026-04-28,46821.67,2026-05-13,Net60,pending
PO-RFQ-0030-V013,RFQ-0030,V013,Vantage Sensors GmbH,2025-11-17,46439.81,2025-12-20,Net30,in_transit
PO-RFQ-0030-V016,RFQ-0030,V016,Precision Arc Systems,2025-09-16,52095.72,2025-10-13,Net45,cancelled
PO-RFQ-0030-V002,RFQ-0030,V002,Tanaka Electrical KK,2025-11-03,46446.07,2025-12-08,Net30,delivered
PO-RFQ-0030-V021,RFQ-0030,V021,Helios Micro Systems,2026-02-03,47259.87,2026-03-18,Net45,delivered
PO-RFQ-0031-V019,RFQ-0031,V019,Emerald Isle Castings Ltd,2026-04-14,54691.13,2026-05-06,Net60,cancelled
PO-RFQ-0031-V001,RFQ-0031,V001,Kovacs Precision GmbH,2026-04-17,53532.63,2026-05-21,Net30,cancelled
PO-RFQ-0031-V010,RFQ-0031,V010,Adriatic Fastenings d.o.o.,2025-11-12,51046.82,2025-12-21,Net45,pending
PO-RFQ-0031-V022,RFQ-0031,V022,Andean Precision SRL,2025-11-26,46988.76,2025-12-13,Net45,pending
PO-RFQ-0031-V024,RFQ-0031,V024,BalticTech UAB,2026-02-28,53439.95,2026-03-15,Net30,pending
PO-RFQ-0032-V018,RFQ-0032,V018,Guangzhou Mech & Elec Co.,2025-12-14,196157.85,2026-01-16,Net60,pending
PO-RFQ-0032-V002,RFQ-0032,V002,Tanaka Electrical KK,2025-12-14,216297.51,2026-01-20,Net45,in_transit
PO-RFQ-0032-V016,RFQ-0032,V016,Precision Arc Systems,2025-08-19,244510.56,2025-09-29,Net30,delivered
PO-RFQ-0032-V021,RFQ-0032,V021,Helios Micro Systems,2025-07-28,224271.84,2025-09-13,Net30,delivered
PO-RFQ-0033-V010,RFQ-0033,V010,Adriatic Fastenings d.o.o.,2025-08-02,41058.16,2025-08-22,Net60,cancelled
PO-RFQ-0033-V001,RFQ-0033,V001,Kovacs Precision GmbH,2025-11-12,44895.48,2025-12-09,Net60,pending
PO-RFQ-0033-V017,RFQ-0033,V017,Türk Makina A.Ş.,2025-08-11,38741.8,2025-09-19,Net30,pending
PO-RFQ-0033-V004,RFQ-0033,V004,Strömberg Hydraulics AB,2025-12-16,42986.52,2026-01-30,Net45,cancelled
PO-RFQ-0033-V019,RFQ-0033,V019,Emerald Isle Castings Ltd,2025-10-14,44651.04,2025-12-08,Net30,in_transit
PO-RFQ-0034-V016,RFQ-0034,V016,Precision Arc Systems,2025-11-01,132568.86,2025-11-17,Net30,delivered
PO-RFQ-0034-V002,RFQ-0034,V002,Tanaka Electrical KK,2025-08-30,145305.66,2025-09-21,Net60,cancelled
PO-RFQ-0034-V018,RFQ-0034,V018,Guangzhou Mech & Elec Co.,2026-04-13,139069.02,2026-05-21,Net45,cancelled
PO-RFQ-0034-V021,RFQ-0034,V021,Helios Micro Systems,2025-10-27,153269.82,2025-11-06,Net30,in_transit
PO-RFQ-0035-V006,RFQ-0035,V006,Bright Spark Electronics Ltd,2025-10-12,8671.25,2025-11-05,Net30,cancelled
PO-RFQ-0035-V013,RFQ-0035,V013,Vantage Sensors GmbH,2026-02-27,8966.25,2026-04-20,Net45,cancelled
PO-RFQ-0035-V021,RFQ-0035,V021,Helios Micro Systems,2026-04-24,9096.25,2026-05-18,Net45,delivered
PO-RFQ-0036-V002,RFQ-0036,V002,Tanaka Electrical KK,2025-12-09,63942.84,2025-12-27,Net45,in_transit
PO-RFQ-0036-V016,RFQ-0036,V016,Precision Arc Systems,2025-10-06,52628.16,2025-11-12,Net45,delivered
PO-RFQ-0036-V011,RFQ-0036,V011,Solaris Power Components,2026-03-03,57465.72,2026-04-18,Net30,pending
PO-RFQ-0036-V018,RFQ-0036,V018,Guangzhou Mech & Elec Co.,2026-04-07,57623.28,2026-05-31,Net45,pending
PO-RFQ-0037-V006,RFQ-0037,V006,Bright Spark Electronics Ltd,2026-04-26,46659.18,2026-05-13,Net30,pending
PO-RFQ-0037-V013,RFQ-0037,V013,Vantage Sensors GmbH,2026-01-28,48504.24,2026-02-24,Net60,delivered
PO-RFQ-0037-V016,RFQ-0037,V016,Precision Arc Systems,2026-04-05,42688.92,2026-05-23,Net45,in_transit
PO-RFQ-0037-V018,RFQ-0037,V018,Guangzhou Mech & Elec Co.,2026-03-24,44471.88,2026-05-05,Net45,cancelled
PO-RFQ-0037-V021,RFQ-0037,V021,Helios Micro Systems,2026-03-22,48857.52,2026-05-06,Net45,cancelled
PO-RFQ-0038-V001,RFQ-0038,V001,Kovacs Precision GmbH,2026-04-12,8190.09,2026-04-28,Net45,cancelled
PO-RFQ-0038-V019,RFQ-0038,V019,Emerald Isle Castings Ltd,2026-04-08,8792.05,2026-04-23,Net45,in_transit
PO-RFQ-0038-V010,RFQ-0038,V010,Adriatic Fastenings d.o.o.,2026-02-07,7596.21,2026-03-11,Net45,pending
PO-RFQ-0038-V017,RFQ-0038,V017,Türk Makina A.Ş.,2026-04-01,7656.81,2026-04-29,Net30,in_transit
PO-RFQ-0038-V007,RFQ-0038,V007,Nakamura Tooling Co.,2025-11-23,8503.19,2025-12-24,Net45,cancelled
PO-RFQ-0039-V002,RFQ-0039,V002,Tanaka Electrical KK,2025-07-23,3773.25,2025-08-04,Net45,delivered
PO-RFQ-0039-V006,RFQ-0039,V006,Bright Spark Electronics Ltd,2025-10-29,3146.65,2025-11-24,Net45,pending
PO-RFQ-0039-V011,RFQ-0039,V011,Solaris Power Components,2026-01-20,3135.6,2026-02-18,Net30,pending
PO-RFQ-0039-V016,RFQ-0039,V016,Precision Arc Systems,2025-09-12,3843.45,2025-10-04,Net60,delivered
PO-RFQ-0039-V018,RFQ-0039,V018,Guangzhou Mech & Elec Co.,2025-11-27,3589.3,2025-12-23,Net60,cancelled
PO-RFQ-0040-V011,RFQ-0040,V011,Solaris Power Components,2026-03-07,38423.56,2026-04-29,Net60,delivered
PO-RFQ-0040-V018,RFQ-0040,V018,Guangzhou Mech & Elec Co.,2025-08-14,37470.72,2025-10-05,Net60,cancelled
PO-RFQ-0040-V013,RFQ-0040,V013,Vantage Sensors GmbH,2025-09-29,40920.46,2025-11-17,Net60,pending
PO-RFQ-0040-V021,RFQ-0040,V021,Helios Micro Systems,2025-10-14,43457.54,2025-10-31,Net60,in_transit
PO-RFQ-0041-V017,RFQ-0041,V017,Türk Makina A.Ş.,2025-10-02,193357.28,2025-10-16,Net45,cancelled
PO-RFQ-0041-V010,RFQ-0041,V010,Adriatic Fastenings d.o.o.,2026-03-07,198170.72,2026-03-23,Net60,in_transit
PO-RFQ-0041-V004,RFQ-0041,V004,Strömberg Hydraulics AB,2026-01-30,215684.84,2026-03-02,Net45,cancelled
PO-RFQ-0041-V019,RFQ-0041,V019,Emerald Isle Castings Ltd,2025-12-25,215200.88,2026-02-10,Net60,cancelled
PO-RFQ-0041-V007,RFQ-0041,V007,Nakamura Tooling Co.,2025-10-19,222673.92,2025-12-01,Net60,delivered
PO-RFQ-0042-V013,RFQ-0042,V013,Vantage Sensors GmbH,2025-10-30,18812.31,2025-11-29,Net60,cancelled
PO-RFQ-0042-V011,RFQ-0042,V011,Solaris Power Components,2026-04-14,17817.14,2026-05-27,Net30,in_transit
PO-RFQ-0042-V002,RFQ-0042,V002,Tanaka Electrical KK,2025-09-07,18997.61,2025-10-05,Net45,delivered
PO-RFQ-0042-V018,RFQ-0042,V018,Guangzhou Mech & Elec Co.,2025-08-05,16821.97,2025-09-22,Net45,in_transit
PO-RFQ-0042-V021,RFQ-0042,V021,Helios Micro Systems,2026-05-06,18944.2,2026-05-22,Net60,delivered
PO-RFQ-0043-V001,RFQ-0043,V001,Kovacs Precision GmbH,2025-07-25,79843.34,2025-08-06,Net30,in_transit
PO-RFQ-0043-V017,RFQ-0043,V017,Türk Makina A.Ş.,2026-04-26,70587.2,2026-05-09,Net60,pending
PO-RFQ-0043-V010,RFQ-0043,V010,Adriatic Fastenings d.o.o.,2025-09-30,69255.26,2025-10-31,Net45,in_transit
PO-RFQ-0043-V004,RFQ-0043,V004,Strömberg Hydraulics AB,2026-01-18,80337.9,2026-02-19,Net30,in_transit
PO-RFQ-0043-V007,RFQ-0043,V007,Nakamura Tooling Co.,2025-09-06,79882.68,2025-10-12,Net30,in_transit
PO-RFQ-0044-V017,RFQ-0044,V017,Türk Makina A.Ş.,2026-01-22,8782.32,2026-02-03,Net60,cancelled
PO-RFQ-0044-V004,RFQ-0044,V004,Strömberg Hydraulics AB,2025-12-12,9173.19,2025-12-30,Net45,delivered
PO-RFQ-0044-V009,RFQ-0044,V009,Fischer & Söhne KG,2026-02-03,9320.25,2026-03-07,Net60,in_transit
PO-RFQ-0044-V007,RFQ-0044,V007,Nakamura Tooling Co.,2025-11-26,9969.12,2025-12-19,Net30,in_transit
PO-RFQ-0044-V019,RFQ-0044,V019,Emerald Isle Castings Ltd,2025-10-19,10033.62,2025-12-12,Net45,cancelled
PO-RFQ-0045-V009,RFQ-0045,V009,Fischer & Söhne KG,2026-02-03,17037.0,2026-02-14,Net45,in_transit
PO-RFQ-0045-V019,RFQ-0045,V019,Emerald Isle Castings Ltd,2025-09-27,18726.0,2025-10-16,Net45,in_transit
PO-RFQ-0045-V010,RFQ-0045,V010,Adriatic Fastenings d.o.o.,2026-02-17,15253.0,2026-03-18,Net30,pending
PO-RFQ-0045-V001,RFQ-0045,V001,Kovacs Precision GmbH,2026-02-26,17092.0,2026-04-21,Net30,in_transit
PO-RFQ-0045-V004,RFQ-0045,V004,Strömberg Hydraulics AB,2026-01-07,17783.0,2026-02-14,Net60,in_transit
PO-RFQ-0046-V019,RFQ-0046,V019,Emerald Isle Castings Ltd,2026-04-28,1252.12,2026-05-11,Net60,delivered
PO-RFQ-0046-V010,RFQ-0046,V010,Adriatic Fastenings d.o.o.,2026-01-01,1115.96,2026-01-16,Net60,delivered
PO-RFQ-0046-V001,RFQ-0046,V001,Kovacs Precision GmbH,2026-04-06,1212.56,2026-04-22,Net45,in_transit
PO-RFQ-0046-V009,RFQ-0046,V009,Fischer & Söhne KG,2026-01-13,1179.44,2026-03-08,Net30,pending
PO-RFQ-0046-V017,RFQ-0046,V017,Türk Makina A.Ş.,2025-12-10,1045.12,2026-01-28,Net30,in_transit
PO-RFQ-0047-V015,RFQ-0047,V015,Nordic Steel AS,2025-12-08,39062.43,2026-01-19,Net45,delivered
PO-RFQ-0047-V014,RFQ-0047,V014,Coastal Alloys Pty Ltd,2025-08-14,40874.46,2025-10-02,Net30,delivered
PO-RFQ-0047-V003,RFQ-0047,V003,Patel Alloys Pvt Ltd,2025-09-04,39537.41,2025-10-26,Net45,pending
PO-RFQ-0047-V020,RFQ-0047,V020,Rajasthan Rare Earths Ltd,2026-03-27,40092.8,2026-05-18,Net45,pending
PO-RFQ-0047-V023,RFQ-0047,V023,Sahara Industrial FZE,2025-11-15,35148.52,2025-12-20,Net30,cancelled
PO-RFQ-0048-V018,RFQ-0048,V018,Guangzhou Mech & Elec Co.,2026-04-10,155019.7,2026-04-26,Net45,pending
PO-RFQ-0048-V002,RFQ-0048,V002,Tanaka Electrical KK,2025-09-28,182587.65,2025-11-01,Net60,delivered
PO-RFQ-0048-V021,RFQ-0048,V021,Helios Micro Systems,2026-01-26,181214.95,2026-02-10,Net60,in_transit
PO-RFQ-0048-V013,RFQ-0048,V013,Vantage Sensors GmbH,2026-03-07,182921.55,2026-04-27,Net30,delivered
PO-RFQ-0049-V002,RFQ-0049,V002,Tanaka Electrical KK,2025-10-20,160694.64,2025-11-15,Net45,in_transit
PO-RFQ-0049-V013,RFQ-0049,V013,Vantage Sensors GmbH,2026-01-20,166466.46,2026-02-17,Net60,in_transit
PO-RFQ-0049-V018,RFQ-0049,V018,Guangzhou Mech & Elec Co.,2026-02-04,153946.74,2026-03-22,Net45,in_transit
PO-RFQ-0050-V004,RFQ-0050,V004,Strömberg Hydraulics AB,2026-03-05,63382.02,2026-03-18,Net45,cancelled
PO-RFQ-0050-V010,RFQ-0050,V010,Adriatic Fastenings d.o.o.,2025-09-12,55186.43,2025-09-29,Net45,in_transit
PO-RFQ-0050-V001,RFQ-0050,V001,Kovacs Precision GmbH,2026-01-25,60137.87,2026-02-19,Net30,cancelled
PO-RFQ-0050-V007,RFQ-0050,V007,Nakamura Tooling Co.,2025-08-23,64066.73,2025-10-17,Net60,delivered
PO-RFQ-0050-V022,RFQ-0050,V022,Andean Precision SRL,2025-10-18,56304.69,2025-12-03,Net45,pending
PO-RFQ-0051-V018,RFQ-0051,V018,Guangzhou Mech & Elec Co.,2025-09-07,118215.24,2025-10-09,Net30,cancelled
PO-RFQ-0051-V013,RFQ-0051,V013,Vantage Sensors GmbH,2026-05-08,138535.54,2026-06-14,Net30,pending
PO-RFQ-0051-V021,RFQ-0051,V021,Helios Micro Systems,2026-04-13,135074.94,2026-04-26,Net30,cancelled
PO-RFQ-0052-V011,RFQ-0052,V011,Solaris Power Components,2026-04-22,73987.2,2026-06-11,Net45,pending
PO-RFQ-0052-V002,RFQ-0052,V002,Tanaka Electrical KK,2026-02-12,93769.2,2026-03-05,Net60,pending
PO-RFQ-0052-V018,RFQ-0052,V018,Guangzhou Mech & Elec Co.,2026-03-01,81942.0,2026-04-21,Net60,pending
PO-RFQ-0052-V021,RFQ-0052,V021,Helios Micro Systems,2026-03-27,89751.2,2026-04-07,Net60,delivered
PO-RFQ-0053-V011,RFQ-0053,V011,Solaris Power Components,2025-09-09,100953.72,2025-10-19,Net60,pending
PO-RFQ-0053-V016,RFQ-0053,V016,Precision Arc Systems,2026-04-12,123772.56,2026-05-18,Net30,cancelled
PO-RFQ-0053-V018,RFQ-0053,V018,Guangzhou Mech & Elec Co.,2025-12-22,102624.6,2026-02-10,Net30,cancelled
PO-RFQ-0053-V013,RFQ-0053,V013,Vantage Sensors GmbH,2025-09-09,112038.64,2025-10-25,Net45,in_transit
PO-RFQ-0053-V002,RFQ-0053,V002,Tanaka Electrical KK,2025-10-02,113331.92,2025-11-18,Net45,cancelled
PO-RFQ-0054-V016,RFQ-0054,V016,Precision Arc Systems,2026-02-28,16494.04,2026-03-12,Net45,delivered
PO-RFQ-0054-V002,RFQ-0054,V002,Tanaka Electrical KK,2025-10-01,15953.6,2025-11-13,Net30,delivered
PO-RFQ-0055-V002,RFQ-0055,V002,Tanaka Electrical KK,2026-04-19,34471.36,2026-04-30,Net30,cancelled
PO-RFQ-0055-V011,RFQ-0055,V011,Solaris Power Components,2026-02-01,35900.48,2026-02-21,Net60,pending
PO-RFQ-0055-V018,RFQ-0055,V018,Guangzhou Mech & Elec Co.,2025-10-15,30468.48,2025-11-21,Net45,cancelled
PO-RFQ-0055-V013,RFQ-0055,V013,Vantage Sensors GmbH,2026-04-03,33810.56,2026-05-11,Net45,cancelled
PO-RFQ-0055-V016,RFQ-0055,V016,Precision Arc Systems,2025-12-24,36456.0,2026-02-14,Net45,cancelled
PO-RFQ-0056-V006,RFQ-0056,V006,Bright Spark Electronics Ltd,2026-01-23,71762.88,2026-02-15,Net30,in_transit
PO-RFQ-0056-V018,RFQ-0056,V018,Guangzhou Mech & Elec Co.,2025-09-03,75858.66,2025-10-03,Net60,pending
PO-RFQ-0056-V016,RFQ-0056,V016,Precision Arc Systems,2026-03-31,79894.26,2026-05-10,Net45,cancelled
PO-RFQ-0057-V010,RFQ-0057,V010,Adriatic Fastenings d.o.o.,2026-04-22,102385.48,2026-05-03,Net60,pending
PO-RFQ-0057-V007,RFQ-0057,V007,Nakamura Tooling Co.,2025-11-30,107279.16,2025-12-14,Net30,pending
PO-RFQ-0057-V001,RFQ-0057,V001,Kovacs Precision GmbH,2026-01-23,110783.42,2026-02-15,Net30,cancelled
PO-RFQ-0057-V019,RFQ-0057,V019,Emerald Isle Castings Ltd,2025-09-28,106508.92,2025-11-21,Net45,in_transit
PO-RFQ-0057-V024,RFQ-0057,V024,BalticTech UAB,2026-03-05,107099.88,2026-04-24,Net30,in_transit
PO-RFQ-0058-V016,RFQ-0058,V016,Precision Arc Systems,2025-12-29,71228.3,2026-01-09,Net45,delivered
PO-RFQ-0058-V006,RFQ-0058,V006,Bright Spark Electronics Ltd,2026-03-04,57442.66,2026-04-14,Net30,in_transit
PO-RFQ-0058-V011,RFQ-0058,V011,Solaris Power Components,2025-08-02,58927.44,2025-09-09,Net60,delivered
PO-RFQ-0058-V018,RFQ-0058,V018,Guangzhou Mech & Elec Co.,2026-03-17,63903.51,2026-04-22,Net45,pending
PO-RFQ-0058-V021,RFQ-0058,V021,Helios Micro Systems,2025-07-26,68776.73,2025-08-07,Net45,in_transit
PO-RFQ-0059-V010,RFQ-0059,V010,Adriatic Fastenings d.o.o.,2026-01-01,45980.8,2026-02-04,Net30,delivered
PO-RFQ-0059-V019,RFQ-0059,V019,Emerald Isle Castings Ltd,2026-04-02,52864.0,2026-05-07,Net30,cancelled
PO-RFQ-0059-V017,RFQ-0059,V017,Türk Makina A.Ş.,2025-09-28,48508.8,2025-11-02,Net60,in_transit
PO-RFQ-0059-V001,RFQ-0059,V001,Kovacs Precision GmbH,2026-02-28,52300.8,2026-04-14,Net30,pending
PO-RFQ-0059-V009,RFQ-0059,V009,Fischer & Söhne KG,2025-08-28,52652.8,2025-10-16,Net45,in_transit
PO-RFQ-0060-V022,RFQ-0060,V022,Andean Precision SRL,2026-02-16,17916.64,2026-03-03,Net45,cancelled
PO-RFQ-0060-V010,RFQ-0060,V010,Adriatic Fastenings d.o.o.,2025-09-15,18200.88,2025-10-27,Net60,cancelled
PO-RFQ-0060-V019,RFQ-0060,V019,Emerald Isle Castings Ltd,2026-04-07,19322.88,2026-05-31,Net60,in_transit
PO-RFQ-0060-V017,RFQ-0060,V017,Türk Makina A.Ş.,2026-03-05,18675.52,2026-04-18,Net30,cancelled
PO-RFQ-0060-V004,RFQ-0060,V004,Strömberg Hydraulics AB,2025-08-13,19737.68,2025-10-07,Net60,cancelled
PO-RFQ-0061-V016,RFQ-0061,V016,Precision Arc Systems,2026-04-10,165782.85,2026-05-16,Net45,pending
PO-RFQ-0061-V018,RFQ-0061,V018,Guangzhou Mech & Elec Co.,2026-04-05,161522.1,2026-05-17,Net45,delivered
PO-RFQ-0061-V002,RFQ-0061,V002,Tanaka Electrical KK,2025-10-25,184713.0,2025-12-02,Net60,delivered
PO-RFQ-0061-V013,RFQ-0061,V013,Vantage Sensors GmbH,2026-01-27,186762.3,2026-03-14,Net60,pending
PO-RFQ-0062-V013,RFQ-0062,V013,Vantage Sensors GmbH,2025-11-01,164875.35,2025-11-21,Net45,pending
PO-RFQ-0062-V011,RFQ-0062,V011,Solaris Power Components,2025-09-12,143569.25,2025-11-05,Net60,pending
PO-RFQ-0062-V018,RFQ-0062,V018,Guangzhou Mech & Elec Co.,2025-10-21,149196.65,2025-12-14,Net30,pending
PO-RFQ-0062-V002,RFQ-0062,V002,Tanaka Electrical KK,2025-08-19,164755.0,2025-09-30,Net45,cancelled
PO-RFQ-0063-V019,RFQ-0063,V019,Emerald Isle Castings Ltd,2025-12-23,70680.7,2026-01-03,Net60,cancelled
PO-RFQ-0063-V010,RFQ-0063,V010,Adriatic Fastenings d.o.o.,2026-01-31,60130.75,2026-02-15,Net60,in_transit
PO-RFQ-0063-V004,RFQ-0063,V004,Strömberg Hydraulics AB,2026-05-08,69222.8,2026-05-30,Net60,cancelled
PO-RFQ-0063-V001,RFQ-0063,V001,Kovacs Precision GmbH,2026-02-20,66544.9,2026-04-03,Net30,cancelled
PO-RFQ-0063-V007,RFQ-0063,V007,Nakamura Tooling Co.,2026-03-09,69906.0,2026-04-17,Net30,delivered
PO-RFQ-0064-V018,RFQ-0064,V018,Guangzhou Mech & Elec Co.,2026-02-26,50979.81,2026-03-14,Net45,delivered
PO-RFQ-0064-V016,RFQ-0064,V016,Precision Arc Systems,2025-10-25,56119.98,2025-11-12,Net45,in_transit
PO-RFQ-0064-V006,RFQ-0064,V006,Bright Spark Electronics Ltd,2026-05-06,54171.25,2026-05-27,Net30,cancelled
PO-RFQ-0064-V011,RFQ-0064,V011,Solaris Power Components,2025-11-25,53755.1,2026-01-06,Net45,pending
PO-RFQ-0064-V021,RFQ-0064,V021,Helios Micro Systems,2025-09-21,61354.86,2025-10-13,Net60,cancelled
PO-RFQ-0065-V018,RFQ-0065,V018,Guangzhou Mech & Elec Co.,2025-12-18,18525.0,2026-01-26,Net45,cancelled
PO-RFQ-0065-V006,RFQ-0065,V006,Bright Spark Electronics Ltd,2025-08-15,21387.54,2025-09-22,Net45,pending
PO-RFQ-0065-V013,RFQ-0065,V013,Vantage Sensors GmbH,2025-11-23,21558.54,2026-01-06,Net45,cancelled
PO-RFQ-0065-V021,RFQ-0065,V021,Helios Micro Systems,2025-11-10,21620.1,2025-12-21,Net30,in_transit
PO-RFQ-0066-V011,RFQ-0066,V011,Solaris Power Components,2025-12-30,31047.69,2026-01-14,Net45,cancelled
PO-RFQ-0066-V013,RFQ-0066,V013,Vantage Sensors GmbH,2025-12-20,36490.66,2026-01-09,Net30,delivered
PO-RFQ-0066-V018,RFQ-0066,V018,Guangzhou Mech & Elec Co.,2026-04-13,30069.81,2026-05-21,Net45,cancelled
PO-RFQ-0066-V006,RFQ-0066,V006,Bright Spark Electronics Ltd,2025-11-18,36350.16,2025-12-30,Net60,cancelled
PO-RFQ-0066-V021,RFQ-0066,V021,Helios Micro Systems,2025-08-11,36462.56,2025-09-19,Net30,pending
PO-RFQ-0067-V002,RFQ-0067,V002,Tanaka Electrical KK,2026-04-10,46766.52,2026-04-30,Net45,delivered
PO-RFQ-0067-V006,RFQ-0067,V006,Bright Spark Electronics Ltd,2025-10-09,51879.92,2025-11-07,Net45,pending
PO-RFQ-0067-V016,RFQ-0067,V016,Precision Arc Systems,2025-12-30,42319.12,2026-02-16,Net45,delivered
PO-RFQ-0067-V018,RFQ-0067,V018,Guangzhou Mech & Elec Co.,2026-02-20,41410.4,2026-04-16,Net30,pending
PO-RFQ-0067-V013,RFQ-0067,V013,Vantage Sensors GmbH,2025-12-06,48613.56,2026-01-13,Net45,delivered
PO-RFQ-0068-V013,RFQ-0068,V013,Vantage Sensors GmbH,2025-08-20,27144.18,2025-10-02,Net60,cancelled
PO-RFQ-0068-V016,RFQ-0068,V016,Precision Arc Systems,2025-12-09,27092.58,2026-01-30,Net30,in_transit
PO-RFQ-0068-V021,RFQ-0068,V021,Helios Micro Systems,2026-01-26,29246.88,2026-02-08,Net30,cancelled
PO-RFQ-0068-V002,RFQ-0068,V002,Tanaka Electrical KK,2025-08-09,27906.57,2025-09-21,Net45,delivered
PO-RFQ-0069-V019,RFQ-0069,V019,Emerald Isle Castings Ltd,2025-08-20,15498.06,2025-08-30,Net30,pending
PO-RFQ-0069-V017,RFQ-0069,V017,Türk Makina A.Ş.,2025-09-11,14006.82,2025-10-10,Net30,delivered
PO-RFQ-0069-V009,RFQ-0069,V009,Fischer & Söhne KG,2025-09-20,14899.5,2025-11-08,Net30,in_transit
PO-RFQ-0069-V004,RFQ-0069,V004,Strömberg Hydraulics AB,2025-10-12,15869.58,2025-11-08,Net30,delivered
PO-RFQ-0069-V007,RFQ-0069,V007,Nakamura Tooling Co.,2025-12-08,15420.66,2026-01-24,Net45,in_transit
PO-RFQ-0070-V001,RFQ-0070,V001,Kovacs Precision GmbH,2026-01-21,57148.39,2026-03-01,Net60,cancelled
PO-RFQ-0070-V010,RFQ-0070,V010,Adriatic Fastenings d.o.o.,2026-04-08,53278.85,2026-05-14,Net30,delivered
PO-RFQ-0070-V009,RFQ-0070,V009,Fischer & Söhne KG,2025-11-20,59383.55,2025-12-29,Net60,delivered
PO-RFQ-0070-V024,RFQ-0070,V024,BalticTech UAB,2025-08-06,58792.46,2025-08-17,Net60,in_transit
PO-RFQ-0070-V004,RFQ-0070,V004,Strömberg Hydraulics AB,2026-04-24,58123.85,2026-06-18,Net60,pending
PO-RFQ-0071-V016,RFQ-0071,V016,Precision Arc Systems,2026-04-04,57509.06,2026-04-19,Net30,pending
PO-RFQ-0071-V011,RFQ-0071,V011,Solaris Power Components,2026-05-03,47681.12,2026-06-14,Net60,cancelled
PO-RFQ-0071-V018,RFQ-0071,V018,Guangzhou Mech & Elec Co.,2026-04-06,52671.98,2026-05-13,Net60,cancelled
PO-RFQ-0071-V002,RFQ-0071,V002,Tanaka Electrical KK,2025-09-03,58767.26,2025-10-04,Net60,cancelled
PO-RFQ-0071-V021,RFQ-0071,V021,Helios Micro Systems,2026-03-01,59920.61,2026-03-30,Net45,pending
PO-RFQ-0072-V005,RFQ-0072,V005,Cerro Negro Metals SA,2026-02-20,33894.28,2026-03-10,Net60,pending
PO-RFQ-0072-V008,RFQ-0072,V008,Delta Composites Inc.,2026-03-14,36832.32,2026-04-06,Net30,pending
PO-RFQ-0072-V014,RFQ-0072,V014,Coastal Alloys Pty Ltd,2025-10-22,36908.76,2025-11-14,Net60,pending
PO-RFQ-0072-V020,RFQ-0072,V020,Rajasthan Rare Earths Ltd,2025-08-13,39786.04,2025-09-01,Net30,pending
PO-RFQ-0072-V012,RFQ-0072,V012,Indra Copper Works,2025-11-28,40117.28,2025-12-28,Net30,cancelled
PO-RFQ-0073-V012,RFQ-0073,V012,Indra Copper Works,2026-01-25,16373.72,2026-02-12,Net45,cancelled
PO-RFQ-0073-V008,RFQ-0073,V008,Delta Composites Inc.,2025-08-31,15096.14,2025-10-15,Net45,delivered
PO-RFQ-0073-V005,RFQ-0073,V005,Cerro Negro Metals SA,2025-11-26,14962.81,2026-01-04,Net45,in_transit
PO-RFQ-0073-V015,RFQ-0073,V015,Nordic Steel AS,2026-01-01,16572.72,2026-02-16,Net60,delivered
PO-RFQ-0073-V020,RFQ-0073,V020,Rajasthan Rare Earths Ltd,2025-11-18,17066.24,2025-12-22,Net60,delivered
PO-RFQ-0074-V017,RFQ-0074,V017,Türk Makina A.Ş.,2026-02-27,29738.07,2026-03-28,Net60,cancelled
PO-RFQ-0074-V001,RFQ-0074,V001,Kovacs Precision GmbH,2026-05-09,32803.26,2026-06-21,Net30,pending
PO-RFQ-0074-V010,RFQ-0074,V010,Adriatic Fastenings d.o.o.,2025-12-22,31017.93,2026-02-02,Net30,delivered
PO-RFQ-0074-V022,RFQ-0074,V022,Andean Precision SRL,2026-01-10,31844.61,2026-01-30,Net30,pending
PO-RFQ-0074-V007,RFQ-0074,V007,Nakamura Tooling Co.,2025-08-11,35143.86,2025-10-05,Net60,in_transit
PO-RFQ-0075-V009,RFQ-0075,V009,Fischer & Söhne KG,2025-11-20,17518.2,2025-12-15,Net60,pending
PO-RFQ-0075-V017,RFQ-0075,V017,Türk Makina A.Ş.,2026-05-01,17084.76,2026-05-25,Net45,in_transit
PO-RFQ-0075-V001,RFQ-0075,V001,Kovacs Precision GmbH,2025-12-01,18547.62,2026-01-05,Net30,delivered
PO-RFQ-0075-V004,RFQ-0075,V004,Strömberg Hydraulics AB,2026-01-13,18328.32,2026-03-09,Net30,cancelled
PO-RFQ-0075-V007,RFQ-0075,V007,Nakamura Tooling Co.,2025-09-16,19453.2,2025-11-07,Net45,pending
PO-RFQ-0076-V011,RFQ-0076,V011,Solaris Power Components,2025-08-10,158166.9,2025-09-03,Net45,cancelled
PO-RFQ-0076-V006,RFQ-0076,V006,Bright Spark Electronics Ltd,2025-11-05,191132.52,2025-12-03,Net60,pending
PO-RFQ-0076-V018,RFQ-0076,V018,Guangzhou Mech & Elec Co.,2026-03-12,151205.58,2026-04-26,Net60,pending
PO-RFQ-0076-V002,RFQ-0076,V002,Tanaka Electrical KK,2026-04-05,169395.78,2026-05-13,Net60,cancelled
PO-RFQ-0076-V021,RFQ-0076,V021,Helios Micro Systems,2025-12-24,176170.44,2026-01-28,Net60,in_transit
PO-RFQ-0077-V016,RFQ-0077,V016,Precision Arc Systems,2026-01-26,128427.0,2026-03-10,Net30,in_transit
PO-RFQ-0077-V018,RFQ-0077,V018,Guangzhou Mech & Elec Co.,2025-11-27,113930.7,2026-01-20,Net60,cancelled
PO-RFQ-0077-V013,RFQ-0077,V013,Vantage Sensors GmbH,2025-08-19,131814.15,2025-10-03,Net45,delivered
PO-RFQ-0077-V021,RFQ-0077,V021,Helios Micro Systems,2025-10-06,135831.15,2025-11-07,Net30,in_transit
PO-RFQ-0078-V006,RFQ-0078,V006,Bright Spark Electronics Ltd,2026-01-17,90291.01,2026-02-15,Net30,cancelled
PO-RFQ-0078-V018,RFQ-0078,V018,Guangzhou Mech & Elec Co.,2026-04-24,85021.26,2026-06-05,Net60,pending
PO-RFQ-0078-V013,RFQ-0078,V013,Vantage Sensors GmbH,2025-08-02,95058.41,2025-09-22,Net45,pending
PO-RFQ-0079-V015,RFQ-0079,V015,Nordic Steel AS,2026-02-14,49918.44,2026-03-05,Net45,cancelled
PO-RFQ-0079-V008,RFQ-0079,V008,Delta Composites Inc.,2025-09-05,45389.63,2025-10-04,Net45,in_transit
PO-RFQ-0079-V012,RFQ-0079,V012,Indra Copper Works,2026-03-20,50290.24,2026-04-10,Net45,in_transit
PO-RFQ-0079-V014,RFQ-0079,V014,Coastal Alloys Pty Ltd,2026-05-08,49447.97,2026-06-20,Net45,cancelled
PO-RFQ-0079-V020,RFQ-0079,V020,Rajasthan Rare Earths Ltd,2026-02-05,50905.14,2026-03-18,Net60,in_transit
PO-RFQ-0080-V009,RFQ-0080,V009,Fischer & Söhne KG,2026-03-26,51763.25,2026-04-13,Net45,delivered
PO-RFQ-0080-V017,RFQ-0080,V017,Türk Makina A.Ş.,2025-08-11,45337.6,2025-09-08,Net30,cancelled
PO-RFQ-0080-V019,RFQ-0080,V019,Emerald Isle Castings Ltd,2025-08-06,51258.9,2025-09-06,Net60,in_transit
PO-RFQ-0080-V010,RFQ-0080,V010,Adriatic Fastenings d.o.o.,2025-12-10,49068.25,2026-02-01,Net30,cancelled
PO-RFQ-0080-V022,RFQ-0080,V022,Andean Precision SRL,2025-11-05,48987.4,2025-11-28,Net45,pending
PO-RFQ-0081-V009,RFQ-0081,V009,Fischer & Söhne KG,2025-10-09,35503.52,2025-11-16,Net60,delivered
PO-RFQ-0081-V001,RFQ-0081,V001,Kovacs Precision GmbH,2025-10-06,36862.28,2025-11-21,Net30,in_transit
PO-RFQ-0081-V004,RFQ-0081,V004,Strömberg Hydraulics AB,2026-03-02,36916.36,2026-04-09,Net45,in_transit
PO-RFQ-0081-V007,RFQ-0081,V007,Nakamura Tooling Co.,2026-01-17,37852.62,2026-02-19,Net60,cancelled
PO-RFQ-0081-V022,RFQ-0081,V022,Andean Precision SRL,2026-03-10,32944.86,2026-03-30,Net45,delivered
PO-RFQ-0082-V011,RFQ-0082,V011,Solaris Power Components,2026-02-21,1901.13,2026-03-09,Net30,in_transit
PO-RFQ-0082-V002,RFQ-0082,V002,Tanaka Electrical KK,2025-09-10,1958.22,2025-10-03,Net60,delivered
PO-RFQ-0082-V006,RFQ-0082,V006,Bright Spark Electronics Ltd,2026-04-21,2041.71,2026-05-18,Net60,cancelled
PO-RFQ-0082-V016,RFQ-0082,V016,Precision Arc Systems,2025-11-29,1679.7,2026-01-17,Net45,cancelled
PO-RFQ-0082-V013,RFQ-0082,V013,Vantage Sensors GmbH,2026-04-11,1955.25,2026-05-19,Net60,pending
PO-RFQ-0083-V002,RFQ-0083,V002,Tanaka Electrical KK,2025-09-13,65745.89,2025-09-24,Net45,pending
PO-RFQ-0083-V018,RFQ-0083,V018,Guangzhou Mech & Elec Co.,2025-12-28,62351.73,2026-01-26,Net30,cancelled
PO-RFQ-0083-V006,RFQ-0083,V006,Bright Spark Electronics Ltd,2025-10-06,71632.47,2025-11-16,Net45,pending
PO-RFQ-0084-V009,RFQ-0084,V009,Fischer & Söhne KG,2025-11-30,18038.46,2025-12-12,Net30,delivered
PO-RFQ-0084-V019,RFQ-0084,V019,Emerald Isle Castings Ltd,2025-08-04,18355.56,2025-08-23,Net60,delivered
PO-RFQ-0084-V004,RFQ-0084,V004,Strömberg Hydraulics AB,2025-09-20,19146.8,2025-10-11,Net60,in_transit
PO-RFQ-0084-V007,RFQ-0084,V007,Nakamura Tooling Co.,2025-09-15,19702.48,2025-10-03,Net60,delivered
PO-RFQ-0084-V010,RFQ-0084,V010,Adriatic Fastenings d.o.o.,2025-11-10,16845.56,2025-12-19,Net60,delivered
PO-RFQ-0085-V019,RFQ-0085,V019,Emerald Isle Castings Ltd,2025-11-26,13626.36,2025-12-23,Net45,delivered
PO-RFQ-0085-V001,RFQ-0085,V001,Kovacs Precision GmbH,2025-07-28,12785.85,2025-09-03,Net60,pending
PO-RFQ-0085-V017,RFQ-0085,V017,Türk Makina A.Ş.,2025-11-01,11176.11,2025-12-08,Net60,cancelled
PO-RFQ-0085-V009,RFQ-0085,V009,Fischer & Söhne KG,2026-02-13,12309.66,2026-03-29,Net45,in_transit
PO-RFQ-0085-V010,RFQ-0085,V010,Adriatic Fastenings d.o.o.,2025-08-24,11587.95,2025-10-13,Net45,cancelled
PO-RFQ-0086-V011,RFQ-0086,V011,Solaris Power Components,2025-10-11,54901.11,2025-11-04,Net30,delivered
PO-RFQ-0086-V006,RFQ-0086,V006,Bright Spark Electronics Ltd,2026-02-19,50010.29,2026-03-28,Net30,cancelled
PO-RFQ-0086-V021,RFQ-0086,V021,Helios Micro Systems,2025-10-17,58978.37,2025-10-28,Net30,in_transit
PO-RFQ-0086-V013,RFQ-0086,V013,Vantage Sensors GmbH,2026-01-08,59238.52,2026-03-04,Net60,cancelled
PO-RFQ-0087-V009,RFQ-0087,V009,Fischer & Söhne KG,2026-03-15,25469.99,2026-03-25,Net30,delivered
PO-RFQ-0087-V017,RFQ-0087,V017,Türk Makina A.Ş.,2026-04-25,22269.52,2026-05-09,Net60,pending
PO-RFQ-0087-V001,RFQ-0087,V001,Kovacs Precision GmbH,2026-03-25,24656.45,2026-04-28,Net60,delivered
PO-RFQ-0087-V010,RFQ-0087,V010,Adriatic Fastenings d.o.o.,2026-02-19,23848.37,2026-03-29,Net60,cancelled
PO-RFQ-0087-V004,RFQ-0087,V004,Strömberg Hydraulics AB,2026-03-20,25664.73,2026-05-08,Net60,in_transit
PO-RFQ-0088-V006,RFQ-0088,V006,Bright Spark Electronics Ltd,2026-04-26,17716.34,2026-05-06,Net60,cancelled
PO-RFQ-0088-V011,RFQ-0088,V011,Solaris Power Components,2026-05-06,19427.81,2026-05-19,Net45,cancelled
PO-RFQ-0088-V013,RFQ-0088,V013,Vantage Sensors GmbH,2026-04-21,17170.77,2026-05-09,Net30,delivered
PO-RFQ-0088-V016,RFQ-0088,V016,Precision Arc Systems,2025-09-19,14484.75,2025-10-31,Net60,in_transit
PO-RFQ-0088-V002,RFQ-0088,V002,Tanaka Electrical KK,2026-01-17,18390.96,2026-02-28,Net45,in_transit
PO-RFQ-0089-V013,RFQ-0089,V013,Vantage Sensors GmbH,2025-07-29,92529.72,2025-08-08,Net30,cancelled
PO-RFQ-0089-V021,RFQ-0089,V021,Helios Micro Systems,2025-07-30,93156.12,2025-09-04,Net60,in_transit
PO-RFQ-0090-V011,RFQ-0090,V011,Solaris Power Components,2026-01-15,103787.25,2026-01-27,Net45,cancelled
PO-RFQ-0090-V018,RFQ-0090,V018,Guangzhou Mech & Elec Co.,2025-12-05,107245.5,2025-12-23,Net60,cancelled
PO-RFQ-0090-V006,RFQ-0090,V006,Bright Spark Electronics Ltd,2026-04-16,103294.35,2026-05-08,Net30,pending
PO-RFQ-0090-V016,RFQ-0090,V016,Precision Arc Systems,2026-04-17,127483.55,2026-05-05,Net45,cancelled
PO-RFQ-0090-V002,RFQ-0090,V002,Tanaka Electrical KK,2025-11-23,121923.85,2025-12-17,Net45,cancelled
PO-RFQ-0091-V010,RFQ-0091,V010,Adriatic Fastenings d.o.o.,2025-08-17,74720.07,2025-08-28,Net60,in_transit
PO-RFQ-0091-V017,RFQ-0091,V017,Türk Makina A.Ş.,2026-02-01,75628.89,2026-02-12,Net45,pending
PO-RFQ-0091-V001,RFQ-0091,V001,Kovacs Precision GmbH,2025-09-23,86585.76,2025-10-25,Net30,cancelled
PO-RFQ-0091-V009,RFQ-0091,V009,Fischer & Söhne KG,2025-09-25,84209.22,2025-11-02,Net30,delivered
PO-RFQ-0091-V024,RFQ-0091,V024,BalticTech UAB,2026-02-11,86369.49,2026-02-21,Net60,in_transit
PO-RFQ-0092-V008,RFQ-0092,V008,Delta Composites Inc.,2026-03-19,3764.73,2026-03-30,Net45,pending
PO-RFQ-0092-V005,RFQ-0092,V005,Cerro Negro Metals SA,2025-11-16,3672.27,2025-12-04,Net60,delivered
PO-RFQ-0092-V012,RFQ-0092,V012,Indra Copper Works,2025-11-28,3965.73,2025-12-16,Net45,delivered
PO-RFQ-0092-V003,RFQ-0092,V003,Patel Alloys Pvt Ltd,2025-11-07,4048.14,2025-11-27,Net30,delivered
PO-RFQ-0092-V020,RFQ-0092,V020,Rajasthan Rare Earths Ltd,2025-08-14,4090.35,2025-09-07,Net45,in_transit
PO-RFQ-0093-V011,RFQ-0093,V011,Solaris Power Components,2025-08-18,33521.16,2025-08-30,Net45,pending
PO-RFQ-0093-V018,RFQ-0093,V018,Guangzhou Mech & Elec Co.,2025-12-26,29315.26,2026-01-13,Net30,pending
PO-RFQ-0093-V002,RFQ-0093,V002,Tanaka Electrical KK,2025-11-02,33392.38,2025-12-26,Net60,in_transit
PO-RFQ-0093-V021,RFQ-0093,V021,Helios Micro Systems,2026-03-17,33734.88,2026-04-22,Net30,pending
PO-RFQ-0094-V004,RFQ-0094,V004,Strömberg Hydraulics AB,2026-04-07,21345.72,2026-05-03,Net45,cancelled
PO-RFQ-0094-V010,RFQ-0094,V010,Adriatic Fastenings d.o.o.,2026-04-13,19669.91,2026-05-16,Net60,delivered
PO-RFQ-0094-V007,RFQ-0094,V007,Nakamura Tooling Co.,2026-02-20,22215.04,2026-03-19,Net30,pending
PO-RFQ-0094-V001,RFQ-0094,V001,Kovacs Precision GmbH,2026-04-14,20779.22,2026-05-25,Net30,cancelled
PO-RFQ-0094-V024,RFQ-0094,V024,BalticTech UAB,2025-08-08,21635.15,2025-09-22,Net45,delivered
PO-RFQ-0095-V018,RFQ-0095,V018,Guangzhou Mech & Elec Co.,2025-11-24,117081.6,2025-12-21,Net60,cancelled
PO-RFQ-0095-V011,RFQ-0095,V011,Solaris Power Components,2025-08-09,109452.8,2025-09-26,Net60,delivered
PO-RFQ-0095-V016,RFQ-0095,V016,Precision Arc Systems,2026-04-20,119008.0,2026-06-04,Net60,cancelled
PO-RFQ-0095-V021,RFQ-0095,V021,Helios Micro Systems,2025-09-21,135360.0,2025-10-25,Net60,cancelled
PO-RFQ-0096-V016,RFQ-0096,V016,Precision Arc Systems,2025-08-07,54697.41,2025-08-29,Net30,in_transit
PO-RFQ-0096-V006,RFQ-0096,V006,Bright Spark Electronics Ltd,2026-01-11,44891.77,2026-02-17,Net60,pending
PO-RFQ-0096-V013,RFQ-0096,V013,Vantage Sensors GmbH,2025-12-24,48737.56,2026-01-30,Net45,cancelled
PO-RFQ-0096-V011,RFQ-0096,V011,Solaris Power Components,2025-08-20,52425.92,2025-09-29,Net45,pending
PO-RFQ-0096-V021,RFQ-0096,V021,Helios Micro Systems,2025-10-11,51766.79,2025-11-08,Net45,pending
PO-RFQ-0097-V006,RFQ-0097,V006,Bright Spark Electronics Ltd,2026-04-27,140158.44,2026-05-17,Net30,cancelled
PO-RFQ-0097-V018,RFQ-0097,V018,Guangzhou Mech & Elec Co.,2025-10-03,114057.0,2025-11-11,Net45,delivered
PO-RFQ-0097-V013,RFQ-0097,V013,Vantage Sensors GmbH,2026-04-06,127554.6,2026-05-12,Net45,in_transit
PO-RFQ-0097-V021,RFQ-0097,V021,Helios Micro Systems,2026-03-02,124216.68,2026-04-10,Net60,pending
PO-RFQ-0098-V005,RFQ-0098,V005,Cerro Negro Metals SA,2025-09-06,53893.76,2025-09-28,Net30,cancelled
PO-RFQ-0098-V008,RFQ-0098,V008,Delta Composites Inc.,2025-08-23,53155.46,2025-10-07,Net60,in_transit
PO-RFQ-0098-V003,RFQ-0098,V003,Patel Alloys Pvt Ltd,2026-03-10,56887.62,2026-04-12,Net45,cancelled
PO-RFQ-0098-V014,RFQ-0098,V014,Coastal Alloys Pty Ltd,2025-11-03,57572.42,2025-12-11,Net45,in_transit
PO-RFQ-0098-V015,RFQ-0098,V015,Nordic Steel AS,2026-02-23,60050.54,2026-04-02,Net60,cancelled
PO-RFQ-0099-V016,RFQ-0099,V016,Precision Arc Systems,2026-01-10,42547.77,2026-02-04,Net30,cancelled
PO-RFQ-0099-V006,RFQ-0099,V006,Bright Spark Electronics Ltd,2025-07-27,43241.88,2025-08-27,Net60,in_transit
PO-RFQ-0099-V018,RFQ-0099,V018,Guangzhou Mech & Elec Co.,2026-04-20,44416.41,2026-05-26,Net30,delivered
PO-RFQ-0099-V002,RFQ-0099,V002,Tanaka Electrical KK,2025-11-21,47857.38,2025-12-26,Net60,pending
PO-RFQ-0099-V011,RFQ-0099,V011,Solaris Power Components,2025-12-05,53443.41,2026-01-16,Net60,in_transit
PO-RFQ-0100-V018,RFQ-0100,V018,Guangzhou Mech & Elec Co.,2026-01-13,32908.64,2026-01-27,Net30,in_transit
PO-RFQ-0100-V002,RFQ-0100,V002,Tanaka Electrical KK,2025-12-07,37857.04,2025-12-23,Net30,cancelled
PO-RFQ-0100-V011,RFQ-0100,V011,Solaris Power Components,2025-10-31,35689.0,2025-12-25,Net30,pending
PO-RFQ-0100-V021,RFQ-0100,V021,Helios Micro Systems,2025-12-30,38063.52,2026-02-16,Net60,in_transit
PO-RFQ-0101-V013,RFQ-0101,V013,Vantage Sensors GmbH,2025-09-30,10726.65,2025-10-20,Net45,delivered
PO-RFQ-0101-V018,RFQ-0101,V018,Guangzhou Mech & Elec Co.,2025-09-13,8923.86,2025-10-26,Net30,pending
PO-RFQ-0101-V016,RFQ-0101,V016,Precision Arc Systems,2025-12-11,11142.45,2026-01-21,Net45,cancelled
PO-RFQ-0101-V002,RFQ-0101,V002,Tanaka Electrical KK,2025-12-30,10562.31,2026-02-18,Net45,in_transit
PO-RFQ-0101-V021,RFQ-0101,V021,Helios Micro Systems,2026-03-08,10686.06,2026-04-27,Net45,pending
PO-RFQ-0102-V009,RFQ-0102,V009,Fischer & Söhne KG,2025-08-04,14712.6,2025-08-29,Net45,delivered
PO-RFQ-0102-V019,RFQ-0102,V019,Emerald Isle Castings Ltd,2025-09-02,14524.2,2025-09-28,Net45,delivered
PO-RFQ-0102-V001,RFQ-0102,V001,Kovacs Precision GmbH,2025-10-04,15110.4,2025-11-11,Net30,cancelled
PO-RFQ-0102-V017,RFQ-0102,V017,Türk Makina A.Ş.,2026-05-08,13219.8,2026-06-21,Net45,delivered
PO-RFQ-0102-V022,RFQ-0102,V022,Andean Precision SRL,2026-02-16,12756.0,2026-03-14,Net30,delivered
PO-RFQ-0103-V017,RFQ-0103,V017,Türk Makina A.Ş.,2025-08-20,45692.24,2025-09-03,Net60,delivered
PO-RFQ-0103-V010,RFQ-0103,V010,Adriatic Fastenings d.o.o.,2025-10-14,45097.21,2025-11-01,Net60,delivered
PO-RFQ-0103-V009,RFQ-0103,V009,Fischer & Söhne KG,2025-12-14,52495.29,2026-01-04,Net30,in_transit
PO-RFQ-0103-V019,RFQ-0103,V019,Emerald Isle Castings Ltd,2025-12-07,52650.68,2026-01-05,Net45,cancelled
PO-RFQ-0103-V004,RFQ-0103,V004,Strömberg Hydraulics AB,2025-10-24,49395.07,2025-12-15,Net60,delivered
PO-RFQ-0104-V013,RFQ-0104,V013,Vantage Sensors GmbH,2025-12-30,113603.3,2026-01-19,Net60,in_transit
PO-RFQ-0104-V006,RFQ-0104,V006,Bright Spark Electronics Ltd,2025-09-02,112239.9,2025-09-27,Net45,pending
PO-RFQ-0104-V018,RFQ-0104,V018,Guangzhou Mech & Elec Co.,2026-04-26,102535.7,2026-06-17,Net60,in_transit
PO-RFQ-0104-V021,RFQ-0104,V021,Helios Micro Systems,2026-03-06,108422.38,2026-03-28,Net60,cancelled
PO-RFQ-0105-V012,RFQ-0105,V012,Indra Copper Works,2025-12-13,12682.72,2025-12-30,Net60,in_transit
PO-RFQ-0105-V008,RFQ-0105,V008,Delta Composites Inc.,2026-01-26,12226.4,2026-02-23,Net30,in_transit
PO-RFQ-0105-V020,RFQ-0105,V020,Rajasthan Rare Earths Ltd,2025-10-04,12600.88,2025-10-25,Net60,pending
PO-RFQ-0105-V003,RFQ-0105,V003,Patel Alloys Pvt Ltd,2026-04-24,12846.4,2026-05-21,Net60,cancelled
PO-RFQ-0105-V014,RFQ-0105,V014,Coastal Alloys Pty Ltd,2026-02-03,12583.52,2026-03-08,Net30,in_transit
PO-RFQ-0106-V016,RFQ-0106,V016,Precision Arc Systems,2025-10-09,35252.8,2025-11-04,Net45,cancelled
PO-RFQ-0106-V018,RFQ-0106,V018,Guangzhou Mech & Elec Co.,2025-09-16,27962.88,2025-10-31,Net30,cancelled
PO-RFQ-0106-V002,RFQ-0106,V002,Tanaka Electrical KK,2025-10-09,32567.04,2025-12-03,Net45,cancelled
PO-RFQ-0107-V011,RFQ-0107,V011,Solaris Power Components,2026-03-31,33053.13,2026-04-23,Net30,in_transit
PO-RFQ-0107-V016,RFQ-0107,V016,Precision Arc Systems,2025-11-30,32688.26,2025-12-29,Net60,cancelled
PO-RFQ-0107-V018,RFQ-0107,V018,Guangzhou Mech & Elec Co.,2026-01-06,31972.16,2026-02-07,Net45,in_transit
PO-RFQ-0107-V021,RFQ-0107,V021,Helios Micro Systems,2026-04-23,38352.27,2026-05-17,Net30,in_transit
PO-RFQ-0108-V015,RFQ-0108,V015,Nordic Steel AS,2026-03-02,2458.56,2026-03-13,Net60,in_transit
PO-RFQ-0108-V005,RFQ-0108,V005,Cerro Negro Metals SA,2025-12-23,2302.56,2026-01-10,Net60,delivered
PO-RFQ-0108-V020,RFQ-0108,V020,Rajasthan Rare Earths Ltd,2026-04-02,2477.28,2026-04-16,Net30,cancelled
PO-RFQ-0108-V008,RFQ-0108,V008,Delta Composites Inc.,2025-10-05,2190.24,2025-11-06,Net60,in_transit
PO-RFQ-0108-V003,RFQ-0108,V003,Patel Alloys Pvt Ltd,2025-10-06,2418.0,2025-11-18,Net45,pending
PO-RFQ-0109-V011,RFQ-0109,V011,Solaris Power Components,2026-05-01,31323.6,2026-05-11,Net30,cancelled
PO-RFQ-0109-V016,RFQ-0109,V016,Precision Arc Systems,2025-09-20,26751.2,2025-10-09,Net60,delivered
PO-RFQ-0109-V018,RFQ-0109,V018,Guangzhou Mech & Elec Co.,2025-11-23,28246.4,2025-12-26,Net30,pending
PO-RFQ-0109-V013,RFQ-0109,V013,Vantage Sensors GmbH,2025-12-19,31343.2,2026-02-10,Net45,delivered
PO-RFQ-0109-V021,RFQ-0109,V021,Helios Micro Systems,2025-12-20,30993.2,2026-01-01,Net45,delivered
PO-RFQ-0110-V013,RFQ-0110,V013,Vantage Sensors GmbH,2026-02-14,47662.56,2026-03-10,Net30,in_transit
PO-RFQ-0110-V018,RFQ-0110,V018,Guangzhou Mech & Elec Co.,2025-11-11,39169.68,2025-12-25,Net30,cancelled
PO-RFQ-0110-V016,RFQ-0110,V016,Precision Arc Systems,2025-12-05,37897.2,2026-01-27,Net45,pending
PO-RFQ-0110-V006,RFQ-0110,V006,Bright Spark Electronics Ltd,2025-09-29,39874.56,2025-11-23,Net45,in_transit
PO-RFQ-0110-V021,RFQ-0110,V021,Helios Micro Systems,2025-10-29,47044.8,2025-11-19,Net30,delivered
PO-RFQ-0111-V010,RFQ-0111,V010,Adriatic Fastenings d.o.o.,2025-08-01,31207.44,2025-08-13,Net45,in_transit
PO-RFQ-0111-V009,RFQ-0111,V009,Fischer & Söhne KG,2025-09-01,31548.0,2025-09-17,Net30,cancelled
PO-RFQ-0111-V007,RFQ-0111,V007,Nakamura Tooling Co.,2026-01-18,35354.88,2026-02-06,Net30,pending
PO-RFQ-0111-V019,RFQ-0111,V019,Emerald Isle Castings Ltd,2025-10-26,35508.0,2025-11-23,Net60,pending
PO-RFQ-0111-V004,RFQ-0111,V004,Strömberg Hydraulics AB,2025-11-08,33501.6,2025-12-08,Net60,in_transit
PO-RFQ-0112-V003,RFQ-0112,V003,Patel Alloys Pvt Ltd,2026-02-05,57319.2,2026-02-25,Net45,cancelled
PO-RFQ-0112-V014,RFQ-0112,V014,Coastal Alloys Pty Ltd,2025-10-29,59549.04,2025-12-06,Net45,delivered
PO-RFQ-0112-V015,RFQ-0112,V015,Nordic Steel AS,2025-12-08,58601.7,2026-01-20,Net60,delivered
PO-RFQ-0112-V020,RFQ-0112,V020,Rajasthan Rare Earths Ltd,2026-04-26,58916.34,2026-06-02,Net30,pending
PO-RFQ-0112-V005,RFQ-0112,V005,Cerro Negro Metals SA,2026-05-08,56433.42,2026-06-30,Net30,pending
PO-RFQ-0113-V016,RFQ-0113,V016,Precision Arc Systems,2025-11-15,116470.57,2025-12-01,Net30,in_transit
PO-RFQ-0113-V006,RFQ-0113,V006,Bright Spark Electronics Ltd,2025-12-22,113919.48,2026-01-27,Net45,pending
PO-RFQ-0113-V018,RFQ-0113,V018,Guangzhou Mech & Elec Co.,2025-08-01,98778.07,2025-09-22,Net45,cancelled
PO-RFQ-0113-V013,RFQ-0113,V013,Vantage Sensors GmbH,2026-02-26,105332.72,2026-04-15,Net30,in_transit
PO-RFQ-0113-V021,RFQ-0113,V021,Helios Micro Systems,2026-05-09,108237.66,2026-06-23,Net45,cancelled
PO-RFQ-0114-V009,RFQ-0114,V009,Fischer & Söhne KG,2026-01-06,227451.3,2026-01-19,Net30,delivered
PO-RFQ-0114-V017,RFQ-0114,V017,Türk Makina A.Ş.,2025-12-31,222563.43,2026-01-14,Net45,pending
PO-RFQ-0114-V004,RFQ-0114,V004,Strömberg Hydraulics AB,2025-10-28,225299.55,2025-11-15,Net60,delivered
PO-RFQ-0114-V001,RFQ-0114,V001,Kovacs Precision GmbH,2025-10-30,227899.77,2025-12-07,Net60,cancelled
PO-RFQ-0114-V019,RFQ-0114,V019,Emerald Isle Castings Ltd,2025-12-11,248411.61,2026-01-14,Net60,in_transit
PO-RFQ-0115-V019,RFQ-0115,V019,Emerald Isle Castings Ltd,2026-02-22,76933.22,2026-03-10,Net45,delivered
PO-RFQ-0115-V004,RFQ-0115,V004,Strömberg Hydraulics AB,2026-03-12,78216.11,2026-03-27,Net45,cancelled
PO-RFQ-0115-V009,RFQ-0115,V009,Fischer & Söhne KG,2025-08-13,71968.12,2025-09-05,Net60,cancelled
PO-RFQ-0115-V001,RFQ-0115,V001,Kovacs Precision GmbH,2025-11-28,78620.78,2026-01-11,Net30,delivered
PO-RFQ-0115-V022,RFQ-0115,V022,Andean Precision SRL,2026-03-02,68521.25,2026-04-12,Net60,delivered
PO-RFQ-0116-V014,RFQ-0116,V014,Coastal Alloys Pty Ltd,2025-12-12,63297.47,2025-12-22,Net30,pending
PO-RFQ-0116-V012,RFQ-0116,V012,Indra Copper Works,2025-12-14,64037.3,2025-12-31,Net30,cancelled
PO-RFQ-0116-V008,RFQ-0116,V008,Delta Composites Inc.,2025-08-29,60508.88,2025-10-16,Net60,cancelled
PO-RFQ-0116-V003,RFQ-0116,V003,Patel Alloys Pvt Ltd,2025-10-04,62129.46,2025-11-21,Net30,in_transit
PO-RFQ-0116-V020,RFQ-0116,V020,Rajasthan Rare Earths Ltd,2026-04-13,64061.69,2026-05-16,Net60,pending
PO-RFQ-0117-V018,RFQ-0117,V018,Guangzhou Mech & Elec Co.,2025-08-25,4709.25,2025-09-04,Net30,delivered
PO-RFQ-0117-V013,RFQ-0117,V013,Vantage Sensors GmbH,2026-03-19,5264.01,2026-03-31,Net60,cancelled
PO-RFQ-0117-V006,RFQ-0117,V006,Bright Spark Electronics Ltd,2026-01-05,4912.11,2026-02-09,Net30,pending
PO-RFQ-0117-V016,RFQ-0117,V016,Precision Arc Systems,2026-01-24,5038.38,2026-03-17,Net60,delivered
PO-RFQ-0117-V002,RFQ-0117,V002,Tanaka Electrical KK,2025-11-24,5377.86,2026-01-07,Net30,delivered
PO-RFQ-0118-V018,RFQ-0118,V018,Guangzhou Mech & Elec Co.,2026-01-01,64528.31,2026-02-01,Net30,cancelled
PO-RFQ-0118-V013,RFQ-0118,V013,Vantage Sensors GmbH,2025-09-05,75703.32,2025-10-17,Net60,cancelled
PO-RFQ-0119-V007,RFQ-0119,V007,Nakamura Tooling Co.,2026-02-11,86567.16,2026-02-26,Net60,delivered
PO-RFQ-0119-V009,RFQ-0119,V009,Fischer & Söhne KG,2026-05-02,81851.88,2026-05-30,Net45,delivered
PO-RFQ-0119-V001,RFQ-0119,V001,Kovacs Precision GmbH,2025-08-02,88195.56,2025-09-04,Net45,delivered
PO-RFQ-0119-V004,RFQ-0119,V004,Strömberg Hydraulics AB,2026-04-16,86977.8,2026-05-24,Net60,cancelled
PO-RFQ-0119-V022,RFQ-0119,V022,Andean Precision SRL,2025-08-14,75111.72,2025-09-29,Net45,cancelled
PO-RFQ-0120-V012,RFQ-0120,V012,Indra Copper Works,2025-12-06,87079.59,2025-12-18,Net30,pending
PO-RFQ-0120-V020,RFQ-0120,V020,Rajasthan Rare Earths Ltd,2025-09-19,91937.43,2025-10-07,Net30,cancelled
PO-RFQ-0120-V005,RFQ-0120,V005,Cerro Negro Metals SA,2025-08-02,79915.68,2025-09-04,Net60,delivered
PO-RFQ-0120-V008,RFQ-0120,V008,Delta Composites Inc.,2026-02-25,85289.49,2026-04-15,Net45,in_transit
PO-RFQ-0120-V003,RFQ-0120,V003,Patel Alloys Pvt Ltd,2026-01-04,88631.01,2026-02-14,Net60,delivered
PO-RFQ-0121-V002,RFQ-0121,V002,Tanaka Electrical KK,2025-10-31,36366.52,2025-11-12,Net45,in_transit
PO-RFQ-0121-V013,RFQ-0121,V013,Vantage Sensors GmbH,2026-01-29,38118.6,2026-02-19,Net30,cancelled
PO-RFQ-0121-V018,RFQ-0121,V018,Guangzhou Mech & Elec Co.,2026-04-22,34361.04,2026-06-07,Net30,in_transit
PO-RFQ-0122-V016,RFQ-0122,V016,Precision Arc Systems,2026-01-30,28295.81,2026-02-12,Net30,in_transit
PO-RFQ-0122-V011,RFQ-0122,V011,Solaris Power Components,2025-08-25,37656.77,2025-09-11,Net45,pending
PO-RFQ-0122-V018,RFQ-0122,V018,Guangzhou Mech & Elec Co.,2025-11-19,29501.75,2025-12-28,Net60,delivered
PO-RFQ-0122-V013,RFQ-0122,V013,Vantage Sensors GmbH,2025-11-23,32924.55,2026-01-09,Net30,in_transit
PO-RFQ-0122-V006,RFQ-0122,V006,Bright Spark Electronics Ltd,2025-12-13,37085.64,2026-01-23,Net60,delivered
PO-RFQ-0123-V011,RFQ-0123,V011,Solaris Power Components,2026-03-21,77886.9,2026-04-09,Net45,in_transit
PO-RFQ-0123-V006,RFQ-0123,V006,Bright Spark Electronics Ltd,2026-04-26,76682.97,2026-06-14,Net45,cancelled
PO-RFQ-0123-V016,RFQ-0123,V016,Precision Arc Systems,2025-09-06,82078.92,2025-10-23,Net30,delivered
PO-RFQ-0123-V018,RFQ-0123,V018,Guangzhou Mech & Elec Co.,2025-11-29,83681.64,2026-01-22,Net30,pending
PO-RFQ-0123-V013,RFQ-0123,V013,Vantage Sensors GmbH,2025-11-27,92050.56,2026-01-18,Net60,in_transit
PO-RFQ-0124-V014,RFQ-0124,V014,Coastal Alloys Pty Ltd,2026-04-30,46438.7,2026-05-11,Net30,cancelled
PO-RFQ-0124-V008,RFQ-0124,V008,Delta Composites Inc.,2025-10-04,46074.25,2025-10-30,Net30,in_transit
PO-RFQ-0124-V005,RFQ-0124,V005,Cerro Negro Metals SA,2025-08-17,46359.15,2025-09-19,Net30,in_transit
PO-RFQ-0124-V020,RFQ-0124,V020,Rajasthan Rare Earths Ltd,2026-03-01,45994.7,2026-03-29,Net30,pending
PO-RFQ-0124-V015,RFQ-0124,V015,Nordic Steel AS,2026-04-20,48392.3,2026-05-28,Net30,pending
PO-RFQ-0125-V006,RFQ-0125,V006,Bright Spark Electronics Ltd,2026-01-11,37155.84,2026-02-05,Net60,in_transit
PO-RFQ-0125-V018,RFQ-0125,V018,Guangzhou Mech & Elec Co.,2026-02-04,39179.6,2026-03-17,Net60,in_transit
PO-RFQ-0125-V011,RFQ-0125,V011,Solaris Power Components,2026-04-15,37943.04,2026-06-06,Net45,cancelled
PO-RFQ-0125-V021,RFQ-0125,V021,Helios Micro Systems,2026-02-27,42974.56,2026-03-20,Net60,delivered
PO-RFQ-0126-V018,RFQ-0126,V018,Guangzhou Mech & Elec Co.,2026-03-22,14806.25,2026-04-04,Net60,delivered
PO-RFQ-0126-V002,RFQ-0126,V002,Tanaka Electrical KK,2026-04-01,17959.08,2026-04-18,Net30,in_transit
PO-RFQ-0126-V006,RFQ-0126,V006,Bright Spark Electronics Ltd,2025-12-29,14094.52,2026-02-14,Net60,pending
PO-RFQ-0126-V016,RFQ-0126,V016,Precision Arc Systems,2026-01-22,16865.22,2026-03-09,Net30,delivered
PO-RFQ-0126-V013,RFQ-0126,V013,Vantage Sensors GmbH,2026-01-31,17996.16,2026-03-11,Net30,in_transit
PO-RFQ-0127-V015,RFQ-0127,V015,Nordic Steel AS,2025-11-04,849.68,2025-11-30,Net30,cancelled
PO-RFQ-0127-V005,RFQ-0127,V005,Cerro Negro Metals SA,2026-03-11,765.44,2026-04-17,Net30,in_transit
PO-RFQ-0127-V012,RFQ-0127,V012,Indra Copper Works,2026-01-05,838.24,2026-02-06,Net60,pending
PO-RFQ-0127-V008,RFQ-0127,V008,Delta Composites Inc.,2025-11-19,791.44,2026-01-05,Net45,pending
PO-RFQ-0127-V014,RFQ-0127,V014,Coastal Alloys Pty Ltd,2025-11-20,838.24,2026-01-01,Net30,in_transit
PO-RFQ-0128-V010,RFQ-0128,V010,Adriatic Fastenings d.o.o.,2025-12-05,14103.6,2025-12-19,Net30,cancelled
PO-RFQ-0128-V017,RFQ-0128,V017,Türk Makina A.Ş.,2025-12-08,13344.6,2026-01-07,Net45,cancelled
PO-RFQ-0128-V001,RFQ-0128,V001,Kovacs Precision GmbH,2025-10-02,15316.85,2025-11-16,Net30,in_transit
PO-RFQ-0128-V009,RFQ-0128,V009,Fischer & Söhne KG,2025-12-25,14713.1,2026-02-12,Net60,cancelled
PO-RFQ-0128-V007,RFQ-0128,V007,Nakamura Tooling Co.,2025-10-02,15775.7,2025-11-07,Net30,pending
PO-RFQ-0129-V018,RFQ-0129,V018,Guangzhou Mech & Elec Co.,2026-02-09,98004.61,2026-03-23,Net60,delivered
PO-RFQ-0129-V002,RFQ-0129,V002,Tanaka Electrical KK,2025-11-08,111975.27,2025-12-12,Net30,cancelled
PO-RFQ-0129-V021,RFQ-0129,V021,Helios Micro Systems,2025-09-19,117622.23,2025-10-27,Net60,cancelled
PO-RFQ-0130-V003,RFQ-0130,V003,Patel Alloys Pvt Ltd,2026-01-05,72668.4,2026-01-31,Net45,pending
PO-RFQ-0130-V008,RFQ-0130,V008,Delta Composites Inc.,2026-02-08,65781.36,2026-03-23,Net60,cancelled
PO-RFQ-0130-V014,RFQ-0130,V014,Coastal Alloys Pty Ltd,2026-01-11,74516.76,2026-02-12,Net45,cancelled
PO-RFQ-0130-V015,RFQ-0130,V015,Nordic Steel AS,2026-03-23,73567.26,2026-04-29,Net45,in_transit
PO-RFQ-0130-V012,RFQ-0130,V012,Indra Copper Works,2025-10-25,76394.66,2025-12-08,Net45,pending
PO-RFQ-0131-V011,RFQ-0131,V011,Solaris Power Components,2025-11-20,11681.28,2025-12-02,Net60,delivered
PO-RFQ-0131-V016,RFQ-0131,V016,Precision Arc Systems,2025-12-24,12880.08,2026-01-09,Net45,cancelled
PO-RFQ-0131-V006,RFQ-0131,V006,Bright Spark Electronics Ltd,2026-02-18,11024.64,2026-03-23,Net45,in_transit
PO-RFQ-0131-V013,RFQ-0131,V013,Vantage Sensors GmbH,2025-08-21,12381.12,2025-09-15,Net30,cancelled
PO-RFQ-0131-V018,RFQ-0131,V018,Guangzhou Mech & Elec Co.,2025-10-08,11676.96,2025-11-18,Net45,delivered
PO-RFQ-0132-V019,RFQ-0132,V019,Emerald Isle Castings Ltd,2025-12-24,64663.05,2026-01-13,Net45,pending
PO-RFQ-0132-V007,RFQ-0132,V007,Nakamura Tooling Co.,2026-01-17,69227.07,2026-02-02,Net30,cancelled
PO-RFQ-0132-V017,RFQ-0132,V017,Türk Makina A.Ş.,2025-11-01,56316.42,2025-12-05,Net30,pending
PO-RFQ-0132-V004,RFQ-0132,V004,Strömberg Hydraulics AB,2025-09-25,66390.57,2025-10-29,Net45,cancelled
PO-RFQ-0132-V022,RFQ-0132,V022,Andean Precision SRL,2025-09-29,61299.51,2025-10-20,Net60,pending
PO-RFQ-0133-V001,RFQ-0133,V001,Kovacs Precision GmbH,2026-01-10,175973.25,2026-01-24,Net45,in_transit
PO-RFQ-0133-V007,RFQ-0133,V007,Nakamura Tooling Co.,2025-07-26,189088.1,2025-08-05,Net60,cancelled
PO-RFQ-0133-V009,RFQ-0133,V009,Fischer & Söhne KG,2026-03-05,184018.65,2026-04-08,Net60,pending
PO-RFQ-0133-V010,RFQ-0133,V010,Adriatic Fastenings d.o.o.,2026-01-02,164101.25,2026-02-23,Net30,pending
PO-RFQ-0133-V024,RFQ-0133,V024,BalticTech UAB,2026-01-26,176235.6,2026-02-06,Net60,cancelled
PO-RFQ-0134-V011,RFQ-0134,V011,Solaris Power Components,2025-08-30,1544.4,2025-09-13,Net60,in_transit
PO-RFQ-0134-V013,RFQ-0134,V013,Vantage Sensors GmbH,2025-12-08,1489.8,2026-01-23,Net30,pending
PO-RFQ-0134-V021,RFQ-0134,V021,Helios Micro Systems,2025-09-08,1501.5,2025-09-24,Net30,in_transit
PO-RFQ-0135-V017,RFQ-0135,V017,Türk Makina A.Ş.,2025-09-17,63684.0,2025-10-03,Net60,cancelled
PO-RFQ-0135-V009,RFQ-0135,V009,Fischer & Söhne KG,2026-01-29,68564.7,2026-03-16,Net60,in_transit
PO-RFQ-0135-V024,RFQ-0135,V024,BalticTech UAB,2025-11-25,74876.55,2025-12-08,Net45,in_transit
PO-RFQ-0135-V004,RFQ-0135,V004,Strömberg Hydraulics AB,2025-12-14,74550.3,2026-01-25,Net45,pending
PO-RFQ-0135-V007,RFQ-0135,V007,Nakamura Tooling Co.,2025-08-26,75137.55,2025-10-13,Net60,cancelled
PO-RFQ-0136-V003,RFQ-0136,V003,Patel Alloys Pvt Ltd,2026-01-03,69494.88,2026-01-23,Net60,delivered
PO-RFQ-0136-V012,RFQ-0136,V012,Indra Copper Works,2025-10-10,65164.32,2025-11-01,Net30,cancelled
PO-RFQ-0136-V008,RFQ-0136,V008,Delta Composites Inc.,2025-08-07,60162.96,2025-09-09,Net30,pending
PO-RFQ-0136-V020,RFQ-0136,V020,Rajasthan Rare Earths Ltd,2025-07-24,67276.56,2025-08-17,Net45,in_transit
PO-RFQ-0136-V005,RFQ-0136,V005,Cerro Negro Metals SA,2025-08-03,62162.88,2025-09-22,Net60,delivered
PO-RFQ-0137-V006,RFQ-0137,V006,Bright Spark Electronics Ltd,2025-10-09,6736.32,2025-10-22,Net30,pending
PO-RFQ-0137-V018,RFQ-0137,V018,Guangzhou Mech & Elec Co.,2026-01-15,6757.92,2026-02-07,Net60,delivered
PO-RFQ-0137-V002,RFQ-0137,V002,Tanaka Electrical KK,2026-03-19,7544.16,2026-04-20,Net45,in_transit
PO-RFQ-0137-V013,RFQ-0137,V013,Vantage Sensors GmbH,2025-09-15,7902.72,2025-11-04,Net30,delivered
PO-RFQ-0138-V018,RFQ-0138,V018,Guangzhou Mech & Elec Co.,2026-01-04,7229.72,2026-01-14,Net30,cancelled
PO-RFQ-0138-V002,RFQ-0138,V002,Tanaka Electrical KK,2026-01-23,8060.54,2026-02-04,Net45,in_transit
PO-RFQ-0138-V011,RFQ-0138,V011,Solaris Power Components,2025-10-27,7268.76,2025-12-19,Net30,cancelled
PO-RFQ-0138-V013,RFQ-0138,V013,Vantage Sensors GmbH,2026-02-13,8554.64,2026-03-13,Net30,delivered
PO-RFQ-0138-V021,RFQ-0138,V021,Helios Micro Systems,2025-12-20,8235.0,2026-01-19,Net60,cancelled
PO-RFQ-0139-V013,RFQ-0139,V013,Vantage Sensors GmbH,2025-09-05,49584.2,2025-09-15,Net60,delivered
PO-RFQ-0139-V018,RFQ-0139,V018,Guangzhou Mech & Elec Co.,2025-07-29,40656.72,2025-09-08,Net30,cancelled
PO-RFQ-0139-V016,RFQ-0139,V016,Precision Arc Systems,2025-12-20,47024.48,2026-02-04,Net60,in_transit
PO-RFQ-0139-V006,RFQ-0139,V006,Bright Spark Electronics Ltd,2026-03-10,53329.16,2026-04-25,Net30,delivered
PO-RFQ-0139-V021,RFQ-0139,V021,Helios Micro Systems,2025-12-14,46480.0,2026-01-03,Net45,in_transit
PO-RFQ-0140-V016,RFQ-0140,V016,Precision Arc Systems,2025-12-08,32441.15,2026-01-10,Net45,cancelled
PO-RFQ-0140-V018,RFQ-0140,V018,Guangzhou Mech & Elec Co.,2026-02-04,27819.68,2026-03-18,Net45,pending
PO-RFQ-0140-V011,RFQ-0140,V011,Solaris Power Components,2026-02-25,31210.41,2026-04-18,Net60,in_transit
PO-RFQ-0141-V013,RFQ-0141,V013,Vantage Sensors GmbH,2025-10-23,19438.6,2025-11-11,Net60,pending
PO-RFQ-0141-V016,RFQ-0141,V016,Precision Arc Systems,2025-11-14,15823.12,2025-12-20,Net45,in_transit
PO-RFQ-0141-V011,RFQ-0141,V011,Solaris Power Components,2026-02-01,17176.02,2026-03-08,Net60,delivered
PO-RFQ-0141-V006,RFQ-0141,V006,Bright Spark Electronics Ltd,2025-09-16,20114.22,2025-10-17,Net30,pending
PO-RFQ-0141-V002,RFQ-0141,V002,Tanaka Electrical KK,2026-05-04,18970.48,2026-06-22,Net30,cancelled
PO-RFQ-0142-V015,RFQ-0142,V015,Nordic Steel AS,2025-12-26,63099.52,2026-01-22,Net60,delivered
PO-RFQ-0142-V012,RFQ-0142,V012,Indra Copper Works,2026-03-14,62865.44,2026-04-14,Net30,cancelled
PO-RFQ-0142-V014,RFQ-0142,V014,Coastal Alloys Pty Ltd,2025-10-25,61788.32,2025-11-30,Net60,pending
PO-RFQ-0142-V020,RFQ-0142,V020,Rajasthan Rare Earths Ltd,2025-07-23,63060.8,2025-09-04,Net45,delivered
PO-RFQ-0142-V023,RFQ-0142,V023,Sahara Industrial FZE,2025-10-12,59246.88,2025-11-06,Net45,delivered
PO-RFQ-0143-V013,RFQ-0143,V013,Vantage Sensors GmbH,2025-10-11,42317.85,2025-10-21,Net60,in_transit
PO-RFQ-0143-V018,RFQ-0143,V018,Guangzhou Mech & Elec Co.,2026-01-18,38506.62,2026-02-02,Net45,in_transit
PO-RFQ-0143-V016,RFQ-0143,V016,Precision Arc Systems,2026-03-14,40260.39,2026-03-31,Net30,delivered
PO-RFQ-0143-V002,RFQ-0143,V002,Tanaka Electrical KK,2025-10-22,42427.56,2025-11-12,Net30,in_transit
PO-RFQ-0143-V006,RFQ-0143,V006,Bright Spark Electronics Ltd,2025-11-11,39244.38,2025-12-27,Net60,delivered
PO-RFQ-0144-V019,RFQ-0144,V019,Emerald Isle Castings Ltd,2026-03-12,498.48,2026-04-03,Net45,in_transit
PO-RFQ-0144-V009,RFQ-0144,V009,Fischer & Söhne KG,2025-07-23,511.88,2025-08-14,Net60,pending
PO-RFQ-0144-V017,RFQ-0144,V017,Türk Makina A.Ş.,2026-04-22,435.5,2026-05-16,Net30,in_transit
PO-RFQ-0144-V007,RFQ-0144,V007,Nakamura Tooling Co.,2026-01-14,530.64,2026-02-02,Net30,pending
PO-RFQ-0144-V001,RFQ-0144,V001,Kovacs Precision GmbH,2025-12-21,483.74,2026-01-23,Net30,cancelled
PO-RFQ-0145-V006,RFQ-0145,V006,Bright Spark Electronics Ltd,2025-10-07,32321.08,2025-10-26,Net45,in_transit
PO-RFQ-0145-V011,RFQ-0145,V011,Solaris Power Components,2025-12-20,29162.28,2026-01-12,Net60,delivered
PO-RFQ-0145-V018,RFQ-0145,V018,Guangzhou Mech & Elec Co.,2025-12-16,28271.26,2026-01-25,Net30,pending
PO-RFQ-0145-V013,RFQ-0145,V013,Vantage Sensors GmbH,2026-03-25,31832.36,2026-04-28,Net60,delivered
PO-RFQ-0145-V021,RFQ-0145,V021,Helios Micro Systems,2026-04-03,32958.8,2026-05-14,Net45,cancelled
PO-RFQ-0146-V007,RFQ-0146,V007,Nakamura Tooling Co.,2026-01-19,163039.59,2026-02-02,Net30,delivered
PO-RFQ-0146-V009,RFQ-0146,V009,Fischer & Söhne KG,2026-01-01,163351.95,2026-01-24,Net60,delivered
PO-RFQ-0146-V001,RFQ-0146,V001,Kovacs Precision GmbH,2026-03-17,163528.68,2026-04-21,Net45,delivered
PO-RFQ-0146-V010,RFQ-0146,V010,Adriatic Fastenings d.o.o.,2025-12-16,145083.0,2026-02-06,Net60,delivered
PO-RFQ-0146-V017,RFQ-0146,V017,Türk Makina A.Ş.,2026-04-27,154688.07,2026-06-16,Net30,pending
PO-RFQ-0147-V018,RFQ-0147,V018,Guangzhou Mech & Elec Co.,2026-02-16,32489.33,2026-03-05,Net30,in_transit
PO-RFQ-0147-V016,RFQ-0147,V016,Precision Arc Systems,2025-08-11,30831.42,2025-09-15,Net60,cancelled
PO-RFQ-0147-V011,RFQ-0147,V011,Solaris Power Components,2025-10-08,34194.79,2025-11-16,Net30,cancelled
PO-RFQ-0147-V002,RFQ-0147,V002,Tanaka Electrical KK,2025-08-04,37038.28,2025-09-07,Net30,delivered
PO-RFQ-0147-V021,RFQ-0147,V021,Helios Micro Systems,2026-04-19,39491.86,2026-05-21,Net30,pending
PO-RFQ-0148-V006,RFQ-0148,V006,Bright Spark Electronics Ltd,2026-02-25,193212.77,2026-03-10,Net30,in_transit
PO-RFQ-0148-V018,RFQ-0148,V018,Guangzhou Mech & Elec Co.,2025-12-28,170506.66,2026-01-22,Net60,pending
PO-RFQ-0148-V013,RFQ-0148,V013,Vantage Sensors GmbH,2025-12-06,188774.06,2026-01-01,Net60,pending
PO-RFQ-0148-V011,RFQ-0148,V011,Solaris Power Components,2026-02-19,201020.37,2026-04-07,Net30,in_transit
PO-RFQ-0148-V021,RFQ-0148,V021,Helios Micro Systems,2025-11-27,184955.19,2026-01-04,Net30,delivered
PO-RFQ-0149-V010,RFQ-0149,V010,Adriatic Fastenings d.o.o.,2025-10-04,18108.36,2025-10-22,Net30,cancelled
PO-RFQ-0149-V009,RFQ-0149,V009,Fischer & Söhne KG,2025-07-24,19935.72,2025-08-28,Net60,delivered
PO-RFQ-0149-V001,RFQ-0149,V001,Kovacs Precision GmbH,2025-09-03,20091.24,2025-10-28,Net60,delivered
PO-RFQ-0149-V004,RFQ-0149,V004,Strömberg Hydraulics AB,2026-01-24,19806.12,2026-03-10,Net60,cancelled
PO-RFQ-0149-V022,RFQ-0149,V022,Andean Precision SRL,2026-04-09,17994.96,2026-04-30,Net30,pending
PO-RFQ-0150-V006,RFQ-0150,V006,Bright Spark Electronics Ltd,2025-09-05,23565.37,2025-10-05,Net30,delivered
PO-RFQ-0150-V013,RFQ-0150,V013,Vantage Sensors GmbH,2025-08-29,22621.82,2025-10-06,Net30,in_transit
PO-RFQ-0150-V021,RFQ-0150,V021,Helios Micro Systems,2026-03-01,22436.45,2026-03-24,Net60,delivered
PO-RFQ-0151-V008,RFQ-0151,V008,Delta Composites Inc.,2025-12-02,49078.25,2025-12-16,Net30,in_transit
PO-RFQ-0151-V014,RFQ-0151,V014,Coastal Alloys Pty Ltd,2025-12-05,48990.5,2025-12-21,Net45,delivered
PO-RFQ-0151-V005,RFQ-0151,V005,Cerro Negro Metals SA,2026-02-16,45457.75,2026-03-12,Net60,delivered
PO-RFQ-0151-V015,RFQ-0151,V015,Nordic Steel AS,2025-12-12,49591.75,2026-01-29,Net30,delivered
PO-RFQ-0151-V012,RFQ-0151,V012,Indra Copper Works,2026-03-03,52217.75,2026-04-17,Net60,cancelled
PO-RFQ-0152-V010,RFQ-0152,V010,Adriatic Fastenings d.o.o.,2025-12-07,1057.32,2025-12-24,Net45,in_transit
PO-RFQ-0152-V004,RFQ-0152,V004,Strömberg Hydraulics AB,2025-09-03,1219.32,2025-09-18,Net60,delivered
PO-RFQ-0152-V001,RFQ-0152,V001,Kovacs Precision GmbH,2026-01-20,1183.68,2026-02-17,Net45,cancelled
PO-RFQ-0152-V019,RFQ-0152,V019,Emerald Isle Castings Ltd,2025-08-21,1217.16,2025-10-02,Net45,cancelled
PO-RFQ-0152-V009,RFQ-0152,V009,Fischer & Söhne KG,2025-10-27,1184.76,2025-12-15,Net45,cancelled
PO-RFQ-0153-V018,RFQ-0153,V018,Guangzhou Mech & Elec Co.,2026-02-02,61856.8,2026-02-12,Net60,delivered
PO-RFQ-0153-V013,RFQ-0153,V013,Vantage Sensors GmbH,2026-01-07,67635.04,2026-01-21,Net60,delivered
PO-RFQ-0153-V006,RFQ-0153,V006,Bright Spark Electronics Ltd,2026-04-20,68718.46,2026-06-05,Net60,cancelled
PO-RFQ-0154-V017,RFQ-0154,V017,Türk Makina A.Ş.,2025-12-06,102685.8,2025-12-28,Net60,delivered
PO-RFQ-0154-V010,RFQ-0154,V010,Adriatic Fastenings d.o.o.,2025-10-27,107339.4,2025-12-15,Net30,pending
PO-RFQ-0154-V019,RFQ-0154,V019,Emerald Isle Castings Ltd,2026-02-12,120636.6,2026-03-29,Net30,in_transit
PO-RFQ-0154-V004,RFQ-0154,V004,Strömberg Hydraulics AB,2026-03-10,114424.8,2026-04-24,Net45,pending
PO-RFQ-0154-V022,RFQ-0154,V022,Andean Precision SRL,2026-04-15,102160.8,2026-05-29,Net30,in_transit
PO-RFQ-0155-V019,RFQ-0155,V019,Emerald Isle Castings Ltd,2026-03-28,39699.92,2026-04-21,Net45,in_transit
PO-RFQ-0155-V009,RFQ-0155,V009,Fischer & Söhne KG,2025-11-21,38968.32,2026-01-04,Net30,cancelled
PO-RFQ-0155-V017,RFQ-0155,V017,Türk Makina A.Ş.,2025-09-30,35895.6,2025-11-09,Net60,in_transit
PO-RFQ-0155-V010,RFQ-0155,V010,Adriatic Fastenings d.o.o.,2025-10-23,37623.12,2025-12-13,Net30,cancelled
PO-RFQ-0155-V024,RFQ-0155,V024,BalticTech UAB,2025-08-02,40903.52,2025-08-22,Net45,pending
PO-RFQ-0156-V008,RFQ-0156,V008,Delta Composites Inc.,2025-11-18,21322.5,2025-12-07,Net30,pending
PO-RFQ-0156-V005,RFQ-0156,V005,Cerro Negro Metals SA,2026-02-09,21097.5,2026-03-01,Net60,cancelled
PO-RFQ-0156-V014,RFQ-0156,V014,Coastal Alloys Pty Ltd,2025-12-01,21516.0,2026-01-02,Net30,delivered
PO-RFQ-0156-V012,RFQ-0156,V012,Indra Copper Works,2026-02-27,22386.0,2026-03-30,Net60,pending
PO-RFQ-0156-V003,RFQ-0156,V003,Patel Alloys Pvt Ltd,2025-12-16,22990.5,2026-01-23,Net45,delivered
PO-RFQ-0157-V011,RFQ-0157,V011,Solaris Power Components,2025-09-13,103905.97,2025-10-04,Net60,pending
PO-RFQ-0157-V006,RFQ-0157,V006,Bright Spark Electronics Ltd,2025-08-16,88669.0,2025-09-22,Net60,pending
PO-RFQ-0157-V018,RFQ-0157,V018,Guangzhou Mech & Elec Co.,2025-10-03,93877.84,2025-11-02,Net45,pending
PO-RFQ-0157-V021,RFQ-0157,V021,Helios Micro Systems,2025-08-23,108669.61,2025-09-03,Net60,in_transit
PO-RFQ-0157-V002,RFQ-0157,V002,Tanaka Electrical KK,2026-04-10,108313.45,2026-05-12,Net30,pending
PO-RFQ-0158-V006,RFQ-0158,V006,Bright Spark Electronics Ltd,2026-03-16,7622.46,2026-04-09,Net60,pending
PO-RFQ-0158-V013,RFQ-0158,V013,Vantage Sensors GmbH,2025-09-30,8643.24,2025-10-26,Net45,pending
PO-RFQ-0158-V018,RFQ-0158,V018,Guangzhou Mech & Elec Co.,2025-10-16,7347.39,2025-11-26,Net30,pending
PO-RFQ-0158-V002,RFQ-0158,V002,Tanaka Electrical KK,2025-11-04,8433.36,2025-12-19,Net60,pending
PO-RFQ-0158-V011,RFQ-0158,V011,Solaris Power Components,2026-02-24,9331.71,2026-04-16,Net30,cancelled
PO-RFQ-0159-V013,RFQ-0159,V013,Vantage Sensors GmbH,2026-03-26,149689.08,2026-04-10,Net45,in_transit
PO-RFQ-0159-V016,RFQ-0159,V016,Precision Arc Systems,2025-10-22,127279.8,2025-11-21,Net45,in_transit
PO-RFQ-0159-V006,RFQ-0159,V006,Bright Spark Electronics Ltd,2025-11-05,147473.82,2025-12-12,Net45,pending
PO-RFQ-0159-V002,RFQ-0159,V002,Tanaka Electrical KK,2026-04-26,145169.28,2026-05-25,Net45,cancelled
PO-RFQ-0159-V011,RFQ-0159,V011,Solaris Power Components,2026-05-05,143972.37,2026-06-29,Net45,delivered
PO-RFQ-0160-V008,RFQ-0160,V008,Delta Composites Inc.,2026-04-18,38447.46,2026-05-06,Net30,pending
PO-RFQ-0160-V003,RFQ-0160,V003,Patel Alloys Pvt Ltd,2025-12-20,39801.12,2026-01-06,Net30,in_transit
PO-RFQ-0160-V015,RFQ-0160,V015,Nordic Steel AS,2026-05-07,40143.93,2026-06-09,Net45,cancelled
PO-RFQ-0160-V005,RFQ-0160,V005,Cerro Negro Metals SA,2026-02-06,39308.88,2026-03-13,Net45,delivered
PO-RFQ-0160-V014,RFQ-0160,V014,Coastal Alloys Pty Ltd,2025-08-20,42230.09,2025-09-20,Net45,delivered
PO-RFQ-0161-V020,RFQ-0161,V020,Rajasthan Rare Earths Ltd,2026-05-07,56121.76,2026-05-17,Net30,cancelled
PO-RFQ-0161-V005,RFQ-0161,V005,Cerro Negro Metals SA,2025-10-12,50586.56,2025-11-05,Net60,delivered
PO-RFQ-0161-V008,RFQ-0161,V008,Delta Composites Inc.,2025-12-21,51658.24,2026-02-10,Net30,cancelled
PO-RFQ-0161-V015,RFQ-0161,V015,Nordic Steel AS,2026-03-01,54413.6,2026-03-31,Net60,in_transit
PO-RFQ-0161-V014,RFQ-0161,V014,Coastal Alloys Pty Ltd,2026-05-06,54193.28,2026-06-07,Net45,cancelled
PO-RFQ-0162-V018,RFQ-0162,V018,Guangzhou Mech & Elec Co.,2026-02-12,161052.6,2026-03-08,Net30,delivered
PO-RFQ-0162-V006,RFQ-0162,V006,Bright Spark Electronics Ltd,2026-03-08,181345.14,2026-04-01,Net45,in_transit
PO-RFQ-0162-V013,RFQ-0162,V013,Vantage Sensors GmbH,2026-02-27,178463.1,2026-03-24,Net30,in_transit
PO-RFQ-0162-V002,RFQ-0162,V002,Tanaka Electrical KK,2025-07-31,179667.6,2025-08-27,Net30,in_transit
PO-RFQ-0162-V011,RFQ-0162,V011,Solaris Power Components,2026-02-09,145735.74,2026-03-31,Net60,in_transit
PO-RFQ-0163-V008,RFQ-0163,V008,Delta Composites Inc.,2025-12-15,46259.34,2025-12-27,Net30,pending
PO-RFQ-0163-V005,RFQ-0163,V005,Cerro Negro Metals SA,2025-09-10,48730.14,2025-09-25,Net45,in_transit
PO-RFQ-0163-V012,RFQ-0163,V012,Indra Copper Works,2025-08-13,49215.78,2025-09-01,Net30,pending
PO-RFQ-0163-V003,RFQ-0163,V003,Patel Alloys Pvt Ltd,2025-12-08,47946.3,2026-01-06,Net30,delivered
PO-RFQ-0163-V020,RFQ-0163,V020,Rajasthan Rare Earths Ltd,2025-12-21,47897.31,2026-01-16,Net30,delivered
PO-RFQ-0164-V009,RFQ-0164,V009,Fischer & Söhne KG,2025-07-30,46732.2,2025-08-21,Net45,cancelled
PO-RFQ-0164-V019,RFQ-0164,V019,Emerald Isle Castings Ltd,2026-03-11,47215.0,2026-04-16,Net30,pending
PO-RFQ-0164-V001,RFQ-0164,V001,Kovacs Precision GmbH,2026-03-18,45499.64,2026-05-02,Net60,delivered
PO-RFQ-0164-V017,RFQ-0164,V017,Türk Makina A.Ş.,2026-01-03,40930.08,2026-02-17,Net45,delivered
PO-RFQ-0164-V010,RFQ-0164,V010,Adriatic Fastenings d.o.o.,2025-11-30,42060.4,2026-01-21,Net30,pending
PO-RFQ-0165-V011,RFQ-0165,V011,Solaris Power Components,2025-09-25,74078.76,2025-11-05,Net30,in_transit
PO-RFQ-0165-V013,RFQ-0165,V013,Vantage Sensors GmbH,2025-08-11,92632.96,2025-09-09,Net60,in_transit
PO-RFQ-0165-V006,RFQ-0165,V006,Bright Spark Electronics Ltd,2026-05-06,84983.92,2026-06-10,Net45,pending
PO-RFQ-0165-V018,RFQ-0165,V018,Guangzhou Mech & Elec Co.,2026-03-10,80680.32,2026-04-25,Net60,pending
PO-RFQ-0165-V002,RFQ-0165,V002,Tanaka Electrical KK,2025-09-01,89981.78,2025-10-09,Net60,delivered
PO-RFQ-0166-V003,RFQ-0166,V003,Patel Alloys Pvt Ltd,2025-09-14,94069.3,2025-10-02,Net60,in_transit
PO-RFQ-0166-V008,RFQ-0166,V008,Delta Composites Inc.,2026-04-25,91145.6,2026-05-30,Net30,delivered
PO-RFQ-0166-V015,RFQ-0166,V015,Nordic Steel AS,2026-04-02,97188.0,2026-04-29,Net30,pending
PO-RFQ-0166-V005,RFQ-0166,V005,Cerro Negro Metals SA,2026-03-18,87287.2,2026-05-11,Net60,pending
PO-RFQ-0166-V020,RFQ-0166,V020,Rajasthan Rare Earths Ltd,2025-11-22,99563.1,2025-12-27,Net30,pending
PO-RFQ-0167-V004,RFQ-0167,V004,Strömberg Hydraulics AB,2026-03-31,23796.74,2026-05-01,Net60,pending
PO-RFQ-0167-V007,RFQ-0167,V007,Nakamura Tooling Co.,2026-03-06,25966.16,2026-04-01,Net60,delivered
PO-RFQ-0167-V001,RFQ-0167,V001,Kovacs Precision GmbH,2025-12-26,24862.64,2026-02-05,Net45,cancelled
PO-RFQ-0167-V024,RFQ-0167,V024,BalticTech UAB,2025-07-29,24653.64,2025-09-02,Net45,cancelled
PO-RFQ-0167-V022,RFQ-0167,V022,Andean Precision SRL,2025-12-13,23123.76,2026-02-01,Net60,in_transit
PO-RFQ-0168-V006,RFQ-0168,V006,Bright Spark Electronics Ltd,2025-08-01,171305.2,2025-08-23,Net30,in_transit
PO-RFQ-0168-V013,RFQ-0168,V013,Vantage Sensors GmbH,2026-03-27,199848.0,2026-04-14,Net60,in_transit
PO-RFQ-0168-V002,RFQ-0168,V002,Tanaka Electrical KK,2026-04-28,205801.2,2026-05-19,Net45,in_transit
PO-RFQ-0168-V021,RFQ-0168,V021,Helios Micro Systems,2025-11-14,210104.4,2025-12-10,Net45,delivered
PO-RFQ-0169-V002,RFQ-0169,V002,Tanaka Electrical KK,2026-01-13,7633.78,2026-01-24,Net45,delivered
PO-RFQ-0169-V013,RFQ-0169,V013,Vantage Sensors GmbH,2026-02-24,7304.22,2026-03-09,Net30,in_transit
PO-RFQ-0169-V006,RFQ-0169,V006,Bright Spark Electronics Ltd,2025-09-24,6173.86,2025-10-28,Net45,in_transit
PO-RFQ-0169-V021,RFQ-0169,V021,Helios Micro Systems,2025-10-15,7723.1,2025-11-24,Net60,delivered
PO-RFQ-0170-V011,RFQ-0170,V011,Solaris Power Components,2025-11-27,45832.32,2026-01-15,Net45,pending
PO-RFQ-0170-V018,RFQ-0170,V018,Guangzhou Mech & Elec Co.,2025-11-14,47654.4,2025-12-27,Net45,pending
PO-RFQ-0170-V013,RFQ-0170,V013,Vantage Sensors GmbH,2025-12-04,56542.88,2026-01-09,Net60,delivered
PO-RFQ-0170-V002,RFQ-0170,V002,Tanaka Electrical KK,2025-08-04,54712.04,2025-09-25,Net45,in_transit
PO-RFQ-0170-V021,RFQ-0170,V021,Helios Micro Systems,2026-05-09,56233.36,2026-06-04,Net45,cancelled
PO-RFQ-0171-V013,RFQ-0171,V013,Vantage Sensors GmbH,2025-07-23,170754.3,2025-08-02,Net60,delivered
PO-RFQ-0171-V006,RFQ-0171,V006,Bright Spark Electronics Ltd,2025-12-08,146154.42,2026-01-08,Net45,in_transit
PO-RFQ-0171-V018,RFQ-0171,V018,Guangzhou Mech & Elec Co.,2025-08-16,150555.24,2025-09-13,Net60,cancelled
PO-RFQ-0171-V002,RFQ-0171,V002,Tanaka Electrical KK,2026-05-02,167645.16,2026-05-26,Net45,delivered
PO-RFQ-0171-V021,RFQ-0171,V021,Helios Micro Systems,2026-04-15,165297.78,2026-06-01,Net45,pending
PO-RFQ-0172-V020,RFQ-0172,V020,Rajasthan Rare Earths Ltd,2025-10-06,23905.94,2025-10-29,Net45,in_transit
PO-RFQ-0172-V003,RFQ-0172,V003,Patel Alloys Pvt Ltd,2026-01-10,23227.56,2026-02-08,Net45,pending
PO-RFQ-0172-V008,RFQ-0172,V008,Delta Composites Inc.,2025-10-31,23051.01,2025-12-08,Net45,delivered
PO-RFQ-0172-V005,RFQ-0172,V005,Cerro Negro Metals SA,2026-03-28,22069.82,2026-05-05,Net45,pending
PO-RFQ-0172-V015,RFQ-0172,V015,Nordic Steel AS,2026-02-25,25423.2,2026-04-18,Net45,cancelled
PO-RFQ-0173-V012,RFQ-0173,V012,Indra Copper Works,2026-03-23,57064.0,2026-04-13,Net30,cancelled
PO-RFQ-0173-V015,RFQ-0173,V015,Nordic Steel AS,2025-07-27,61126.8,2025-08-22,Net30,pending
PO-RFQ-0173-V020,RFQ-0173,V020,Rajasthan Rare Earths Ltd,2025-07-31,57828.4,2025-08-25,Net30,in_transit
PO-RFQ-0173-V023,RFQ-0173,V023,Sahara Industrial FZE,2025-11-07,52698.8,2025-11-23,Net30,delivered
PO-RFQ-0173-V003,RFQ-0173,V003,Patel Alloys Pvt Ltd,2025-08-20,56677.6,2025-10-03,Net45,in_transit
PO-RFQ-0174-V010,RFQ-0174,V010,Adriatic Fastenings d.o.o.,2025-09-06,28365.12,2025-09-16,Net60,cancelled
PO-RFQ-0174-V019,RFQ-0174,V019,Emerald Isle Castings Ltd,2026-02-16,33127.92,2026-03-08,Net60,cancelled
PO-RFQ-0174-V001,RFQ-0174,V001,Kovacs Precision GmbH,2025-12-09,31222.8,2026-01-22,Net45,pending
PO-RFQ-0174-V009,RFQ-0174,V009,Fischer & Söhne KG,2025-09-16,31772.16,2025-10-31,Net45,in_transit
PO-RFQ-0174-V007,RFQ-0174,V007,Nakamura Tooling Co.,2025-11-25,31590.72,2025-12-22,Net30,pending
PO-RFQ-0175-V006,RFQ-0175,V006,Bright Spark Electronics Ltd,2026-02-04,38126.22,2026-02-23,Net30,in_transit
PO-RFQ-0175-V018,RFQ-0175,V018,Guangzhou Mech & Elec Co.,2026-01-01,30054.7,2026-02-02,Net30,in_transit
PO-RFQ-0175-V013,RFQ-0175,V013,Vantage Sensors GmbH,2025-12-06,34449.14,2026-01-05,Net60,delivered
PO-RFQ-0175-V021,RFQ-0175,V021,Helios Micro Systems,2026-04-23,33653.7,2026-05-28,Net45,delivered
PO-RFQ-0176-V009,RFQ-0176,V009,Fischer & Söhne KG,2025-09-19,87959.78,2025-09-29,Net60,in_transit
PO-RFQ-0176-V004,RFQ-0176,V004,Strömberg Hydraulics AB,2025-12-03,89560.72,2025-12-19,Net30,pending
PO-RFQ-0176-V010,RFQ-0176,V010,Adriatic Fastenings d.o.o.,2025-11-15,82869.71,2025-12-05,Net30,cancelled
PO-RFQ-0176-V017,RFQ-0176,V017,Türk Makina A.Ş.,2026-03-15,83076.53,2026-04-23,Net45,pending
PO-RFQ-0176-V019,RFQ-0176,V019,Emerald Isle Castings Ltd,2025-11-29,93482.64,2026-01-21,Net45,pending
PO-RFQ-0177-V018,RFQ-0177,V018,Guangzhou Mech & Elec Co.,2026-04-25,26399.28,2026-05-21,Net45,in_transit
PO-RFQ-0177-V006,RFQ-0177,V006,Bright Spark Electronics Ltd,2025-08-27,31887.24,2025-09-24,Net60,cancelled
PO-RFQ-0177-V002,RFQ-0177,V002,Tanaka Electrical KK,2026-05-02,30142.02,2026-06-01,Net30,pending
PO-RFQ-0177-V016,RFQ-0177,V016,Precision Arc Systems,2026-02-14,27699.06,2026-04-05,Net45,cancelled
PO-RFQ-0177-V021,RFQ-0177,V021,Helios Micro Systems,2026-04-08,29141.52,2026-05-28,Net30,in_transit
PO-RFQ-0178-V008,RFQ-0178,V008,Delta Composites Inc.,2026-01-16,183.06,2026-01-27,Net60,in_transit
PO-RFQ-0178-V003,RFQ-0178,V003,Patel Alloys Pvt Ltd,2025-11-17,199.26,2025-11-27,Net60,pending
PO-RFQ-0178-V005,RFQ-0178,V005,Cerro Negro Metals SA,2025-11-07,175.5,2025-11-26,Net30,in_transit
PO-RFQ-0178-V015,RFQ-0178,V015,Nordic Steel AS,2026-03-28,190.62,2026-04-14,Net45,in_transit
PO-RFQ-0178-V020,RFQ-0178,V020,Rajasthan Rare Earths Ltd,2025-08-14,185.76,2025-09-03,Net45,in_transit
PO-RFQ-0179-V016,RFQ-0179,V016,Precision Arc Systems,2026-04-16,74142.18,2026-05-10,Net45,delivered
PO-RFQ-0179-V006,RFQ-0179,V006,Bright Spark Electronics Ltd,2026-02-27,97269.93,2026-03-25,Net60,cancelled
PO-RFQ-0179-V018,RFQ-0179,V018,Guangzhou Mech & Elec Co.,2025-10-21,79634.7,2025-11-29,Net30,delivered
PO-RFQ-0179-V002,RFQ-0179,V002,Tanaka Electrical KK,2025-09-25,88128.27,2025-10-26,Net30,delivered
PO-RFQ-0179-V021,RFQ-0179,V021,Helios Micro Systems,2025-09-03,90761.67,2025-09-30,Net45,in_transit
PO-RFQ-0180-V019,RFQ-0180,V019,Emerald Isle Castings Ltd,2026-02-27,8893.2,2026-03-11,Net30,delivered
PO-RFQ-0180-V004,RFQ-0180,V004,Strömberg Hydraulics AB,2025-12-06,8604.0,2025-12-26,Net30,cancelled
PO-RFQ-0180-V017,RFQ-0180,V017,Türk Makina A.Ş.,2025-09-14,7826.4,2025-10-19,Net60,in_transit
PO-RFQ-0180-V009,RFQ-0180,V009,Fischer & Söhne KG,2026-03-09,8898.0,2026-04-16,Net45,in_transit
PO-RFQ-0180-V010,RFQ-0180,V010,Adriatic Fastenings d.o.o.,2026-02-08,7676.4,2026-04-01,Net45,cancelled
PO-RFQ-0181-V021,RFQ-0181,V021,Helios Micro Systems,2026-01-22,204644.16,2026-02-01,Net45,delivered
PO-RFQ-0181-V011,RFQ-0181,V011,Solaris Power Components,2025-10-19,226800.0,2025-11-17,Net30,in_transit
PO-RFQ-0181-V016,RFQ-0181,V016,Precision Arc Systems,2025-11-09,217234.08,2025-12-29,Net30,in_transit
PO-RFQ-0182-V004,RFQ-0182,V004,Strömberg Hydraulics AB,2026-03-08,7634.25,2026-03-20,Net30,in_transit
PO-RFQ-0182-V001,RFQ-0182,V001,Kovacs Precision GmbH,2025-08-26,7938.0,2025-09-18,Net30,pending
PO-RFQ-0182-V009,RFQ-0182,V009,Fischer & Söhne KG,2025-08-10,7296.75,2025-09-15,Net45,delivered
PO-RFQ-0182-V010,RFQ-0182,V010,Adriatic Fastenings d.o.o.,2026-02-04,6869.25,2026-03-18,Net30,delivered
PO-RFQ-0182-V019,RFQ-0182,V019,Emerald Isle Castings Ltd,2025-10-07,7985.25,2025-11-18,Net30,delivered
PO-RFQ-0183-V018,RFQ-0183,V018,Guangzhou Mech & Elec Co.,2026-03-16,7043.42,2026-03-26,Net60,in_transit
PO-RFQ-0183-V013,RFQ-0183,V013,Vantage Sensors GmbH,2026-01-05,8067.04,2026-01-16,Net30,pending
PO-RFQ-0183-V006,RFQ-0183,V006,Bright Spark Electronics Ltd,2026-01-14,8026.4,2026-02-09,Net45,cancelled
PO-RFQ-0183-V016,RFQ-0183,V016,Precision Arc Systems,2026-03-27,7355.84,2026-05-09,Net60,delivered
PO-RFQ-0183-V002,RFQ-0183,V002,Tanaka Electrical KK,2026-05-08,8102.6,2026-06-10,Net30,delivered
PO-RFQ-0184-V015,RFQ-0184,V015,Nordic Steel AS,2026-02-04,2337.0,2026-03-05,Net60,pending
PO-RFQ-0184-V012,RFQ-0184,V012,Indra Copper Works,2025-10-01,2505.72,2025-11-12,Net30,cancelled
PO-RFQ-0184-V014,RFQ-0184,V014,Coastal Alloys Pty Ltd,2026-02-24,2464.68,2026-04-13,Net30,pending
