vendor_id,vendor_name,category,country,city,contact_name,contact_email,phone,behavioral_archetype,risk_tier,is_new_vendor,relationship_arc,relationship_years,certifications,preferred_payment_terms,onboarded_date,base_price_index,base_otd_rate,base_response_rate,base_quality_score,financial_health_score,capacity_utilization_pct,forecast_eligible
V001,Kovacs Precision GmbH,Mechanical Parts,Germany,Stuttgart,Allison Hill,allison@kovacsprecisio.com,321.581.9600,reliable,low,False,declining,9,ISO9001,Net60,2014-11-24,0.91,0.94,0.9,9.1,8.8,72,True
V002,Tanaka Electrical KK,Electrical Components,Japan,Osaka,Lance Hoffman,lance@tanakaelectric.com,001-486-537-9402x654,conservative,low,False,stable,7,ISO14001,Net30,2016-12-18,1.03,0.92,0.82,9.0,8.5,78,True
V003,Patel Alloys Pvt Ltd,Raw Materials,India,Ahmedabad,Gabrielle Davis,gabrielle@patelalloyspvt.com,855-394-0781,relationship_focused,low,False,improving,5,ISO45001|ISO9001|IATF16949,Net30,2018-11-20,0.96,0.86,0.78,7.8,7.2,65,True
V004,Strömberg Hydraulics AB,Mechanical Parts,Sweden,Gothenburg,Sandra Montgomery,sandra@strömberghydra.com,(993)710-3413x164,reliable,low,False,stable,11,ISO14001,Net45,2013-01-02,1.05,0.95,0.88,9.3,9.0,70,True
V005,Cerro Negro Metals SA,Raw Materials,Chile,Santiago,Henry Santiago,henry@cerronegrometa.com,001-719-228-3276x483,aggressive_bidder,medium,False,stable,4,ISO9001|ISO45001|ISO14001,LC at sight,2019-12-01,0.84,0.8,0.85,7.5,7.0,80,False
V006,Bright Spark Electronics Ltd,Electrical Components,UK,Birmingham,Andrew Stewart,andrew@brightsparkele.com,513-695-3767x242,volatile,medium,False,stable,3,IATF16949,LC at sight,2020-12-06,0.97,0.78,0.72,7.2,6.5,82,False
V007,Nakamura Tooling Co.,Mechanical Parts,Japan,Nagoya,Jessica Silva,jessica@nakamuratoolin.com,(332)887-1012x269,conservative,low,False,stable,8,ISO14001,2/10 Net30,2015-12-17,1.04,0.93,0.84,9.2,8.7,75,True
V008,Delta Composites Inc.,Raw Materials,USA,Houston,Zachary Rice,zachary@deltacomposite.com,+1-401-984-5146,aggressive_bidder,medium,False,stable,4,ISO14001|OHSAS18001,Net60,2019-12-12,0.88,0.81,0.8,7.6,7.3,85,False
V009,Fischer & Söhne KG,Mechanical Parts,Germany,Munich,Nathan Cortez,nathan@fischersöhnekg.com,728.914.8932x52880,relationship_focused,low,False,stable,10,IATF16949,Net30,2013-12-28,1.02,0.92,0.86,8.9,8.6,68,True
V010,Adriatic Fastenings d.o.o.,Mechanical Parts,Croatia,Split,Timothy Koch,timothy@adriaticfasten.com,430-639-1171x8227,aggressive_bidder,medium,False,stable,3,ISO45001|AS9100,Net30,2020-12-10,0.87,0.79,0.82,7.4,6.8,83,False
V011,Solaris Power Components,Electrical Components,Spain,Barcelona,Lisa Brandt,lisa@solarispowerco.com,+1-534-565-7871,volatile,medium,False,stable,2,ISO45001|ISO9001,2/10 Net30,2021-11-16,0.99,0.74,0.68,7.0,6.2,88,False
V012,Indra Copper Works,Raw Materials,India,Mumbai,Alex Spencer,alex@indracopperwor.com,001-330-510-3105,reliable,low,False,improving,6,AS9100|ISO45001|OHSAS18001,LC at sight,2017-12-28,0.93,0.88,0.8,8.1,7.6,66,True
V013,Vantage Sensors GmbH,Electrical Components,Germany,Dresden,John Ryan,john@vantagesensors.com,001-899-973-7631x1656,conservative,low,False,stable,7,ISO9001|OHSAS18001|ISO14001,Net60,2016-12-21,1.01,0.91,0.83,8.8,8.4,71,True
V014,Coastal Alloys Pty Ltd,Raw Materials,Australia,Perth,Amy Valdez,amy@coastalalloysp.com,+1-410-665-1333x8726,relationship_focused,medium,False,stable,4,ISO9001,2/10 Net30,2019-12-28,0.95,0.85,0.79,7.9,7.4,74,False
V015,Nordic Steel AS,Raw Materials,Norway,Bergen,Shannon Jones,shannon@nordicsteelas.com,+1-910-980-1326,reliable,low,False,stable,9,OHSAS18001|AS9100,Net45,2014-12-17,1.0,0.93,0.87,9.0,8.9,69,True
V016,Precision Arc Systems,Electrical Components,USA,Detroit,James Brown,james@precisionarcsy.com,(206)247-4687x2343,volatile,high,False,stable,2,ISO14001|AS9100,Net30,2021-12-09,0.92,0.72,0.65,6.8,6.0,90,False
V017,Türk Makina A.Ş.,Mechanical Parts,Turkey,Bursa,Amy Silva,amy@türkmakinaaş.com,582.208.1219x13619,aggressive_bidder,medium,False,stable,3,ISO14001|ISO45001|OHSAS18001,Net45,2020-11-24,0.86,0.8,0.81,7.3,6.9,84,False
V018,Guangzhou Mech & Elec Co.,Electrical Components,China,Guangzhou,Jennifer Silva,jennifer@guangzhoumeche.com,954.335.3462x47510,aggressive_bidder,high,False,collapse,2,AS9100|ISO45001,Net45,2021-12-03,0.79,0.76,0.83,6.5,6.3,88,False
V019,Emerald Isle Castings Ltd,Mechanical Parts,Ireland,Cork,Daniel Baker,daniel@emeraldislecas.com,(613)354-2784x980,conservative,low,False,stable,5,ISO9001|ISO14001,Net30,2018-11-20,1.02,0.9,0.85,8.7,8.3,67,True
V020,Rajasthan Rare Earths Ltd,Raw Materials,India,Jaipur,Brandy Wilson,brandy@rajasthanraree.com,682-944-9353,relationship_focused,medium,False,improving,3,IATF16949|AS9100,Net30,2020-11-11,0.94,0.84,0.76,7.6,7.0,70,False
V021,Helios Micro Systems,Electrical Components,Israel,Tel Aviv,Terry Williams,terry@heliosmicrosys.com,+1-264-300-5242x7868,conservative,medium,True,new_proving,0,ISO45001,Net60,2024-03-31,0.98,0.88,0.75,8.2,7.8,60,False
V022,Andean Precision SRL,Mechanical Parts,Argentina,Córdoba,Stephen Mckee,stephen@andeanprecisio.com,+1-605-798-2620,aggressive_bidder,high,True,new_proving,0,OHSAS18001,2/10 Net30,2024-03-31,0.85,0.78,0.7,7.0,6.5,75,False
V023,Sahara Industrial FZE,Raw Materials,UAE,Dubai,Rebecca Valencia,rebecca@saharaindustri.com,(833)215-8692x322,volatile,high,True,new_proving,0,OHSAS18001|IATF16949,Net45,2024-03-31,0.9,0.75,0.68,6.8,6.2,80,False
V024,BalticTech UAB,Mechanical Parts,Lithuania,Vilnius,Tim Patton,tim@baltictechuab.com,(534)221-6073x37543,reliable,medium,True,new_proving,0,ISO14001|OHSAS18001,LC at sight,2024-03-31,0.97,0.85,0.8,8.0,7.5,65,False
