snapshot_id,vendor_id,vendor_name,month,month_index,relationship_arc,price_index,on_time_delivery_rate,response_rate,quality_score,n_rfqs_invited,n_rfqs_responded,n_bids_submitted,n_pos_won,win_rate_6mo,capacity_utilization,defect_rate_ppm,payment_pct_on_time,payment_avg_days_late
VP-V001-202401,V001,Kovacs Precision GmbH,2024-01-01,0,declining,0.932,1.0,0.878,9.0,1,1,1,1,1.0,75.1,331.0,0.0,2.0
VP-V002-202401,V002,Tanaka Electrical KK,2024-01-01,0,stable,1.039,0.857,0.82,9.38,8,7,7,7,0.875,79.7,139.0,0.857,0.6
VP-V003-202401,V003,Patel Alloys Pvt Ltd,2024-01-01,0,improving,0.986,0.0,0.771,7.73,1,1,1,1,1.0,63.6,272.0,1.0,0.0
VP-V004-202401,V004,Strömberg Hydraulics AB,2024-01-01,0,stable,1.041,1.0,0.839,9.2,1,1,1,1,1.0,66.9,443.0,1.0,0.0
VP-V005-202401,V005,Cerro Negro Metals SA,2024-01-01,0,stable,0.849,0.0,0.885,7.69,1,1,1,1,1.0,87.3,162.0,1.0,0.0
VP-V006-202401,V006,Bright Spark Electronics Ltd,2024-01-01,0,stable,0.955,0.857,0.706,7.04,8,7,7,7,0.875,80.8,333.0,0.714,2.3
VP-V007-202401,V007,Nakamura Tooling Co.,2024-01-01,0,stable,1.043,1.0,0.818,9.21,1,1,1,1,1.0,66.3,148.0,0.0,1.0
VP-V008-202401,V008,Delta Composites Inc.,2024-01-01,0,stable,0.873,1.0,0.766,7.55,1,1,1,1,1.0,83.0,234.0,1.0,0.0
VP-V009-202401,V009,Fischer & Söhne KG,2024-01-01,0,stable,1.018,1.0,0.835,8.69,1,1,1,1,1.0,62.8,264.0,1.0,0.0
VP-V010-202401,V010,Adriatic Fastenings d.o.o.,2024-01-01,0,stable,0.881,0.764,0.818,7.48,1,1,1,0,0.0,79.8,389.0,,
VP-V011-202401,V011,Solaris Power Components,2024-01-01,0,stable,0.998,0.8,0.728,7.03,8,6,6,5,0.625,89.8,470.0,1.0,0.0
VP-V012-202401,V012,Indra Copper Works,2024-01-01,0,improving,0.932,1.0,0.776,8.24,1,1,1,1,1.0,64.2,341.0,1.0,0.0
VP-V013-202401,V013,Vantage Sensors GmbH,2024-01-01,0,stable,1.014,1.0,0.863,8.9,8,5,5,5,0.625,65.3,168.0,1.0,0.0
VP-V014-202401,V014,Coastal Alloys Pty Ltd,2024-01-01,0,stable,0.941,0.857,0.805,8.58,1,0,0,0,0.0,73.7,234.0,,
VP-V015-202401,V015,Nordic Steel AS,2024-01-01,0,stable,0.994,1.0,0.873,9.01,1,1,1,1,1.0,67.2,232.0,1.0,0.0
VP-V016-202401,V016,Precision Arc Systems,2024-01-01,0,stable,0.936,0.6,0.658,7.08,8,5,5,5,0.625,84.6,429.0,1.0,0.0
VP-V017-202401,V017,Türk Makina A.Ş.,2024-01-01,0,stable,0.876,0.847,0.853,7.45,1,1,1,0,0.0,84.2,416.0,,
VP-V018-202401,V018,Guangzhou Mech & Elec Co.,2024-01-01,0,collapse,0.782,0.625,0.87,6.56,8,8,8,8,1.0,85.6,320.0,0.75,1.5
VP-V019-202401,V019,Emerald Isle Castings Ltd,2024-01-01,0,stable,1.021,1.0,0.869,8.65,1,1,1,1,1.0,65.2,453.0,1.0,0.0
VP-V020-202401,V020,Rajasthan Rare Earths Ltd,2024-01-01,0,improving,0.955,0.801,0.706,7.45,1,1,1,0,0.0,71.0,328.0,,
VP-V001-202402,V001,Kovacs Precision GmbH,2024-02-01,1,declining,0.897,1.0,0.9,8.76,2,2,2,2,1.0,75.9,333.0,0.5,3.0
VP-V002-202402,V002,Tanaka Electrical KK,2024-02-01,1,stable,1.031,1.0,0.819,9.1,6,5,5,5,0.857,72.3,112.0,0.6,0.6
VP-V003-202402,V003,Patel Alloys Pvt Ltd,2024-02-01,1,improving,0.958,1.0,0.806,7.77,2,1,1,1,0.667,68.0,394.0,1.0,0.0
VP-V004-202402,V004,Strömberg Hydraulics AB,2024-02-01,1,stable,1.047,1.0,0.892,9.02,2,2,2,2,1.0,72.1,20.0,1.0,0.0
VP-V005-202402,V005,Cerro Negro Metals SA,2024-02-01,1,stable,0.83,1.0,0.854,7.36,2,2,2,1,0.667,76.8,354.0,1.0,0.0
VP-V006-202402,V006,Bright Spark Electronics Ltd,2024-02-01,1,stable,0.967,0.5,0.699,7.17,6,4,4,4,0.786,79.4,262.0,1.0,0.0
VP-V007-202402,V007,Nakamura Tooling Co.,2024-02-01,1,stable,1.045,1.0,0.817,9.31,2,2,2,2,1.0,81.1,210.0,0.5,11.5
VP-V008-202402,V008,Delta Composites Inc.,2024-02-01,1,stable,0.898,0.5,0.739,7.47,2,2,2,2,1.0,86.6,377.0,1.0,0.0
VP-V009-202402,V009,Fischer & Söhne KG,2024-02-01,1,stable,1.012,0.921,0.845,8.89,2,0,0,0,0.333,66.8,351.0,,
VP-V010-202402,V010,Adriatic Fastenings d.o.o.,2024-02-01,1,stable,0.872,1.0,0.813,7.52,2,1,1,1,0.333,81.6,233.0,0.0,1.0
VP-V011-202402,V011,Solaris Power Components,2024-02-01,1,stable,0.986,0.75,0.662,6.34,6,4,4,4,0.643,87.7,476.0,0.5,2.8
VP-V012-202402,V012,Indra Copper Works,2024-02-01,1,improving,0.927,0.5,0.735,8.17,2,2,2,2,1.0,65.8,142.0,0.5,2.5
VP-V013-202402,V013,Vantage Sensors GmbH,2024-02-01,1,stable,0.996,0.8,0.868,8.76,6,5,5,5,0.714,72.5,276.0,0.6,2.4
VP-V014-202402,V014,Coastal Alloys Pty Ltd,2024-02-01,1,stable,0.95,1.0,0.774,7.76,2,1,1,1,0.333,75.7,196.0,1.0,0.0
VP-V015-202402,V015,Nordic Steel AS,2024-02-01,1,stable,1.007,1.0,0.895,8.92,2,1,1,1,0.667,72.8,97.0,1.0,0.0
VP-V016-202402,V016,Precision Arc Systems,2024-02-01,1,stable,0.913,0.667,0.596,6.63,6,4,4,3,0.571,85.9,646.0,0.667,6.7
VP-V017-202402,V017,Türk Makina A.Ş.,2024-02-01,1,stable,0.883,0.818,0.788,7.47,2,1,1,0,0.0,82.5,411.0,,
VP-V018-202402,V018,Guangzhou Mech & Elec Co.,2024-02-01,1,collapse,0.795,0.4,0.785,6.38,6,5,5,5,0.929,100.0,403.0,0.4,1.4
VP-V019-202402,V019,Emerald Isle Castings Ltd,2024-02-01,1,stable,1.016,1.0,0.843,8.72,2,2,2,2,1.0,67.5,405.0,1.0,0.0
VP-V020-202402,V020,Rajasthan Rare Earths Ltd,2024-02-01,1,improving,0.939,1.0,0.755,7.37,2,2,2,2,0.667,68.1,500.0,1.0,0.0
VP-V001-202403,V001,Kovacs Precision GmbH,2024-03-01,2,declining,0.924,1.0,0.862,9.12,6,4,4,4,0.778,67.1,254.0,1.0,0.0
VP-V002-202403,V002,Tanaka Electrical KK,2024-03-01,2,stable,1.034,1.0,0.806,8.93,3,3,3,3,0.882,75.6,262.0,0.0,5.0
VP-V003-202403,V003,Patel Alloys Pvt Ltd,2024-03-01,2,improving,0.947,0.789,0.816,7.67,1,0,0,0,0.5,61.7,358.0,,
VP-V004-202403,V004,Strömberg Hydraulics AB,2024-03-01,2,stable,1.053,1.0,0.918,9.56,6,6,6,5,0.889,69.8,179.0,0.2,10.2
VP-V005-202403,V005,Cerro Negro Metals SA,2024-03-01,2,stable,0.832,1.0,0.837,7.45,1,1,1,1,0.75,82.2,395.0,1.0,0.0
VP-V006-202403,V006,Bright Spark Electronics Ltd,2024-03-01,2,stable,0.977,0.5,0.776,7.45,3,2,2,2,0.765,82.5,463.0,1.0,0.0
VP-V007-202403,V007,Nakamura Tooling Co.,2024-03-01,2,stable,1.036,1.0,0.872,9.44,5,4,4,3,0.75,79.0,243.0,1.0,0.0
VP-V008-202403,V008,Delta Composites Inc.,2024-03-01,2,stable,0.872,1.0,0.799,7.32,1,1,1,1,1.0,91.1,330.0,1.0,0.0
VP-V009-202403,V009,Fischer & Söhne KG,2024-03-01,2,stable,1.029,0.833,0.851,9.07,6,6,6,6,0.778,73.3,0.0,0.5,2.7
VP-V010-202403,V010,Adriatic Fastenings d.o.o.,2024-03-01,2,stable,0.855,1.0,0.795,7.22,6,5,5,3,0.444,84.3,396.0,0.667,0.3
VP-V011-202403,V011,Solaris Power Components,2024-03-01,2,stable,0.995,1.0,0.651,7.12,3,2,2,2,0.647,83.1,412.0,1.0,0.0
VP-V012-202403,V012,Indra Copper Works,2024-03-01,2,improving,0.911,0.861,0.842,8.29,1,0,0,0,0.75,72.2,321.0,,
VP-V013-202403,V013,Vantage Sensors GmbH,2024-03-01,2,stable,1.018,1.0,0.811,9.07,3,3,3,3,0.765,75.4,283.0,1.0,0.0
VP-V014-202403,V014,Coastal Alloys Pty Ltd,2024-03-01,2,stable,0.952,0.877,0.797,8.16,1,0,0,0,0.25,68.1,456.0,,
VP-V015-202403,V015,Nordic Steel AS,2024-03-01,2,stable,0.989,1.0,0.867,9.25,1,1,1,1,0.75,73.7,358.0,1.0,0.0
VP-V016-202403,V016,Precision Arc Systems,2024-03-01,2,stable,0.925,1.0,0.663,6.9,3,2,2,2,0.588,81.9,398.0,1.0,0.0
VP-V017-202403,V017,Türk Makina A.Ş.,2024-03-01,2,stable,0.847,0.8,0.776,7.33,6,6,6,5,0.556,79.3,520.0,0.8,4.2
VP-V018-202403,V018,Guangzhou Mech & Elec Co.,2024-03-01,2,collapse,0.803,0.667,0.836,6.5,3,3,3,3,0.941,87.0,467.0,1.0,0.0
VP-V019-202403,V019,Emerald Isle Castings Ltd,2024-03-01,2,stable,1.012,1.0,0.842,8.9,6,5,5,4,0.778,65.3,268.0,0.75,0.5
VP-V020-202403,V020,Rajasthan Rare Earths Ltd,2024-03-01,2,improving,0.933,1.0,0.744,7.67,1,1,1,1,0.75,71.9,462.0,1.0,0.0
VP-V001-202404,V001,Kovacs Precision GmbH,2024-04-01,3,declining,0.901,1.0,0.914,9.07,4,4,4,4,0.846,70.3,302.0,1.0,0.0
VP-V002-202404,V002,Tanaka Electrical KK,2024-04-01,3,stable,1.037,1.0,0.802,9.22,6,4,4,4,0.826,74.2,216.0,1.0,0.0
VP-V003-202404,V003,Patel Alloys Pvt Ltd,2024-04-01,3,improving,0.967,0.831,0.85,7.57,0,0,0,0,0.5,70.2,347.0,,
VP-V004-202404,V004,Strömberg Hydraulics AB,2024-04-01,3,stable,1.06,1.0,0.956,8.97,4,4,4,4,0.923,67.6,250.0,0.75,1.0
VP-V005-202404,V005,Cerro Negro Metals SA,2024-04-01,3,stable,0.846,0.744,0.853,7.28,0,0,0,0,0.75,77.8,256.0,,
VP-V006-202404,V006,Bright Spark Electronics Ltd,2024-04-01,3,stable,0.96,0.5,0.682,7.25,6,4,4,4,0.739,79.0,432.0,0.75,1.5
VP-V007-202404,V007,Nakamura Tooling Co.,2024-04-01,3,stable,1.071,1.0,0.812,9.3,4,3,3,3,0.75,73.5,245.0,0.667,2.3
VP-V008-202404,V008,Delta Composites Inc.,2024-04-01,3,stable,0.891,0.8,0.827,7.64,0,0,0,0,1.0,83.7,474.0,,
VP-V009-202404,V009,Fischer & Söhne KG,2024-04-01,3,stable,1.018,1.0,0.925,8.71,4,4,4,4,0.846,60.7,204.0,0.75,0.8
VP-V010-202404,V010,Adriatic Fastenings d.o.o.,2024-04-01,3,stable,0.862,1.0,0.874,7.9,4,3,3,1,0.385,89.0,293.0,0.0,1.0
VP-V011-202404,V011,Solaris Power Components,2024-04-01,3,stable,1.019,1.0,0.709,7.07,6,1,1,1,0.522,88.7,371.0,0.0,3.0
VP-V012-202404,V012,Indra Copper Works,2024-04-01,3,improving,0.927,0.872,0.811,8.22,0,0,0,0,0.75,65.9,458.0,,
VP-V013-202404,V013,Vantage Sensors GmbH,2024-04-01,3,stable,0.974,1.0,0.852,8.9,6,6,6,6,0.826,75.6,259.0,0.667,0.8
VP-V014-202404,V014,Coastal Alloys Pty Ltd,2024-04-01,3,stable,0.962,0.856,0.781,8.2,0,0,0,0,0.25,75.1,476.0,,
VP-V015-202404,V015,Nordic Steel AS,2024-04-01,3,stable,0.992,0.866,0.903,9.29,0,0,0,0,0.75,71.1,198.0,,
VP-V016-202404,V016,Precision Arc Systems,2024-04-01,3,stable,0.909,0.333,0.696,6.68,6,3,3,3,0.565,87.5,409.0,0.667,1.0
VP-V017-202404,V017,Türk Makina A.Ş.,2024-04-01,3,stable,0.851,1.0,0.794,7.47,4,4,4,4,0.692,83.6,184.0,1.0,0.0
VP-V018-202404,V018,Guangzhou Mech & Elec Co.,2024-04-01,3,collapse,0.771,0.833,0.79,6.5,6,6,6,6,0.957,96.4,204.0,1.0,0.0
VP-V019-202404,V019,Emerald Isle Castings Ltd,2024-04-01,3,stable,1.02,0.876,0.817,8.63,4,3,3,0,0.538,63.2,183.0,,
VP-V020-202404,V020,Rajasthan Rare Earths Ltd,2024-04-01,3,improving,0.963,0.831,0.795,7.62,0,0,0,0,0.75,72.0,454.0,,
VP-V001-202405,V001,Kovacs Precision GmbH,2024-05-01,4,declining,0.876,1.0,0.939,9.04,7,7,7,7,0.9,69.7,434.0,0.714,0.4
VP-V002-202405,V002,Tanaka Electrical KK,2024-05-01,4,stable,1.048,1.0,0.805,8.91,3,3,3,3,0.846,73.9,203.0,1.0,0.0
VP-V003-202405,V003,Patel Alloys Pvt Ltd,2024-05-01,4,improving,0.965,0.823,0.798,7.51,0,0,0,0,0.5,67.5,183.0,,
VP-V004-202405,V004,Strömberg Hydraulics AB,2024-05-01,4,stable,1.069,0.857,0.902,9.4,7,7,7,7,0.95,67.0,298.0,0.571,1.4
VP-V005-202405,V005,Cerro Negro Metals SA,2024-05-01,4,stable,0.839,0.834,0.851,7.9,0,0,0,0,0.75,84.6,355.0,,
VP-V006-202405,V006,Bright Spark Electronics Ltd,2024-05-01,4,stable,0.977,0.5,0.731,6.87,3,2,2,2,0.731,79.1,303.0,1.0,0.0
VP-V007-202405,V007,Nakamura Tooling Co.,2024-05-01,4,stable,1.061,1.0,0.81,9.16,7,4,4,2,0.579,73.6,121.0,1.0,0.0
VP-V008-202405,V008,Delta Composites Inc.,2024-05-01,4,stable,0.872,0.853,0.841,7.71,0,0,0,0,1.0,83.0,391.0,,
VP-V009-202405,V009,Fischer & Söhne KG,2024-05-01,4,stable,1.008,1.0,0.888,9.39,6,5,5,4,0.789,67.2,159.0,0.75,1.0
VP-V010-202405,V010,Adriatic Fastenings d.o.o.,2024-05-01,4,stable,0.869,0.75,0.879,7.33,7,5,5,4,0.45,78.1,374.0,1.0,0.0
VP-V011-202405,V011,Solaris Power Components,2024-05-01,4,stable,0.99,1.0,0.677,6.98,3,3,3,3,0.577,87.5,469.0,0.667,2.3
VP-V012-202405,V012,Indra Copper Works,2024-05-01,4,improving,0.935,0.898,0.809,7.49,0,0,0,0,0.75,59.4,415.0,,
VP-V013-202405,V013,Vantage Sensors GmbH,2024-05-01,4,stable,1.028,0.667,0.822,8.61,3,3,3,3,0.846,68.6,407.0,0.667,2.0
VP-V014-202405,V014,Coastal Alloys Pty Ltd,2024-05-01,4,stable,0.971,0.853,0.797,7.98,0,0,0,0,0.25,74.3,403.0,,
VP-V015-202405,V015,Nordic Steel AS,2024-05-01,4,stable,1.001,0.878,0.892,8.99,0,0,0,0,0.75,68.2,157.0,,
VP-V016-202405,V016,Precision Arc Systems,2024-05-01,4,stable,0.92,1.0,0.592,6.58,3,1,1,1,0.538,92.9,463.0,0.0,6.0
VP-V017-202405,V017,Türk Makina A.Ş.,2024-05-01,4,stable,0.866,1.0,0.79,7.56,8,7,7,5,0.667,78.3,339.0,1.0,0.0
VP-V018-202405,V018,Guangzhou Mech & Elec Co.,2024-05-01,4,collapse,0.804,0.75,0.776,6.32,3,1,1,0,0.846,80.7,376.0,,
VP-V019-202405,V019,Emerald Isle Castings Ltd,2024-05-01,4,stable,1.006,1.0,0.83,8.75,8,8,8,5,0.571,71.4,436.0,0.6,5.4
VP-V020-202405,V020,Rajasthan Rare Earths Ltd,2024-05-01,4,improving,0.921,0.86,0.807,7.9,0,0,0,0,0.75,70.1,458.0,,
VP-V021-202405,V021,Helios Micro Systems,2024-05-01,4,new_proving,0.973,1.0,0.727,7.83,3,2,2,2,0.077,66.9,181.0,1.0,0.0
VP-V022-202405,V022,Andean Precision SRL,2024-05-01,4,new_proving,0.85,0.5,0.685,7.01,6,5,5,2,0.143,73.2,387.0,0.5,2.5
VP-V023-202405,V023,Sahara Industrial FZE,2024-05-01,4,new_proving,0.883,0.733,0.712,6.84,0,0,0,0,0.0,83.5,308.0,,
VP-V024-202405,V024,BalticTech UAB,2024-05-01,4,new_proving,0.955,0.75,0.847,7.94,8,6,6,4,0.286,67.6,394.0,1.0,0.0
VP-V001-202406,V001,Kovacs Precision GmbH,2024-06-01,5,declining,0.921,0.667,0.904,9.18,3,3,3,3,0.913,74.6,194.0,1.0,0.0
VP-V002-202406,V002,Tanaka Electrical KK,2024-06-01,5,stable,1.013,1.0,0.857,9.14,5,3,3,3,0.806,73.5,334.0,0.333,6.7
VP-V003-202406,V003,Patel Alloys Pvt Ltd,2024-06-01,5,improving,0.98,0.5,0.755,7.8,2,2,2,2,0.667,65.5,277.0,1.0,0.0
VP-V004-202406,V004,Strömberg Hydraulics AB,2024-06-01,5,stable,1.043,1.0,0.832,9.39,3,3,3,3,0.957,64.2,239.0,1.0,0.0
VP-V005-202406,V005,Cerro Negro Metals SA,2024-06-01,5,stable,0.84,0.0,0.906,7.57,2,2,2,1,0.667,80.4,406.0,0.0,14.0
VP-V006-202406,V006,Bright Spark Electronics Ltd,2024-06-01,5,stable,0.958,0.667,0.704,7.35,5,4,4,3,0.71,82.3,348.0,0.667,1.3
VP-V007-202406,V007,Nakamura Tooling Co.,2024-06-01,5,stable,1.052,1.0,0.772,8.94,3,1,1,1,0.545,74.1,311.0,0.0,24.0
VP-V008-202406,V008,Delta Composites Inc.,2024-06-01,5,stable,0.882,0.0,0.813,7.85,2,2,2,2,1.0,82.7,97.0,1.0,0.0
VP-V009-202406,V009,Fischer & Söhne KG,2024-06-01,5,stable,1.017,1.0,0.848,9.11,3,2,2,2,0.773,68.1,296.0,0.5,3.0
VP-V010-202406,V010,Adriatic Fastenings d.o.o.,2024-06-01,5,stable,0.858,1.0,0.869,7.52,2,1,1,1,0.455,82.3,236.0,1.0,0.0
VP-V011-202406,V011,Solaris Power Components,2024-06-01,5,stable,0.989,0.75,0.69,6.56,5,4,4,4,0.613,89.8,574.0,0.75,0.5
VP-V012-202406,V012,Indra Copper Works,2024-06-01,5,improving,0.928,0.0,0.774,8.18,2,1,1,1,0.667,64.6,157.0,1.0,0.0
VP-V013-202406,V013,Vantage Sensors GmbH,2024-06-01,5,stable,1.008,1.0,0.839,8.74,5,4,4,4,0.839,68.5,284.0,0.75,0.5
VP-V014-202406,V014,Coastal Alloys Pty Ltd,2024-06-01,5,stable,0.946,1.0,0.792,7.83,2,2,2,2,0.5,74.2,406.0,1.0,0.0
VP-V015-202406,V015,Nordic Steel AS,2024-06-01,5,stable,0.999,1.0,0.865,8.93,2,2,2,2,0.833,66.1,228.0,1.0,0.0
VP-V016-202406,V016,Precision Arc Systems,2024-06-01,5,stable,0.944,0.5,0.642,6.62,5,4,4,4,0.581,88.5,378.0,1.0,0.0
VP-V017-202406,V017,Türk Makina A.Ş.,2024-06-01,5,stable,0.856,1.0,0.759,7.36,3,3,3,3,0.708,88.1,422.0,1.0,0.0
VP-V018-202406,V018,Guangzhou Mech & Elec Co.,2024-06-01,5,collapse,0.823,1.0,0.729,5.73,5,4,4,3,0.806,87.0,714.0,1.0,0.0
VP-V019-202406,V019,Emerald Isle Castings Ltd,2024-06-01,5,stable,1.027,1.0,0.829,8.34,3,3,3,1,0.542,66.8,325.0,1.0,0.0
VP-V020-202406,V020,Rajasthan Rare Earths Ltd,2024-06-01,5,improving,0.938,0.801,0.727,7.46,2,2,2,0,0.5,71.0,430.0,,
VP-V021-202406,V021,Helios Micro Systems,2024-06-01,5,new_proving,0.99,1.0,0.75,8.31,5,4,4,3,0.161,62.9,332.0,0.667,0.3
VP-V022-202406,V022,Andean Precision SRL,2024-06-01,5,new_proving,0.843,0.796,0.717,6.9,2,2,2,0,0.125,84.8,416.0,,
VP-V023-202406,V023,Sahara Industrial FZE,2024-06-01,5,new_proving,0.89,0.744,0.76,6.7,2,1,1,0,0.0,78.4,489.0,,
VP-V024-202406,V024,BalticTech UAB,2024-06-01,5,new_proving,0.965,1.0,0.839,8.05,2,1,1,1,0.312,62.7,253.0,1.0,0.0
VP-V001-202407,V001,Kovacs Precision GmbH,2024-07-01,6,declining,0.93,1.0,0.924,9.3,2,2,2,2,0.917,75.1,288.0,0.5,2.0
VP-V002-202407,V002,Tanaka Electrical KK,2024-07-01,6,stable,1.054,1.0,0.837,9.01,6,3,3,3,0.724,72.2,177.0,0.667,1.7
VP-V003-202407,V003,Patel Alloys Pvt Ltd,2024-07-01,6,improving,0.946,1.0,0.703,8.05,1,1,1,1,0.667,63.4,17.0,1.0,0.0
VP-V004-202407,V004,Strömberg Hydraulics AB,2024-07-01,6,stable,1.04,0.5,0.922,9.2,2,2,2,2,0.958,71.6,165.0,0.5,2.0
VP-V005-202407,V005,Cerro Negro Metals SA,2024-07-01,6,stable,0.853,1.0,0.851,7.5,1,1,1,1,0.667,75.2,251.0,1.0,0.0
VP-V006-202407,V006,Bright Spark Electronics Ltd,2024-07-01,6,stable,0.96,0.8,0.722,7.21,6,5,5,5,0.69,88.2,406.0,0.6,2.2
VP-V007-202407,V007,Nakamura Tooling Co.,2024-07-01,6,stable,1.043,0.849,0.811,8.91,2,1,1,0,0.478,71.8,199.0,,
VP-V008-202407,V008,Delta Composites Inc.,2024-07-01,6,stable,0.863,0.0,0.758,7.64,1,1,1,1,1.0,86.4,565.0,1.0,0.0
VP-V009-202407,V009,Fischer & Söhne KG,2024-07-01,6,stable,1.004,1.0,0.784,8.84,2,2,2,2,0.783,66.8,334.0,1.0,0.0
VP-V010-202407,V010,Adriatic Fastenings d.o.o.,2024-07-01,6,stable,0.879,0.5,0.847,7.42,2,2,2,2,0.522,93.2,526.0,1.0,0.0
VP-V011-202407,V011,Solaris Power Components,2024-07-01,6,stable,0.984,1.0,0.668,6.71,6,3,3,3,0.586,84.2,443.0,0.667,1.7
VP-V012-202407,V012,Indra Copper Works,2024-07-01,6,improving,0.929,0.845,0.797,8.27,1,0,0,0,0.5,62.2,421.0,,
VP-V013-202407,V013,Vantage Sensors GmbH,2024-07-01,6,stable,0.987,1.0,0.829,8.73,6,5,5,5,0.897,71.1,294.0,1.0,0.0
VP-V014-202407,V014,Coastal Alloys Pty Ltd,2024-07-01,6,stable,0.957,1.0,0.779,7.89,1,1,1,1,0.667,72.4,265.0,1.0,0.0
VP-V015-202407,V015,Nordic Steel AS,2024-07-01,6,stable,1.009,1.0,0.895,8.87,1,1,1,1,0.833,69.1,216.0,1.0,0.0
VP-V016-202407,V016,Precision Arc Systems,2024-07-01,6,stable,0.927,1.0,0.669,6.65,6,5,5,5,0.621,90.9,341.0,0.6,1.4
VP-V017-202407,V017,Türk Makina A.Ş.,2024-07-01,6,stable,0.866,1.0,0.845,7.41,2,1,1,1,0.72,87.9,405.0,1.0,0.0
VP-V018-202407,V018,Guangzhou Mech & Elec Co.,2024-07-01,6,collapse,0.848,1.0,0.68,6.51,6,3,3,2,0.655,91.8,453.0,0.5,1.5
VP-V019-202407,V019,Emerald Isle Castings Ltd,2024-07-01,6,stable,1.006,0.0,0.848,8.68,1,1,1,1,0.542,72.2,208.0,1.0,0.0
VP-V020-202407,V020,Rajasthan Rare Earths Ltd,2024-07-01,6,improving,0.912,0.832,0.728,7.95,1,1,1,0,0.5,71.3,313.0,,
VP-V021-202407,V021,Helios Micro Systems,2024-07-01,6,new_proving,0.979,0.8,0.83,8.36,6,5,5,5,0.345,61.0,364.0,1.0,0.0
VP-V022-202407,V022,Andean Precision SRL,2024-07-01,6,new_proving,0.862,0.814,0.762,6.91,1,1,1,0,0.125,79.4,494.0,,
VP-V023-202407,V023,Sahara Industrial FZE,2024-07-01,6,new_proving,0.898,0.754,0.669,6.85,1,1,1,0,0.0,86.4,388.0,,
VP-V024-202407,V024,BalticTech UAB,2024-07-01,6,new_proving,0.963,0.883,0.812,7.73,2,2,2,0,0.278,65.9,403.0,,
VP-V001-202408,V001,Kovacs Precision GmbH,2024-08-01,7,declining,0.912,1.0,0.89,9.17,3,3,3,3,0.92,74.0,398.0,1.0,0.0
VP-V002-202408,V002,Tanaka Electrical KK,2024-08-01,7,stable,1.038,0.833,0.829,9.16,6,6,6,6,0.759,72.0,146.0,0.667,3.5
VP-V003-202408,V003,Patel Alloys Pvt Ltd,2024-08-01,7,improving,0.961,1.0,0.803,7.88,2,2,2,1,0.667,71.7,400.0,1.0,0.0
VP-V004-202408,V004,Strömberg Hydraulics AB,2024-08-01,7,stable,1.065,1.0,0.856,9.32,1,1,1,1,0.957,69.8,160.0,1.0,0.0
VP-V005-202408,V005,Cerro Negro Metals SA,2024-08-01,7,stable,0.859,0.5,0.866,7.66,2,2,2,2,0.833,84.9,139.0,1.0,0.0
VP-V006-202408,V006,Bright Spark Electronics Ltd,2024-08-01,7,stable,0.977,0.4,0.72,6.94,6,5,5,5,0.724,80.8,450.0,0.8,1.4
VP-V007-202408,V007,Nakamura Tooling Co.,2024-08-01,7,stable,1.043,1.0,0.822,9.47,3,3,3,2,0.458,77.8,248.0,1.0,0.0
VP-V008-202408,V008,Delta Composites Inc.,2024-08-01,7,stable,0.86,1.0,0.796,7.42,2,2,2,1,0.833,89.4,401.0,1.0,0.0
VP-V009-202408,V009,Fischer & Söhne KG,2024-08-01,7,stable,1.006,1.0,0.921,8.87,3,3,3,2,0.833,68.4,235.0,1.0,0.0
VP-V010-202408,V010,Adriatic Fastenings d.o.o.,2024-08-01,7,stable,0.876,1.0,0.806,7.55,2,1,1,1,0.522,85.0,314.0,1.0,0.0
VP-V011-202408,V011,Solaris Power Components,2024-08-01,7,stable,0.999,1.0,0.694,7.03,6,3,3,3,0.552,85.0,296.0,1.0,0.0
VP-V012-202408,V012,Indra Copper Works,2024-08-01,7,improving,0.937,0.5,0.818,8.16,2,2,2,2,0.5,64.8,400.0,1.0,0.0
VP-V013-202408,V013,Vantage Sensors GmbH,2024-08-01,7,stable,1.003,1.0,0.854,8.77,6,6,6,6,0.931,75.7,221.0,0.667,1.3
VP-V014-202408,V014,Coastal Alloys Pty Ltd,2024-08-01,7,stable,0.974,1.0,0.759,7.96,2,1,1,1,0.667,75.5,284.0,1.0,0.0
VP-V015-202408,V015,Nordic Steel AS,2024-08-01,7,stable,1.005,0.5,0.872,8.99,2,2,2,2,1.0,65.4,360.0,1.0,0.0
VP-V016-202408,V016,Precision Arc Systems,2024-08-01,7,stable,0.906,1.0,0.661,6.58,6,4,4,3,0.621,96.4,370.0,1.0,0.0
VP-V017-202408,V017,Türk Makina A.Ş.,2024-08-01,7,stable,0.868,0.667,0.834,7.51,3,3,3,3,0.808,82.8,240.0,1.0,0.0
VP-V018-202408,V018,Guangzhou Mech & Elec Co.,2024-08-01,7,collapse,0.86,0.5,0.721,5.81,6,3,3,2,0.552,83.5,522.0,1.0,0.0
VP-V019-202408,V019,Emerald Isle Castings Ltd,2024-08-01,7,stable,1.009,1.0,0.871,8.72,3,2,2,1,0.48,64.4,294.0,0.0,4.0
VP-V020-202408,V020,Rajasthan Rare Earths Ltd,2024-08-01,7,improving,0.93,1.0,0.777,7.82,2,1,1,1,0.333,70.2,487.0,0.0,5.0
VP-V021-202408,V021,Helios Micro Systems,2024-08-01,7,new_proving,0.988,1.0,0.792,8.06,6,5,5,3,0.448,59.7,324.0,0.667,0.3
VP-V022-202408,V022,Andean Precision SRL,2024-08-01,7,new_proving,0.854,0.892,0.729,6.59,3,1,1,0,0.118,67.3,371.0,,
VP-V023-202408,V023,Sahara Industrial FZE,2024-08-01,7,new_proving,0.89,0.726,0.737,6.5,2,2,2,0,0.0,80.0,441.0,,
VP-V024-202408,V024,BalticTech UAB,2024-08-01,7,new_proving,0.969,0.0,0.86,7.72,3,2,2,2,0.333,72.7,378.0,1.0,0.0
VP-V001-202409,V001,Kovacs Precision GmbH,2024-09-01,8,declining,0.905,1.0,0.873,8.81,3,3,3,3,1.0,73.8,378.0,1.0,0.0
VP-V002-202409,V002,Tanaka Electrical KK,2024-09-01,8,stable,1.033,1.0,0.841,9.16,3,2,2,2,0.724,80.0,185.0,1.0,0.0
VP-V003-202409,V003,Patel Alloys Pvt Ltd,2024-09-01,8,improving,0.952,1.0,0.8,7.79,5,4,4,4,0.8,66.3,500.0,0.5,1.8
VP-V004-202409,V004,Strömberg Hydraulics AB,2024-09-01,8,stable,1.034,1.0,0.924,9.4,3,3,3,3,1.0,73.0,320.0,1.0,0.0
VP-V005-202409,V005,Cerro Negro Metals SA,2024-09-01,8,stable,0.847,0.75,0.817,7.76,5,5,5,4,0.8,74.5,334.0,0.5,3.0
VP-V006-202409,V006,Bright Spark Electronics Ltd,2024-09-01,8,stable,0.944,0.0,0.757,7.45,3,2,2,2,0.724,80.3,316.0,1.0,0.0
VP-V007-202409,V007,Nakamura Tooling Co.,2024-09-01,8,stable,1.039,1.0,0.844,9.21,3,2,2,1,0.409,77.2,230.0,1.0,0.0
VP-V008-202409,V008,Delta Composites Inc.,2024-09-01,8,stable,0.891,0.0,0.782,7.69,5,1,1,1,0.5,90.3,203.0,0.0,2.0
VP-V009-202409,V009,Fischer & Söhne KG,2024-09-01,8,stable,1.019,1.0,0.838,9.09,3,2,2,2,0.762,69.2,309.0,1.0,0.0
VP-V010-202409,V010,Adriatic Fastenings d.o.o.,2024-09-01,8,stable,0.86,1.0,0.815,7.39,3,3,3,3,0.6,80.8,587.0,0.667,2.0
VP-V011-202409,V011,Solaris Power Components,2024-09-01,8,stable,0.981,1.0,0.668,7.2,3,1,1,1,0.517,83.7,378.0,1.0,0.0
VP-V012-202409,V012,Indra Copper Works,2024-09-01,8,improving,0.928,1.0,0.866,8.44,5,2,2,2,0.5,77.8,318.0,1.0,0.0
VP-V013-202409,V013,Vantage Sensors GmbH,2024-09-01,8,stable,1.002,1.0,0.822,8.89,3,1,1,1,0.862,74.7,137.0,1.0,0.0
VP-V014-202409,V014,Coastal Alloys Pty Ltd,2024-09-01,8,stable,0.978,1.0,0.739,8.07,5,1,1,1,0.5,71.2,397.0,1.0,0.0
VP-V015-202409,V015,Nordic Steel AS,2024-09-01,8,stable,1.014,1.0,0.891,8.75,5,4,4,4,0.9,61.2,266.0,1.0,0.0
VP-V016-202409,V016,Precision Arc Systems,2024-09-01,8,stable,0.933,1.0,0.605,6.69,3,1,1,1,0.586,90.6,338.0,1.0,0.0
VP-V017-202409,V017,Türk Makina A.Ş.,2024-09-01,8,stable,0.849,0.819,0.749,7.15,0,0,0,0,0.8,84.7,355.0,,
VP-V018-202409,V018,Guangzhou Mech & Elec Co.,2024-09-01,8,collapse,0.896,1.0,0.681,5.74,3,2,2,2,0.517,87.1,482.0,1.0,0.0
VP-V019-202409,V019,Emerald Isle Castings Ltd,2024-09-01,8,stable,1.023,1.0,0.912,8.46,3,2,2,2,0.455,65.1,358.0,0.5,3.0
VP-V020-202409,V020,Rajasthan Rare Earths Ltd,2024-09-01,8,improving,0.94,1.0,0.797,7.73,5,5,5,5,0.6,71.0,194.0,1.0,0.0
VP-V021-202409,V021,Helios Micro Systems,2024-09-01,8,new_proving,0.976,1.0,0.796,8.08,3,3,3,2,0.517,54.8,428.0,1.0,0.0
VP-V022-202409,V022,Andean Precision SRL,2024-09-01,8,new_proving,0.862,0.876,0.75,7.25,3,2,2,0,0.118,72.5,287.0,,
VP-V023-202409,V023,Sahara Industrial FZE,2024-09-01,8,new_proving,0.908,1.0,0.738,6.85,5,1,1,1,0.1,85.2,430.0,0.0,1.0
VP-V024-202409,V024,BalticTech UAB,2024-09-01,8,new_proving,0.96,1.0,0.88,7.86,3,3,3,1,0.4,69.2,383.0,1.0,0.0
VP-V001-202410,V001,Kovacs Precision GmbH,2024-10-01,9,declining,0.939,1.0,0.895,9.43,4,4,4,4,1.0,68.6,103.0,0.5,6.8
VP-V002-202410,V002,Tanaka Electrical KK,2024-10-01,9,stable,1.025,1.0,0.875,9.15,3,2,2,2,0.731,79.7,368.0,1.0,0.0
VP-V003-202410,V003,Patel Alloys Pvt Ltd,2024-10-01,9,improving,0.943,1.0,0.834,8.16,4,4,4,4,0.857,57.1,269.0,0.5,4.5
VP-V004-202410,V004,Strömberg Hydraulics AB,2024-10-01,9,stable,1.061,1.0,0.844,9.35,3,3,3,3,1.0,60.3,202.0,1.0,0.0
VP-V005-202410,V005,Cerro Negro Metals SA,2024-10-01,9,stable,0.839,0.667,0.854,7.32,4,4,4,3,0.786,82.0,428.0,1.0,0.0
VP-V006-202410,V006,Bright Spark Electronics Ltd,2024-10-01,9,stable,0.942,0.5,0.711,6.94,3,2,2,2,0.731,84.3,433.0,0.5,3.5
VP-V007-202410,V007,Nakamura Tooling Co.,2024-10-01,9,stable,1.046,1.0,0.83,9.12,3,3,3,1,0.333,72.1,329.0,1.0,0.0
VP-V008-202410,V008,Delta Composites Inc.,2024-10-01,9,stable,0.869,0.5,0.806,7.77,4,2,2,2,0.5,84.8,268.0,0.5,3.5
VP-V009-202410,V009,Fischer & Söhne KG,2024-10-01,9,stable,1.004,1.0,0.85,8.77,4,3,3,3,0.714,58.5,254.0,1.0,0.0
VP-V010-202410,V010,Adriatic Fastenings d.o.o.,2024-10-01,9,stable,0.881,1.0,0.805,7.51,4,4,4,4,0.75,83.2,294.0,0.75,0.8
VP-V011-202410,V011,Solaris Power Components,2024-10-01,9,stable,0.992,0.5,0.709,7.31,3,2,2,2,0.615,90.1,312.0,1.0,0.0
VP-V012-202410,V012,Indra Copper Works,2024-10-01,9,improving,0.925,0.667,0.821,8.0,4,4,4,3,0.571,68.3,394.0,0.667,1.0
VP-V013-202410,V013,Vantage Sensors GmbH,2024-10-01,9,stable,1.018,1.0,0.824,8.86,3,3,3,3,0.846,73.2,173.0,0.667,5.3
VP-V014-202410,V014,Coastal Alloys Pty Ltd,2024-10-01,9,stable,0.94,0.5,0.795,7.91,4,3,3,2,0.5,66.7,371.0,0.5,2.5
VP-V015-202410,V015,Nordic Steel AS,2024-10-01,9,stable,1.009,1.0,0.941,8.98,4,4,4,4,0.929,66.3,225.0,0.75,5.5
VP-V016-202410,V016,Precision Arc Systems,2024-10-01,9,stable,0.915,1.0,0.64,6.78,3,2,2,1,0.577,84.4,338.0,1.0,0.0
VP-V017-202410,V017,Türk Makina A.Ş.,2024-10-01,9,stable,0.859,1.0,0.876,7.55,3,2,2,2,0.737,89.3,270.0,1.0,0.0
VP-V018-202410,V018,Guangzhou Mech & Elec Co.,2024-10-01,9,collapse,0.926,1.0,0.668,5.51,3,2,2,1,0.385,87.3,337.0,1.0,0.0
VP-V019-202410,V019,Emerald Isle Castings Ltd,2024-10-01,9,stable,1.014,1.0,0.871,8.85,4,3,3,1,0.5,66.2,337.0,1.0,0.0
VP-V020-202410,V020,Rajasthan Rare Earths Ltd,2024-10-01,9,improving,0.898,1.0,0.815,7.86,4,4,4,2,0.571,66.7,245.0,1.0,0.0
VP-V021-202410,V021,Helios Micro Systems,2024-10-01,9,new_proving,0.958,1.0,0.803,8.52,3,1,1,1,0.615,61.0,349.0,1.0,0.0
VP-V022-202410,V022,Andean Precision SRL,2024-10-01,9,new_proving,0.848,0.885,0.78,6.89,3,2,2,0,0.111,80.1,369.0,,
VP-V023-202410,V023,Sahara Industrial FZE,2024-10-01,9,new_proving,0.882,0.781,0.781,6.56,4,3,3,0,0.071,78.7,346.0,,
VP-V024-202410,V024,BalticTech UAB,2024-10-01,9,new_proving,0.961,0.0,0.868,8.02,4,1,1,1,0.409,63.9,454.0,1.0,0.0
VP-V001-202411,V001,Kovacs Precision GmbH,2024-11-01,10,declining,0.94,0.5,0.874,8.78,3,2,2,2,0.944,68.9,248.0,0.5,2.0
VP-V002-202411,V002,Tanaka Electrical KK,2024-11-01,10,stable,1.034,1.0,0.827,8.96,5,4,4,4,0.714,80.7,292.0,0.5,8.0
VP-V003-202411,V003,Patel Alloys Pvt Ltd,2024-11-01,10,improving,0.933,1.0,0.775,7.99,4,4,4,3,0.833,61.6,517.0,0.667,2.3
VP-V004-202411,V004,Strömberg Hydraulics AB,2024-11-01,10,stable,1.04,1.0,0.89,9.06,3,3,3,3,1.0,69.6,237.0,1.0,0.0
VP-V005-202411,V005,Cerro Negro Metals SA,2024-11-01,10,stable,0.857,1.0,0.834,7.61,4,3,3,3,0.778,78.3,293.0,0.667,8.0
VP-V006-202411,V006,Bright Spark Electronics Ltd,2024-11-01,10,stable,0.98,1.0,0.666,7.14,5,3,3,3,0.714,81.8,218.0,0.333,9.0
VP-V007-202411,V007,Nakamura Tooling Co.,2024-11-01,10,stable,1.066,1.0,0.835,9.01,2,2,2,2,0.438,76.0,231.0,1.0,0.0
VP-V008-202411,V008,Delta Composites Inc.,2024-11-01,10,stable,0.877,0.5,0.846,7.68,4,3,3,2,0.5,88.1,487.0,1.0,0.0
VP-V009-202411,V009,Fischer & Söhne KG,2024-11-01,10,stable,1.007,1.0,0.865,8.96,3,3,3,3,0.778,69.4,400.0,0.667,13.7
VP-V010-202411,V010,Adriatic Fastenings d.o.o.,2024-11-01,10,stable,0.867,1.0,0.836,7.32,2,2,2,2,0.867,75.9,337.0,1.0,0.0
VP-V011-202411,V011,Solaris Power Components,2024-11-01,10,stable,0.988,1.0,0.712,6.82,5,2,2,2,0.536,83.8,377.0,1.0,0.0
VP-V012-202411,V012,Indra Copper Works,2024-11-01,10,improving,0.914,1.0,0.838,8.69,4,4,4,3,0.611,69.7,349.0,0.333,6.3
VP-V013-202411,V013,Vantage Sensors GmbH,2024-11-01,10,stable,1.011,1.0,0.787,8.58,5,3,3,3,0.786,71.4,231.0,0.667,3.3
VP-V014-202411,V014,Coastal Alloys Pty Ltd,2024-11-01,10,stable,0.961,0.5,0.784,8.05,4,2,2,2,0.5,69.4,368.0,1.0,0.0
VP-V015-202411,V015,Nordic Steel AS,2024-11-01,10,stable,0.988,1.0,0.841,8.85,4,4,4,3,0.889,68.4,386.0,0.667,7.3
VP-V016-202411,V016,Precision Arc Systems,2024-11-01,10,stable,0.92,0.5,0.604,6.71,5,3,3,2,0.571,92.2,319.0,1.0,0.0
VP-V017-202411,V017,Türk Makina A.Ş.,2024-11-01,10,stable,0.861,1.0,0.835,7.23,3,2,2,1,0.714,83.4,360.0,0.0,2.0
VP-V018-202411,V018,Guangzhou Mech & Elec Co.,2024-11-01,10,collapse,0.964,1.0,0.605,5.8,5,3,3,3,0.464,87.6,452.0,0.667,2.3
VP-V019-202411,V019,Emerald Isle Castings Ltd,2024-11-01,10,stable,1.014,1.0,0.833,8.51,3,3,3,1,0.412,63.9,355.0,0.0,26.0
VP-V020-202411,V020,Rajasthan Rare Earths Ltd,2024-11-01,10,improving,0.908,1.0,0.821,8.19,4,3,3,2,0.556,70.1,309.0,1.0,0.0
VP-V021-202411,V021,Helios Micro Systems,2024-11-01,10,new_proving,0.973,1.0,0.873,8.25,5,4,4,4,0.643,57.2,151.0,0.75,0.8
VP-V022-202411,V022,Andean Precision SRL,2024-11-01,10,new_proving,0.854,0.873,0.768,6.78,2,2,2,0,0.0,71.6,321.0,,
VP-V023-202411,V023,Sahara Industrial FZE,2024-11-01,10,new_proving,0.896,0.0,0.75,6.75,4,4,4,2,0.167,77.0,372.0,0.5,3.0
VP-V024-202411,V024,BalticTech UAB,2024-11-01,10,new_proving,0.972,0.0,0.925,7.94,3,2,2,1,0.353,67.0,165.0,0.0,2.0
VP-V001-202412,V001,Kovacs Precision GmbH,2024-12-01,11,declining,0.934,1.0,0.833,9.22,2,1,1,1,0.882,66.0,248.0,1.0,0.0
VP-V002-202412,V002,Tanaka Electrical KK,2024-12-01,11,stable,1.03,1.0,0.776,8.78,10,8,8,8,0.758,77.6,250.0,0.875,0.1
VP-V003-202412,V003,Patel Alloys Pvt Ltd,2024-12-01,11,improving,0.935,0.887,0.815,7.98,1,1,1,0,0.765,67.1,286.0,,
VP-V004-202412,V004,Strömberg Hydraulics AB,2024-12-01,11,stable,1.03,1.0,0.848,9.21,1,1,1,1,1.0,71.1,280.0,1.0,0.0
VP-V005-202412,V005,Cerro Negro Metals SA,2024-12-01,11,stable,0.82,1.0,0.817,7.65,1,1,1,1,0.824,86.2,336.0,1.0,0.0
VP-V006-202412,V006,Bright Spark Electronics Ltd,2024-12-01,11,stable,0.955,1.0,0.73,6.97,10,7,7,7,0.727,80.4,372.0,0.714,1.3
VP-V007-202412,V007,Nakamura Tooling Co.,2024-12-01,11,stable,1.059,1.0,0.842,9.06,2,2,2,2,0.533,80.7,283.0,1.0,0.0
VP-V008-202412,V008,Delta Composites Inc.,2024-12-01,11,stable,0.861,1.0,0.765,7.7,1,1,1,1,0.471,90.6,256.0,1.0,0.0
VP-V009-202412,V009,Fischer & Söhne KG,2024-12-01,11,stable,1.056,1.0,0.836,9.19,2,1,1,1,0.765,68.1,324.0,1.0,0.0
VP-V010-202412,V010,Adriatic Fastenings d.o.o.,2024-12-01,11,stable,0.879,1.0,0.858,7.49,1,1,1,1,0.929,82.5,314.0,0.0,5.0
VP-V011-202412,V011,Solaris Power Components,2024-12-01,11,stable,0.986,0.333,0.691,7.17,10,7,7,6,0.515,89.2,449.0,0.667,1.2
VP-V012-202412,V012,Indra Copper Works,2024-12-01,11,improving,0.881,1.0,0.855,8.56,1,1,1,1,0.647,72.7,133.0,0.0,7.0
VP-V013-202412,V013,Vantage Sensors GmbH,2024-12-01,11,stable,1.029,0.875,0.845,8.82,10,8,8,8,0.788,77.7,327.0,0.875,0.2
VP-V014-202412,V014,Coastal Alloys Pty Ltd,2024-12-01,11,stable,0.955,1.0,0.775,7.95,1,1,1,1,0.471,73.9,252.0,1.0,0.0
VP-V015-202412,V015,Nordic Steel AS,2024-12-01,11,stable,0.999,1.0,0.883,8.53,1,1,1,1,0.882,68.5,254.0,1.0,0.0
VP-V016-202412,V016,Precision Arc Systems,2024-12-01,11,stable,0.923,0.429,0.708,6.51,10,7,7,7,0.576,89.6,395.0,0.571,3.4
VP-V017-202412,V017,Türk Makina A.Ş.,2024-12-01,11,stable,0.848,1.0,0.852,7.3,2,1,1,1,0.615,88.1,447.0,1.0,0.0
VP-V018-202412,V018,Guangzhou Mech & Elec Co.,2024-12-01,11,collapse,0.989,0.8,0.498,5.15,10,7,7,5,0.455,87.2,468.0,0.6,1.6
VP-V019-202412,V019,Emerald Isle Castings Ltd,2024-12-01,11,stable,1.033,1.0,0.898,8.76,2,2,2,1,0.438,71.8,229.0,1.0,0.0
VP-V020-202412,V020,Rajasthan Rare Earths Ltd,2024-12-01,11,improving,0.933,0.826,0.767,8.27,1,1,1,0,0.588,76.0,342.0,,
VP-V021-202412,V021,Helios Micro Systems,2024-12-01,11,new_proving,0.982,1.0,0.895,8.52,10,8,8,6,0.636,62.6,336.0,1.0,0.0
VP-V022-202412,V022,Andean Precision SRL,2024-12-01,11,new_proving,0.857,1.0,0.803,6.92,2,2,2,1,0.071,71.4,351.0,1.0,0.0
VP-V023-202412,V023,Sahara Industrial FZE,2024-12-01,11,new_proving,0.892,0.823,0.775,6.83,1,0,0,0,0.176,82.0,228.0,,
VP-V024-202412,V024,BalticTech UAB,2024-12-01,11,new_proving,0.969,1.0,0.896,8.03,2,2,2,1,0.353,64.3,160.0,1.0,0.0
VP-V001-202501,V001,Kovacs Precision GmbH,2025-01-01,12,declining,0.938,1.0,0.843,9.23,4,3,3,3,0.842,76.2,266.0,1.0,0.0
VP-V002-202501,V002,Tanaka Electrical KK,2025-01-01,12,stable,1.036,1.0,0.841,9.03,8,8,8,8,0.857,71.7,169.0,0.75,0.2
VP-V003-202501,V003,Patel Alloys Pvt Ltd,2025-01-01,12,improving,0.95,1.0,0.833,7.79,2,2,2,2,0.778,69.7,323.0,1.0,0.0
VP-V004-202501,V004,Strömberg Hydraulics AB,2025-01-01,12,stable,1.045,1.0,0.869,9.33,3,3,3,3,1.0,70.1,172.0,1.0,0.0
VP-V005-202501,V005,Cerro Negro Metals SA,2025-01-01,12,stable,0.853,1.0,0.846,7.78,2,2,2,1,0.778,74.5,281.0,1.0,0.0
VP-V006-202501,V006,Bright Spark Electronics Ltd,2025-01-01,12,stable,0.968,1.0,0.69,7.3,8,4,4,4,0.657,78.9,413.0,0.5,1.8
VP-V007-202501,V007,Nakamura Tooling Co.,2025-01-01,12,stable,1.051,1.0,0.8,9.08,3,2,2,2,0.625,88.1,334.0,0.5,1.0
VP-V008-202501,V008,Delta Composites Inc.,2025-01-01,12,stable,0.877,1.0,0.796,7.77,2,2,2,1,0.444,88.5,350.0,1.0,0.0
VP-V009-202501,V009,Fischer & Söhne KG,2025-01-01,12,stable,1.021,0.5,0.817,8.88,4,2,2,2,0.684,75.8,173.0,0.5,2.0
VP-V010-202501,V010,Adriatic Fastenings d.o.o.,2025-01-01,12,stable,0.854,1.0,0.791,7.36,4,4,4,4,0.938,82.8,427.0,0.75,0.5
VP-V011-202501,V011,Solaris Power Components,2025-01-01,12,stable,1.002,0.75,0.671,7.16,8,8,8,8,0.629,88.2,411.0,0.875,2.6
VP-V012-202501,V012,Indra Copper Works,2025-01-01,12,improving,0.88,1.0,0.814,8.69,2,2,2,2,0.722,74.2,238.0,1.0,0.0
VP-V013-202501,V013,Vantage Sensors GmbH,2025-01-01,12,stable,1.008,0.833,0.811,8.65,8,6,6,6,0.771,80.1,375.0,1.0,0.0
VP-V014-202501,V014,Coastal Alloys Pty Ltd,2025-01-01,12,stable,0.931,1.0,0.826,8.2,2,2,2,1,0.444,72.9,339.0,1.0,0.0
VP-V015-202501,V015,Nordic Steel AS,2025-01-01,12,stable,1.0,1.0,0.846,9.39,2,2,2,2,0.889,69.6,194.0,0.5,1.0
VP-V016-202501,V016,Precision Arc Systems,2025-01-01,12,stable,0.903,1.0,0.615,7.24,8,5,5,5,0.543,90.9,192.0,1.0,0.0
VP-V017-202501,V017,Türk Makina A.Ş.,2025-01-01,12,stable,0.855,1.0,0.785,7.38,4,3,3,2,0.6,86.3,330.0,1.0,0.0
VP-V018-202501,V018,Guangzhou Mech & Elec Co.,2025-01-01,12,collapse,1.022,0.795,0.508,4.94,8,3,3,0,0.371,88.7,565.0,,
VP-V019-202501,V019,Emerald Isle Castings Ltd,2025-01-01,12,stable,1.02,1.0,0.843,8.74,4,4,4,3,0.474,67.5,406.0,1.0,0.0
VP-V020-202501,V020,Rajasthan Rare Earths Ltd,2025-01-01,12,improving,0.92,0.907,0.813,8.22,2,2,2,0,0.556,71.3,198.0,,
VP-V021-202501,V021,Helios Micro Systems,2025-01-01,12,new_proving,0.995,1.0,0.867,7.64,8,8,8,7,0.657,64.6,205.0,0.714,1.4
VP-V022-202501,V022,Andean Precision SRL,2025-01-01,12,new_proving,0.842,0.888,0.848,6.93,4,4,4,0,0.059,75.8,181.0,,
VP-V023-202501,V023,Sahara Industrial FZE,2025-01-01,12,new_proving,0.888,0.0,0.813,7.0,2,2,2,1,0.222,87.0,549.0,1.0,0.0
VP-V024-202501,V024,BalticTech UAB,2025-01-01,12,new_proving,0.966,1.0,0.921,8.5,2,2,2,1,0.412,61.1,227.0,0.0,1.0
VP-V001-202502,V001,Kovacs Precision GmbH,2025-02-01,13,declining,0.913,1.0,0.858,9.42,2,2,2,2,0.833,67.9,212.0,1.0,0.0
VP-V002-202502,V002,Tanaka Electrical KK,2025-02-01,13,stable,1.031,1.0,0.767,8.81,8,5,5,5,0.784,77.2,239.0,0.8,0.6
VP-V003-202502,V003,Patel Alloys Pvt Ltd,2025-02-01,13,improving,0.929,0.904,0.838,8.65,0,0,0,0,0.812,65.7,354.0,,
VP-V004-202502,V004,Strömberg Hydraulics AB,2025-02-01,13,stable,1.057,1.0,0.883,9.18,1,1,1,1,1.0,72.2,137.0,1.0,0.0
VP-V005-202502,V005,Cerro Negro Metals SA,2025-02-01,13,stable,0.857,0.838,0.856,7.36,0,0,0,0,0.75,82.6,304.0,,
VP-V006-202502,V006,Bright Spark Electronics Ltd,2025-02-01,13,stable,0.976,1.0,0.676,7.23,8,4,4,4,0.595,83.8,256.0,1.0,0.0
VP-V007-202502,V007,Nakamura Tooling Co.,2025-02-01,13,stable,1.051,1.0,0.835,9.07,2,2,2,2,0.667,80.5,306.0,0.5,3.0
VP-V008-202502,V008,Delta Composites Inc.,2025-02-01,13,stable,0.868,0.778,0.812,7.48,0,0,0,0,0.438,86.4,267.0,,
VP-V009-202502,V009,Fischer & Söhne KG,2025-02-01,13,stable,1.006,1.0,0.855,8.96,2,2,2,2,0.722,76.6,266.0,1.0,0.0
VP-V010-202502,V010,Adriatic Fastenings d.o.o.,2025-02-01,13,stable,0.892,1.0,0.773,7.17,2,2,2,2,1.0,78.5,489.0,0.5,3.0
VP-V011-202502,V011,Solaris Power Components,2025-02-01,13,stable,1.011,0.75,0.666,6.84,8,4,4,4,0.622,83.3,208.0,1.0,0.0
VP-V012-202502,V012,Indra Copper Works,2025-02-01,13,improving,0.899,0.958,0.825,8.66,0,0,0,0,0.688,72.6,230.0,,
VP-V013-202502,V013,Vantage Sensors GmbH,2025-02-01,13,stable,1.016,1.0,0.824,8.51,8,8,8,8,0.784,72.2,322.0,1.0,0.0
VP-V014-202502,V014,Coastal Alloys Pty Ltd,2025-02-01,13,stable,0.956,0.855,0.796,7.67,0,0,0,0,0.438,74.5,363.0,,
VP-V015-202502,V015,Nordic Steel AS,2025-02-01,13,stable,0.985,0.932,0.804,8.74,0,0,0,0,0.875,72.3,359.0,,
VP-V016-202502,V016,Precision Arc Systems,2025-02-01,13,stable,0.93,1.0,0.586,6.86,8,5,5,4,0.541,85.9,405.0,0.25,5.8
VP-V017-202502,V017,Türk Makina A.Ş.,2025-02-01,13,stable,0.857,0.804,0.81,7.37,2,2,2,0,0.429,84.5,294.0,,
VP-V018-202502,V018,Guangzhou Mech & Elec Co.,2025-02-01,13,collapse,1.022,1.0,0.43,4.81,8,3,3,2,0.351,84.9,476.0,1.0,0.0
VP-V019-202502,V019,Emerald Isle Castings Ltd,2025-02-01,13,stable,1.032,1.0,0.844,8.69,2,1,1,1,0.5,62.0,357.0,1.0,0.0
VP-V020-202502,V020,Rajasthan Rare Earths Ltd,2025-02-01,13,improving,0.905,0.876,0.842,8.46,0,0,0,0,0.562,63.5,116.0,,
VP-V021-202502,V021,Helios Micro Systems,2025-02-01,13,new_proving,0.979,1.0,0.889,7.96,8,8,8,6,0.703,60.2,339.0,0.833,0.7
VP-V022-202502,V022,Andean Precision SRL,2025-02-01,13,new_proving,0.871,0.855,0.812,7.57,2,2,2,0,0.062,76.4,356.0,,
VP-V023-202502,V023,Sahara Industrial FZE,2025-02-01,13,new_proving,0.89,0.838,0.766,6.58,0,0,0,0,0.25,81.6,353.0,,
VP-V024-202502,V024,BalticTech UAB,2025-02-01,13,new_proving,0.975,0.869,0.96,7.99,1,1,1,0,0.333,66.5,173.0,,
VP-V001-202503,V001,Kovacs Precision GmbH,2025-03-01,14,declining,0.919,1.0,0.773,8.96,3,3,3,3,0.833,75.8,262.0,0.667,0.3
VP-V002-202503,V002,Tanaka Electrical KK,2025-03-01,14,stable,1.044,1.0,0.849,8.74,6,4,4,4,0.775,80.9,74.0,1.0,0.0
VP-V003-202503,V003,Patel Alloys Pvt Ltd,2025-03-01,14,improving,0.937,1.0,0.869,8.46,1,1,1,1,0.833,61.5,420.0,1.0,0.0
VP-V004-202503,V004,Strömberg Hydraulics AB,2025-03-01,14,stable,1.036,1.0,0.905,9.47,3,3,3,3,1.0,66.1,430.0,1.0,0.0
VP-V005-202503,V005,Cerro Negro Metals SA,2025-03-01,14,stable,0.843,0.0,0.804,7.63,1,1,1,1,0.75,88.5,220.0,1.0,0.0
VP-V006-202503,V006,Bright Spark Electronics Ltd,2025-03-01,14,stable,0.982,1.0,0.701,7.0,6,4,4,4,0.6,85.2,483.0,0.5,3.2
VP-V007-202503,V007,Nakamura Tooling Co.,2025-03-01,14,stable,1.025,1.0,0.871,9.42,3,3,3,2,0.733,71.2,395.0,0.0,4.0
VP-V008-202503,V008,Delta Composites Inc.,2025-03-01,14,stable,0.863,1.0,0.814,7.48,1,1,1,1,0.583,81.6,378.0,0.0,6.0
VP-V009-202503,V009,Fischer & Söhne KG,2025-03-01,14,stable,1.023,1.0,0.885,8.86,3,3,3,3,0.778,67.1,291.0,0.667,1.3
VP-V010-202503,V010,Adriatic Fastenings d.o.o.,2025-03-01,14,stable,0.884,1.0,0.844,7.56,4,3,3,1,0.824,78.4,399.0,1.0,0.0
VP-V011-202503,V011,Solaris Power Components,2025-03-01,14,stable,0.979,0.667,0.678,6.74,6,3,3,3,0.625,84.4,474.0,0.667,2.3
VP-V012-202503,V012,Indra Copper Works,2025-03-01,14,improving,0.901,1.0,0.852,8.36,1,1,1,1,0.833,60.2,252.0,0.0,12.0
VP-V013-202503,V013,Vantage Sensors GmbH,2025-03-01,14,stable,1.015,0.8,0.812,8.75,6,5,5,5,0.825,76.2,44.0,1.0,0.0
VP-V014-202503,V014,Coastal Alloys Pty Ltd,2025-03-01,14,stable,0.943,0.887,0.774,7.88,1,1,1,0,0.5,80.2,204.0,,
VP-V015-202503,V015,Nordic Steel AS,2025-03-01,14,stable,1.0,1.0,0.822,9.11,1,1,1,1,0.917,65.3,239.0,1.0,0.0
VP-V016-202503,V016,Precision Arc Systems,2025-03-01,14,stable,0.909,0.75,0.64,6.64,6,5,5,4,0.575,92.6,368.0,0.75,1.5
VP-V017-202503,V017,Türk Makina A.Ş.,2025-03-01,14,stable,0.873,0.0,0.772,7.1,4,3,3,1,0.389,91.7,308.0,1.0,0.0
VP-V018-202503,V018,Guangzhou Mech & Elec Co.,2025-03-01,14,collapse,0.994,1.0,0.466,4.39,6,3,3,1,0.3,86.6,511.0,1.0,0.0
VP-V019-202503,V019,Emerald Isle Castings Ltd,2025-03-01,14,stable,1.018,1.0,0.845,8.9,4,3,3,2,0.474,76.4,279.0,1.0,0.0
VP-V020-202503,V020,Rajasthan Rare Earths Ltd,2025-03-01,14,improving,0.911,0.936,0.819,8.23,1,1,1,0,0.333,71.3,357.0,,
VP-V021-202503,V021,Helios Micro Systems,2025-03-01,14,new_proving,0.973,1.0,0.907,8.23,6,5,5,4,0.7,68.3,391.0,0.75,7.5
VP-V022-202503,V022,Andean Precision SRL,2025-03-01,14,new_proving,0.872,1.0,0.841,6.87,4,4,4,2,0.176,80.4,298.0,1.0,0.0
VP-V023-202503,V023,Sahara Industrial FZE,2025-03-01,14,new_proving,0.921,0.831,0.76,6.6,1,1,1,0,0.25,86.1,523.0,,
VP-V024-202503,V024,BalticTech UAB,2025-03-01,14,new_proving,0.975,1.0,0.907,7.99,4,4,4,3,0.438,66.1,479.0,0.667,0.7
VP-V001-202504,V001,Kovacs Precision GmbH,2025-04-01,15,declining,0.978,0.88,0.773,8.92,1,0,0,0,0.733,70.5,156.0,,
VP-V002-202504,V002,Tanaka Electrical KK,2025-04-01,15,stable,1.028,0.875,0.836,9.08,9,8,8,8,0.804,86.7,301.0,0.875,1.1
VP-V003-202504,V003,Patel Alloys Pvt Ltd,2025-04-01,15,improving,0.918,0.967,0.938,8.86,0,0,0,0,0.75,67.1,169.0,,
VP-V004-202504,V004,Strömberg Hydraulics AB,2025-04-01,15,stable,1.043,1.0,0.894,9.36,3,2,2,2,0.929,72.8,285.0,1.0,0.0
VP-V005-202504,V005,Cerro Negro Metals SA,2025-04-01,15,stable,0.832,0.8,0.906,7.58,0,0,0,0,0.75,84.1,399.0,,
VP-V006-202504,V006,Bright Spark Electronics Ltd,2025-04-01,15,stable,0.982,0.167,0.705,7.13,9,6,6,6,0.609,79.0,360.0,0.667,5.3
VP-V007-202504,V007,Nakamura Tooling Co.,2025-04-01,15,stable,1.035,1.0,0.826,9.44,3,2,2,2,0.8,71.8,428.0,1.0,0.0
VP-V008-202504,V008,Delta Composites Inc.,2025-04-01,15,stable,0.882,0.796,0.766,7.69,0,0,0,0,0.625,89.9,402.0,,
VP-V009-202504,V009,Fischer & Söhne KG,2025-04-01,15,stable,1.039,0.667,0.863,8.76,3,3,3,3,0.824,68.2,301.0,1.0,0.0
VP-V010-202504,V010,Adriatic Fastenings d.o.o.,2025-04-01,15,stable,0.853,1.0,0.777,7.42,3,3,3,2,0.75,84.4,142.0,0.5,2.5
VP-V011-202504,V011,Solaris Power Components,2025-04-01,15,stable,0.968,0.833,0.664,7.16,9,6,6,6,0.63,84.0,497.0,0.833,1.5
VP-V012-202504,V012,Indra Copper Works,2025-04-01,15,improving,0.897,0.962,0.967,8.79,0,0,0,0,0.875,63.6,447.0,,
VP-V013-202504,V013,Vantage Sensors GmbH,2025-04-01,15,stable,1.009,1.0,0.844,8.47,9,9,9,9,0.848,72.3,187.0,1.0,0.0
VP-V014-202504,V014,Coastal Alloys Pty Ltd,2025-04-01,15,stable,0.95,0.822,0.716,7.97,0,0,0,0,0.5,78.2,272.0,,
VP-V015-202504,V015,Nordic Steel AS,2025-04-01,15,stable,1.011,0.89,0.906,9.0,0,0,0,0,0.875,70.8,260.0,,
VP-V016-202504,V016,Precision Arc Systems,2025-04-01,15,stable,0.918,0.6,0.638,6.9,9,5,5,5,0.587,86.6,447.0,0.6,8.8
VP-V017-202504,V017,Türk Makina A.Ş.,2025-04-01,15,stable,0.858,0.5,0.843,7.31,3,3,3,2,0.389,83.5,363.0,1.0,0.0
VP-V018-202504,V018,Guangzhou Mech & Elec Co.,2025-04-01,15,collapse,1.003,1.0,0.408,4.67,9,6,6,4,0.326,91.6,462.0,0.5,3.0
VP-V019-202504,V019,Emerald Isle Castings Ltd,2025-04-01,15,stable,1.015,1.0,0.858,8.86,2,2,2,2,0.588,63.4,399.0,1.0,0.0
VP-V020-202504,V020,Rajasthan Rare Earths Ltd,2025-04-01,15,improving,0.906,0.861,0.903,8.07,0,0,0,0,0.25,63.8,431.0,,
VP-V021-202504,V021,Helios Micro Systems,2025-04-01,15,new_proving,0.979,1.0,0.876,8.13,9,7,7,4,0.674,62.5,222.0,1.0,0.0
VP-V022-202504,V022,Andean Precision SRL,2025-04-01,15,new_proving,0.84,1.0,0.769,7.13,3,3,3,2,0.294,72.7,676.0,1.0,0.0
VP-V023-202504,V023,Sahara Industrial FZE,2025-04-01,15,new_proving,0.914,0.817,0.815,6.68,0,0,0,0,0.375,82.6,512.0,,
VP-V024-202504,V024,BalticTech UAB,2025-04-01,15,new_proving,0.994,0.94,0.927,7.88,3,3,3,0,0.4,66.0,215.0,,
VP-V001-202505,V001,Kovacs Precision GmbH,2025-05-01,16,declining,0.955,1.0,0.743,9.13,3,3,3,3,0.8,81.8,168.0,1.0,0.0
VP-V002-202505,V002,Tanaka Electrical KK,2025-05-01,16,stable,1.044,0.8,0.82,9.17,7,5,5,5,0.792,74.5,173.0,0.8,5.8
VP-V003-202505,V003,Patel Alloys Pvt Ltd,2025-05-01,16,improving,0.906,1.0,0.846,8.24,2,2,2,2,0.833,59.1,440.0,0.5,15.0
VP-V004-202505,V004,Strömberg Hydraulics AB,2025-05-01,16,stable,1.057,1.0,0.898,9.46,4,1,1,1,0.733,70.7,379.0,1.0,0.0
VP-V005-202505,V005,Cerro Negro Metals SA,2025-05-01,16,stable,0.841,0.782,0.81,7.65,2,1,1,0,0.5,92.4,344.0,,
VP-V006-202505,V006,Bright Spark Electronics Ltd,2025-05-01,16,stable,0.972,0.75,0.747,7.45,7,4,4,4,0.604,82.2,366.0,1.0,0.0
VP-V007-202505,V007,Nakamura Tooling Co.,2025-05-01,16,stable,1.022,1.0,0.856,9.09,4,4,4,4,0.824,76.8,377.0,0.75,1.5
VP-V008-202505,V008,Delta Composites Inc.,2025-05-01,16,stable,0.879,1.0,0.832,7.32,2,2,2,1,0.667,90.7,450.0,1.0,0.0
VP-V009-202505,V009,Fischer & Söhne KG,2025-05-01,16,stable,1.018,1.0,0.963,9.11,4,3,3,3,0.778,68.5,122.0,1.0,0.0
VP-V010-202505,V010,Adriatic Fastenings d.o.o.,2025-05-01,16,stable,0.863,0.5,0.772,7.53,4,3,3,2,0.667,83.7,387.0,0.0,17.0
VP-V011-202505,V011,Solaris Power Components,2025-05-01,16,stable,1.008,1.0,0.706,7.26,7,1,1,1,0.583,79.3,456.0,1.0,0.0
VP-V012-202505,V012,Indra Copper Works,2025-05-01,16,improving,0.89,1.0,0.844,8.95,2,2,2,2,1.0,62.9,146.0,0.5,2.5
VP-V013-202505,V013,Vantage Sensors GmbH,2025-05-01,16,stable,0.986,0.857,0.806,8.8,7,7,7,7,0.896,81.5,255.0,0.857,4.0
VP-V014-202505,V014,Coastal Alloys Pty Ltd,2025-05-01,16,stable,0.966,1.0,0.774,7.59,2,2,2,2,0.667,74.4,254.0,1.0,0.0
VP-V015-202505,V015,Nordic Steel AS,2025-05-01,16,stable,0.995,1.0,0.863,8.96,2,1,1,1,0.833,76.4,300.0,1.0,0.0
VP-V016-202505,V016,Precision Arc Systems,2025-05-01,16,stable,0.926,0.75,0.668,6.91,7,4,4,4,0.604,89.7,353.0,1.0,0.0
VP-V017-202505,V017,Türk Makina A.Ş.,2025-05-01,16,stable,0.862,0.5,0.844,7.53,3,2,2,2,0.444,83.0,425.0,1.0,0.0
VP-V018-202505,V018,Guangzhou Mech & Elec Co.,2025-05-01,16,collapse,1.008,0.333,0.303,4.51,7,3,3,3,0.312,87.3,664.0,1.0,0.0
VP-V019-202505,V019,Emerald Isle Castings Ltd,2025-05-01,16,stable,1.021,1.0,0.807,8.73,4,4,4,3,0.667,65.8,252.0,0.667,0.3
VP-V020-202505,V020,Rajasthan Rare Earths Ltd,2025-05-01,16,improving,0.882,1.0,0.843,8.4,2,2,2,1,0.167,70.3,308.0,1.0,0.0
VP-V021-202505,V021,Helios Micro Systems,2025-05-01,16,new_proving,0.969,1.0,0.872,8.12,7,7,7,7,0.708,64.7,338.0,0.714,1.4
VP-V022-202505,V022,Andean Precision SRL,2025-05-01,16,new_proving,0.855,0.856,0.848,7.34,2,2,2,0,0.294,77.2,432.0,,
VP-V023-202505,V023,Sahara Industrial FZE,2025-05-01,16,new_proving,0.917,1.0,0.817,7.02,2,2,2,1,0.333,84.3,271.0,1.0,0.0
VP-V024-202505,V024,BalticTech UAB,2025-05-01,16,new_proving,0.952,0.5,0.922,8.03,4,3,3,2,0.438,62.8,401.0,0.5,11.0
VP-V001-202506,V001,Kovacs Precision GmbH,2025-06-01,17,declining,0.942,0.8,0.723,8.99,6,6,6,5,0.842,65.5,410.0,1.0,0.0
VP-V002-202506,V002,Tanaka Electrical KK,2025-06-01,17,stable,1.014,0.714,0.847,8.88,7,7,7,7,0.822,80.6,156.0,0.571,1.3
VP-V003-202506,V003,Patel Alloys Pvt Ltd,2025-06-01,17,improving,0.915,1.0,0.956,8.66,1,1,1,1,1.0,66.6,266.0,1.0,0.0
VP-V004-202506,V004,Strömberg Hydraulics AB,2025-06-01,17,stable,1.04,0.6,0.855,9.15,6,6,6,5,0.75,75.5,253.0,0.8,1.4
VP-V005-202506,V005,Cerro Negro Metals SA,2025-06-01,17,stable,0.858,0.817,0.888,7.03,1,1,1,0,0.333,80.2,422.0,,
VP-V006-202506,V006,Bright Spark Electronics Ltd,2025-06-01,17,stable,0.96,0.6,0.735,7.05,7,5,5,5,0.6,91.5,477.0,1.0,0.0
VP-V007-202506,V007,Nakamura Tooling Co.,2025-06-01,17,stable,1.055,0.833,0.822,9.16,6,6,6,6,0.857,71.9,201.0,1.0,0.0
VP-V008-202506,V008,Delta Composites Inc.,2025-06-01,17,stable,0.871,0.748,0.795,7.49,1,1,1,0,0.5,85.5,387.0,,
VP-V009-202506,V009,Fischer & Söhne KG,2025-06-01,17,stable,1.02,0.5,0.801,8.78,5,5,5,4,0.81,65.7,176.0,0.25,7.5
VP-V010-202506,V010,Adriatic Fastenings d.o.o.,2025-06-01,17,stable,0.876,0.667,0.848,7.58,6,5,5,3,0.609,86.0,332.0,1.0,0.0
VP-V011-202506,V011,Solaris Power Components,2025-06-01,17,stable,0.984,0.667,0.635,6.85,7,6,6,6,0.622,92.0,371.0,0.667,3.7
VP-V012-202506,V012,Indra Copper Works,2025-06-01,17,improving,0.862,1.0,0.88,8.73,1,1,1,1,1.0,66.2,383.0,0.0,2.0
VP-V013-202506,V013,Vantage Sensors GmbH,2025-06-01,17,stable,1.006,1.0,0.824,8.35,7,5,5,5,0.889,70.4,277.0,0.8,1.4
VP-V014-202506,V014,Coastal Alloys Pty Ltd,2025-06-01,17,stable,0.942,1.0,0.792,7.94,1,1,1,1,0.667,73.9,365.0,0.0,6.0
VP-V015-202506,V015,Nordic Steel AS,2025-06-01,17,stable,0.995,1.0,0.911,8.9,1,1,1,1,0.833,71.2,349.0,1.0,0.0
VP-V016-202506,V016,Precision Arc Systems,2025-06-01,17,stable,0.935,0.667,0.678,6.91,7,3,3,3,0.556,83.7,406.0,0.667,2.0
VP-V017-202506,V017,Türk Makina A.Ş.,2025-06-01,17,stable,0.858,0.333,0.838,7.64,4,4,4,3,0.5,81.5,379.0,1.0,0.0
VP-V018-202506,V018,Guangzhou Mech & Elec Co.,2025-06-01,17,collapse,1.012,0.0,0.205,4.59,7,1,1,1,0.244,89.4,502.0,0.0,6.0
VP-V019-202506,V019,Emerald Isle Castings Ltd,2025-06-01,17,stable,1.023,1.0,0.832,8.56,5,5,5,3,0.667,71.7,182.0,0.667,1.3
VP-V020-202506,V020,Rajasthan Rare Earths Ltd,2025-06-01,17,improving,0.875,1.0,0.842,8.39,1,1,1,1,0.333,66.5,307.0,1.0,0.0
VP-V021-202506,V021,Helios Micro Systems,2025-06-01,17,new_proving,0.962,1.0,0.932,8.0,7,6,6,5,0.733,61.8,245.0,0.6,1.6
VP-V022-202506,V022,Andean Precision SRL,2025-06-01,17,new_proving,0.855,1.0,0.85,7.11,4,3,3,1,0.263,74.5,471.0,1.0,0.0
VP-V023-202506,V023,Sahara Industrial FZE,2025-06-01,17,new_proving,0.887,0.785,0.81,6.83,1,0,0,0,0.333,76.4,416.0,,
VP-V024-202506,V024,BalticTech UAB,2025-06-01,17,new_proving,0.967,0.927,0.947,8.2,6,6,6,0,0.3,61.0,202.0,,
