week_start,commodity,unit,categories,price,base_price,shock_premium_pct,shock_flag
2024-01-01,Steel HR Coil,USD/MT,Mechanical Parts|Raw Materials,689.668,680.0,0.0,0
2024-01-08,Steel HR Coil,USD/MT,Mechanical Parts|Raw Materials,688.526,681.224,0.0,0
2024-01-15,Steel HR Coil,USD/MT,Mechanical Parts|Raw Materials,700.914,682.45,0.0,0
2024-01-22,Steel HR Coil,USD/MT,Mechanical Parts|Raw Materials,728.863,683.679,0.0,0
2024-01-29,Steel HR Coil,USD/MT,Mechanical Parts|Raw Materials,725.908,684.909,0.0,0
2024-02-05,Steel HR Coil,USD/MT,Mechanical Parts|Raw Materials,722.966,686.142,0.0,0
2024-02-12,Steel HR Coil,USD/MT,Mechanical Parts|Raw Materials,752.81,687.377,0.0,0
2024-02-19,Steel HR Coil,USD/MT,Mechanical Parts|Raw Materials,768.609,688.614,0.0,0
2024-02-26,Steel HR Coil,USD/MT,Mechanical Parts|Raw Materials,760.971,689.854,0.0,0
2024-03-04,Steel HR Coil,USD/MT,Mechanical Parts|Raw Materials,772.663,691.096,0.0,0
2024-03-11,Steel HR Coil,USD/MT,Mechanical Parts|Raw Materials,765.102,692.34,0.0,0
2024-03-18,Steel HR Coil,USD/MT,Mechanical Parts|Raw Materials,757.571,693.586,0.0,0
2024-03-25,Steel HR Coil,USD/MT,Mechanical Parts|Raw Materials,763.517,694.834,0.0,0
2024-04-01,Steel HR Coil,USD/MT,Mechanical Parts|Raw Materials,728.371,696.085,0.0,0
2024-04-08,Steel HR Coil,USD/MT,Mechanical Parts|Raw Materials,698.272,697.338,0.0,0
2024-04-15,Steel HR Coil,USD/MT,Mechanical Parts|Raw Materials,689.714,698.593,0.0,0
2024-04-22,Steel HR Coil,USD/MT,Mechanical Parts|Raw Materials,673.491,699.851,0.0,0
2024-04-29,Steel HR Coil,USD/MT,Mechanical Parts|Raw Materials,679.994,701.11,0.0,0
2024-05-06,Steel HR Coil,USD/MT,Mechanical Parts|Raw Materials,665.782,702.372,0.0,0
2024-05-13,Steel HR Coil,USD/MT,Mechanical Parts|Raw Materials,688.516,703.637,7.0,1
2024-05-20,Steel HR Coil,USD/MT,Mechanical Parts|Raw Materials,712.06,704.903,6.56,1
2024-05-27,Steel HR Coil,USD/MT,Mechanical Parts|Raw Materials,706.411,706.172,6.13,1
2024-06-03,Steel HR Coil,USD/MT,Mechanical Parts|Raw Materials,705.952,707.443,5.69,1
2024-06-10,Steel HR Coil,USD/MT,Mechanical Parts|Raw Materials,679.255,708.716,5.25,1
2024-06-17,Steel HR Coil,USD/MT,Mechanical Parts|Raw Materials,668.443,709.992,4.81,1
2024-06-24,Steel HR Coil,USD/MT,Mechanical Parts|Raw Materials,668.697,711.27,4.37,1
2024-07-01,Steel HR Coil,USD/MT,Mechanical Parts|Raw Materials,647.931,712.55,3.94,1
2024-07-08,Steel HR Coil,USD/MT,Mechanical Parts|Raw Materials,683.944,713.833,8.5,1
2024-07-15,Steel HR Coil,USD/MT,Mechanical Parts|Raw Materials,670.239,715.118,7.75,1
2024-07-22,Steel HR Coil,USD/MT,Mechanical Parts|Raw Materials,661.919,716.405,7.0,1
2024-07-29,Steel HR Coil,USD/MT,Mechanical Parts|Raw Materials,648.575,717.695,6.25,1
2024-08-05,Steel HR Coil,USD/MT,Mechanical Parts|Raw Materials,674.977,718.987,5.5,1
2024-08-12,Steel HR Coil,USD/MT,Mechanical Parts|Raw Materials,671.159,720.281,4.75,1
2024-08-19,Steel HR Coil,USD/MT,Mechanical Parts|Raw Materials,649.933,721.577,4.0,1
2024-08-26,Steel HR Coil,USD/MT,Mechanical Parts|Raw Materials,659.676,722.876,3.25,1
2024-09-02,Steel HR Coil,USD/MT,Mechanical Parts|Raw Materials,710.542,724.177,14.5,1
2024-09-09,Steel HR Coil,USD/MT,Mechanical Parts|Raw Materials,708.892,725.481,13.44,1
2024-09-16,Steel HR Coil,USD/MT,Mechanical Parts|Raw Materials,669.112,726.787,12.38,1
2024-09-23,Steel HR Coil,USD/MT,Mechanical Parts|Raw Materials,641.971,728.095,11.31,1
2024-09-30,Steel HR Coil,USD/MT,Mechanical Parts|Raw Materials,640.117,729.405,10.25,1
2024-10-07,Steel HR Coil,USD/MT,Mechanical Parts|Raw Materials,646.793,730.718,9.19,1
2024-10-14,Steel HR Coil,USD/MT,Mechanical Parts|Raw Materials,680.154,732.034,14.13,1
2024-10-21,Steel HR Coil,USD/MT,Mechanical Parts|Raw Materials,670.854,733.351,12.69,1
2024-10-28,Steel HR Coil,USD/MT,Mechanical Parts|Raw Materials,658.503,734.671,11.25,1
2024-11-04,Steel HR Coil,USD/MT,Mechanical Parts|Raw Materials,628.923,735.994,10.13,1
2024-11-11,Steel HR Coil,USD/MT,Mechanical Parts|Raw Materials,612.416,737.319,9.0,1
2024-11-18,Steel HR Coil,USD/MT,Mechanical Parts|Raw Materials,600.207,738.646,7.88,1
2024-11-25,Steel HR Coil,USD/MT,Mechanical Parts|Raw Materials,610.713,739.975,6.75,1
2024-12-02,Steel HR Coil,USD/MT,Mechanical Parts|Raw Materials,610.556,741.307,5.62,1
2024-12-09,Steel HR Coil,USD/MT,Mechanical Parts|Raw Materials,578.516,742.642,4.5,1
2024-12-16,Steel HR Coil,USD/MT,Mechanical Parts|Raw Materials,577.955,743.978,3.38,1
2024-12-23,Steel HR Coil,USD/MT,Mechanical Parts|Raw Materials,567.19,745.317,2.25,0
2024-12-30,Steel HR Coil,USD/MT,Mechanical Parts|Raw Materials,556.564,746.659,1.88,0
2025-01-06,Steel HR Coil,USD/MT,Mechanical Parts|Raw Materials,563.993,748.003,1.5,0
2025-01-13,Steel HR Coil,USD/MT,Mechanical Parts|Raw Materials,617.373,749.349,8.13,1
2025-01-20,Steel HR Coil,USD/MT,Mechanical Parts|Raw Materials,628.102,750.698,7.31,1
2025-01-27,Steel HR Coil,USD/MT,Mechanical Parts|Raw Materials,611.39,752.05,6.5,1
2025-02-03,Steel HR Coil,USD/MT,Mechanical Parts|Raw Materials,603.128,753.403,5.69,1
2025-02-10,Steel HR Coil,USD/MT,Mechanical Parts|Raw Materials,606.687,754.759,5.25,1
2025-02-17,Steel HR Coil,USD/MT,Mechanical Parts|Raw Materials,619.987,756.118,4.81,1
2025-02-24,Steel HR Coil,USD/MT,Mechanical Parts|Raw Materials,611.114,757.479,4.37,1
2025-03-03,Steel HR Coil,USD/MT,Mechanical Parts|Raw Materials,606.824,758.842,3.94,1
2025-03-10,Steel HR Coil,USD/MT,Mechanical Parts|Raw Materials,588.644,760.208,3.5,1
2025-03-17,Steel HR Coil,USD/MT,Mechanical Parts|Raw Materials,569.682,761.577,3.06,1
2025-03-24,Steel HR Coil,USD/MT,Mechanical Parts|Raw Materials,579.807,762.948,2.63,0
2025-03-31,Steel HR Coil,USD/MT,Mechanical Parts|Raw Materials,597.95,764.321,2.19,0
2025-04-07,Steel HR Coil,USD/MT,Mechanical Parts|Raw Materials,595.39,765.697,1.75,0
2025-04-14,Steel HR Coil,USD/MT,Mechanical Parts|Raw Materials,584.735,767.075,-2.69,0
2025-04-21,Steel HR Coil,USD/MT,Mechanical Parts|Raw Materials,589.935,768.456,-2.87,0
2025-04-28,Steel HR Coil,USD/MT,Mechanical Parts|Raw Materials,580.36,769.839,-3.06,0
2025-05-05,Steel HR Coil,USD/MT,Mechanical Parts|Raw Materials,567.358,771.225,-6.25,0
2025-05-12,Steel HR Coil,USD/MT,Mechanical Parts|Raw Materials,592.949,772.613,-5.81,0
2025-05-19,Steel HR Coil,USD/MT,Mechanical Parts|Raw Materials,596.242,774.003,-5.37,0
2025-05-26,Steel HR Coil,USD/MT,Mechanical Parts|Raw Materials,623.507,775.397,-4.94,0
2025-06-02,Steel HR Coil,USD/MT,Mechanical Parts|Raw Materials,586.48,776.792,-4.5,0
2025-06-09,Steel HR Coil,USD/MT,Mechanical Parts|Raw Materials,602.333,778.191,-4.06,0
2025-06-16,Steel HR Coil,USD/MT,Mechanical Parts|Raw Materials,575.969,779.591,-8.63,0
2025-06-23,Steel HR Coil,USD/MT,Mechanical Parts|Raw Materials,577.401,780.995,-7.87,0
2025-06-30,Steel HR Coil,USD/MT,Mechanical Parts|Raw Materials,584.485,782.4,-7.12,0
2024-01-01,Aluminium 6061,USD/MT,Mechanical Parts|Raw Materials,2355.549,2450.0,0.0,0
2024-01-08,Aluminium 6061,USD/MT,Mechanical Parts|Raw Materials,2348.027,2452.94,0.0,0
2024-01-15,Aluminium 6061,USD/MT,Mechanical Parts|Raw Materials,2367.615,2455.884,0.0,0
2024-01-22,Aluminium 6061,USD/MT,Mechanical Parts|Raw Materials,2440.437,2458.831,0.0,0
2024-01-29,Aluminium 6061,USD/MT,Mechanical Parts|Raw Materials,2418.07,2461.781,0.0,0
2024-02-05,Aluminium 6061,USD/MT,Mechanical Parts|Raw Materials,2381.872,2464.735,0.0,0
2024-02-12,Aluminium 6061,USD/MT,Mechanical Parts|Raw Materials,2360.827,2467.693,0.0,0
2024-02-19,Aluminium 6061,USD/MT,Mechanical Parts|Raw Materials,2406.883,2470.654,0.0,0
2024-02-26,Aluminium 6061,USD/MT,Mechanical Parts|Raw Materials,2425.596,2473.619,0.0,0
2024-03-04,Aluminium 6061,USD/MT,Mechanical Parts|Raw Materials,2402.807,2476.587,0.0,0
2024-03-11,Aluminium 6061,USD/MT,Mechanical Parts|Raw Materials,2430.356,2479.559,0.0,0
2024-03-18,Aluminium 6061,USD/MT,Mechanical Parts|Raw Materials,2437.991,2482.535,0.0,0
2024-03-25,Aluminium 6061,USD/MT,Mechanical Parts|Raw Materials,2488.148,2485.514,0.0,0
2024-04-01,Aluminium 6061,USD/MT,Mechanical Parts|Raw Materials,2456.197,2488.496,0.0,0
2024-04-08,Aluminium 6061,USD/MT,Mechanical Parts|Raw Materials,2443.049,2491.483,0.0,0
2024-04-15,Aluminium 6061,USD/MT,Mechanical Parts|Raw Materials,2426.822,2494.472,0.0,0
2024-04-22,Aluminium 6061,USD/MT,Mechanical Parts|Raw Materials,2358.7,2497.466,0.0,0
2024-04-29,Aluminium 6061,USD/MT,Mechanical Parts|Raw Materials,2375.5,2500.463,0.0,0
2024-05-06,Aluminium 6061,USD/MT,Mechanical Parts|Raw Materials,2390.753,2503.463,0.0,0
2024-05-13,Aluminium 6061,USD/MT,Mechanical Parts|Raw Materials,2561.437,2506.467,7.0,1
2024-05-20,Aluminium 6061,USD/MT,Mechanical Parts|Raw Materials,2542.057,2509.475,6.56,1
2024-05-27,Aluminium 6061,USD/MT,Mechanical Parts|Raw Materials,2462.994,2512.487,6.13,1
2024-06-03,Aluminium 6061,USD/MT,Mechanical Parts|Raw Materials,2435.149,2515.502,5.69,1
2024-06-10,Aluminium 6061,USD/MT,Mechanical Parts|Raw Materials,2411.356,2518.52,5.25,1
2024-06-17,Aluminium 6061,USD/MT,Mechanical Parts|Raw Materials,2365.683,2521.542,4.81,1
2024-06-24,Aluminium 6061,USD/MT,Mechanical Parts|Raw Materials,2351.037,2524.568,4.37,1
2024-07-01,Aluminium 6061,USD/MT,Mechanical Parts|Raw Materials,2362.911,2527.598,3.94,1
2024-07-08,Aluminium 6061,USD/MT,Mechanical Parts|Raw Materials,2562.645,2530.631,8.5,1
2024-07-15,Aluminium 6061,USD/MT,Mechanical Parts|Raw Materials,2556.87,2533.668,7.75,1
2024-07-22,Aluminium 6061,USD/MT,Mechanical Parts|Raw Materials,2555.199,2536.708,7.0,1
2024-07-29,Aluminium 6061,USD/MT,Mechanical Parts|Raw Materials,2536.555,2539.752,6.25,1
2024-08-05,Aluminium 6061,USD/MT,Mechanical Parts|Raw Materials,2425.018,2542.8,5.5,1
2024-08-12,Aluminium 6061,USD/MT,Mechanical Parts|Raw Materials,2409.392,2545.851,4.75,1
2024-08-19,Aluminium 6061,USD/MT,Mechanical Parts|Raw Materials,2397.893,2548.906,4.0,1
2024-08-26,Aluminium 6061,USD/MT,Mechanical Parts|Raw Materials,2500.737,2551.965,3.25,1
2024-09-02,Aluminium 6061,USD/MT,Mechanical Parts|Raw Materials,2765.873,2555.027,14.5,1
2024-09-09,Aluminium 6061,USD/MT,Mechanical Parts|Raw Materials,2760.021,2558.093,13.44,1
2024-09-16,Aluminium 6061,USD/MT,Mechanical Parts|Raw Materials,2735.553,2561.163,12.38,1
2024-09-23,Aluminium 6061,USD/MT,Mechanical Parts|Raw Materials,2649.605,2564.236,11.31,1
2024-09-30,Aluminium 6061,USD/MT,Mechanical Parts|Raw Materials,2687.445,2567.313,10.25,1
2024-10-07,Aluminium 6061,USD/MT,Mechanical Parts|Raw Materials,2704.766,2570.394,9.19,1
2024-10-14,Aluminium 6061,USD/MT,Mechanical Parts|Raw Materials,2875.195,2573.479,14.13,1
2024-10-21,Aluminium 6061,USD/MT,Mechanical Parts|Raw Materials,2790.752,2576.567,12.69,1
2024-10-28,Aluminium 6061,USD/MT,Mechanical Parts|Raw Materials,2835.756,2579.659,11.25,1
2024-11-04,Aluminium 6061,USD/MT,Mechanical Parts|Raw Materials,2731.746,2582.754,10.13,1
2024-11-11,Aluminium 6061,USD/MT,Mechanical Parts|Raw Materials,2738.819,2585.854,9.0,1
2024-11-18,Aluminium 6061,USD/MT,Mechanical Parts|Raw Materials,2832.551,2588.957,7.88,1
2024-11-25,Aluminium 6061,USD/MT,Mechanical Parts|Raw Materials,2750.845,2592.063,6.75,1
2024-12-02,Aluminium 6061,USD/MT,Mechanical Parts|Raw Materials,2694.294,2595.174,5.62,1
2024-12-09,Aluminium 6061,USD/MT,Mechanical Parts|Raw Materials,2674.108,2598.288,4.5,1
2024-12-16,Aluminium 6061,USD/MT,Mechanical Parts|Raw Materials,2621.858,2601.406,3.38,1
2024-12-23,Aluminium 6061,USD/MT,Mechanical Parts|Raw Materials,2516.009,2604.528,2.25,0
2024-12-30,Aluminium 6061,USD/MT,Mechanical Parts|Raw Materials,2513.227,2607.653,1.88,0
2025-01-06,Aluminium 6061,USD/MT,Mechanical Parts|Raw Materials,2453.781,2610.782,1.5,0
2025-01-13,Aluminium 6061,USD/MT,Mechanical Parts|Raw Materials,2641.837,2613.915,8.13,1
2025-01-20,Aluminium 6061,USD/MT,Mechanical Parts|Raw Materials,2576.918,2617.052,7.31,1
2025-01-27,Aluminium 6061,USD/MT,Mechanical Parts|Raw Materials,2639.752,2620.192,6.5,1
2025-02-03,Aluminium 6061,USD/MT,Mechanical Parts|Raw Materials,2581.72,2623.337,5.69,1
2025-02-10,Aluminium 6061,USD/MT,Mechanical Parts|Raw Materials,2557.558,2626.485,5.25,1
2025-02-17,Aluminium 6061,USD/MT,Mechanical Parts|Raw Materials,2591.422,2629.636,4.81,1
2025-02-24,Aluminium 6061,USD/MT,Mechanical Parts|Raw Materials,2520.174,2632.792,4.37,1
2025-03-03,Aluminium 6061,USD/MT,Mechanical Parts|Raw Materials,2524.039,2635.951,3.94,1
2025-03-10,Aluminium 6061,USD/MT,Mechanical Parts|Raw Materials,2582.139,2639.114,3.5,1
2025-03-17,Aluminium 6061,USD/MT,Mechanical Parts|Raw Materials,2491.645,2642.281,3.06,1
2025-03-24,Aluminium 6061,USD/MT,Mechanical Parts|Raw Materials,2493.207,2645.452,2.63,0
2025-03-31,Aluminium 6061,USD/MT,Mechanical Parts|Raw Materials,2498.461,2648.627,2.19,0
2025-04-07,Aluminium 6061,USD/MT,Mechanical Parts|Raw Materials,2529.65,2651.805,1.75,0
2025-04-14,Aluminium 6061,USD/MT,Mechanical Parts|Raw Materials,2362.378,2654.987,-2.69,0
2025-04-21,Aluminium 6061,USD/MT,Mechanical Parts|Raw Materials,2298.388,2658.173,-2.87,0
2025-04-28,Aluminium 6061,USD/MT,Mechanical Parts|Raw Materials,2320.65,2661.363,-3.06,0
2025-05-05,Aluminium 6061,USD/MT,Mechanical Parts|Raw Materials,2260.366,2664.557,-6.25,0
2025-05-12,Aluminium 6061,USD/MT,Mechanical Parts|Raw Materials,2285.016,2667.754,-5.81,0
2025-05-19,Aluminium 6061,USD/MT,Mechanical Parts|Raw Materials,2314.291,2670.955,-5.37,0
2025-05-26,Aluminium 6061,USD/MT,Mechanical Parts|Raw Materials,2296.161,2674.161,-4.94,0
2025-06-02,Aluminium 6061,USD/MT,Mechanical Parts|Raw Materials,2320.211,2677.37,-4.5,0
2025-06-09,Aluminium 6061,USD/MT,Mechanical Parts|Raw Materials,2347.299,2680.582,-4.06,0
2025-06-16,Aluminium 6061,USD/MT,Mechanical Parts|Raw Materials,2206.411,2683.799,-8.63,0
2025-06-23,Aluminium 6061,USD/MT,Mechanical Parts|Raw Materials,2310.199,2687.02,-7.87,0
2025-06-30,Aluminium 6061,USD/MT,Mechanical Parts|Raw Materials,2353.873,2690.244,-7.12,0
2024-01-01,Copper Wire Rod,USD/MT,Electrical Components|Raw Materials,8599.722,8900.0,0.0,0
2024-01-08,Copper Wire Rod,USD/MT,Electrical Components|Raw Materials,8786.307,8917.8,0.0,0
2024-01-15,Copper Wire Rod,USD/MT,Electrical Components|Raw Materials,8546.964,8935.636,0.0,0
2024-01-22,Copper Wire Rod,USD/MT,Electrical Components|Raw Materials,8765.873,8953.507,0.0,0
2024-01-29,Copper Wire Rod,USD/MT,Electrical Components|Raw Materials,9088.088,8971.414,0.0,0
2024-02-05,Copper Wire Rod,USD/MT,Electrical Components|Raw Materials,8882.511,8989.357,0.0,0
2024-02-12,Copper Wire Rod,USD/MT,Electrical Components|Raw Materials,9156.992,9007.335,0.0,0
2024-02-19,Copper Wire Rod,USD/MT,Electrical Components|Raw Materials,9288.701,9025.35,0.0,0
2024-02-26,Copper Wire Rod,USD/MT,Electrical Components|Raw Materials,9536.355,9043.401,0.0,0
2024-03-04,Copper Wire Rod,USD/MT,Electrical Components|Raw Materials,10098.082,9061.488,0.0,0
2024-03-11,Copper Wire Rod,USD/MT,Electrical Components|Raw Materials,10043.94,9079.611,0.0,0
2024-03-18,Copper Wire Rod,USD/MT,Electrical Components|Raw Materials,9836.913,9097.77,0.0,0
2024-03-25,Copper Wire Rod,USD/MT,Electrical Components|Raw Materials,9594.085,9115.965,0.0,0
2024-04-01,Copper Wire Rod,USD/MT,Electrical Components|Raw Materials,10222.526,9134.197,9.0,1
2024-04-08,Copper Wire Rod,USD/MT,Electrical Components|Raw Materials,10166.589,9152.466,8.44,1
2024-04-15,Copper Wire Rod,USD/MT,Electrical Components|Raw Materials,10237.59,9170.771,7.88,1
2024-04-22,Copper Wire Rod,USD/MT,Electrical Components|Raw Materials,10289.112,9189.112,7.31,1
2024-04-29,Copper Wire Rod,USD/MT,Electrical Components|Raw Materials,10509.641,9207.49,6.75,1
2024-05-06,Copper Wire Rod,USD/MT,Electrical Components|Raw Materials,10479.249,9225.905,6.19,1
2024-05-13,Copper Wire Rod,USD/MT,Electrical Components|Raw Materials,11621.431,9244.357,12.62,1
2024-05-20,Copper Wire Rod,USD/MT,Electrical Components|Raw Materials,11449.83,9262.846,11.62,1
2024-05-27,Copper Wire Rod,USD/MT,Electrical Components|Raw Materials,12295.944,9281.372,10.62,1
2024-06-03,Copper Wire Rod,USD/MT,Electrical Components|Raw Materials,12437.872,9299.934,9.62,1
2024-06-10,Copper Wire Rod,USD/MT,Electrical Components|Raw Materials,12032.144,9318.534,8.62,1
2024-06-17,Copper Wire Rod,USD/MT,Electrical Components|Raw Materials,11562.223,9337.171,7.62,1
2024-06-24,Copper Wire Rod,USD/MT,Electrical Components|Raw Materials,11643.501,9355.846,6.62,1
2024-07-01,Copper Wire Rod,USD/MT,Electrical Components|Raw Materials,11480.045,9374.557,5.62,1
2024-07-08,Copper Wire Rod,USD/MT,Electrical Components|Raw Materials,12193.836,9393.306,9.62,1
2024-07-15,Copper Wire Rod,USD/MT,Electrical Components|Raw Materials,12242.985,9412.093,8.31,1
2024-07-22,Copper Wire Rod,USD/MT,Electrical Components|Raw Materials,12092.392,9430.917,7.0,1
2024-07-29,Copper Wire Rod,USD/MT,Electrical Components|Raw Materials,11726.608,9449.779,6.25,1
2024-08-05,Copper Wire Rod,USD/MT,Electrical Components|Raw Materials,11137.96,9468.679,5.5,1
2024-08-12,Copper Wire Rod,USD/MT,Electrical Components|Raw Materials,10932.761,9487.616,4.75,1
2024-08-19,Copper Wire Rod,USD/MT,Electrical Components|Raw Materials,11155.065,9506.591,4.0,1
2024-08-26,Copper Wire Rod,USD/MT,Electrical Components|Raw Materials,11167.9,9525.604,3.25,1
2024-09-02,Copper Wire Rod,USD/MT,Electrical Components|Raw Materials,11946.666,9544.656,14.5,1
2024-09-09,Copper Wire Rod,USD/MT,Electrical Components|Raw Materials,11920.971,9563.745,13.44,1
2024-09-16,Copper Wire Rod,USD/MT,Electrical Components|Raw Materials,11969.443,9582.872,12.38,1
2024-09-23,Copper Wire Rod,USD/MT,Electrical Components|Raw Materials,11565.607,9602.038,11.31,1
2024-09-30,Copper Wire Rod,USD/MT,Electrical Components|Raw Materials,11530.95,9621.242,10.25,1
2024-10-07,Copper Wire Rod,USD/MT,Electrical Components|Raw Materials,11462.606,9640.485,9.19,1
2024-10-14,Copper Wire Rod,USD/MT,Electrical Components|Raw Materials,11594.095,9659.766,14.13,1
2024-10-21,Copper Wire Rod,USD/MT,Electrical Components|Raw Materials,11593.833,9679.085,12.69,1
2024-10-28,Copper Wire Rod,USD/MT,Electrical Components|Raw Materials,11661.389,9698.443,11.25,1
2024-11-04,Copper Wire Rod,USD/MT,Electrical Components|Raw Materials,11941.617,9717.84,10.13,1
2024-11-11,Copper Wire Rod,USD/MT,Electrical Components|Raw Materials,12216.931,9737.276,9.0,1
2024-11-18,Copper Wire Rod,USD/MT,Electrical Components|Raw Materials,11615.305,9756.75,7.88,1
2024-11-25,Copper Wire Rod,USD/MT,Electrical Components|Raw Materials,11193.775,9776.264,6.75,1
2024-12-02,Copper Wire Rod,USD/MT,Electrical Components|Raw Materials,11269.092,9795.816,5.62,1
2024-12-09,Copper Wire Rod,USD/MT,Electrical Components|Raw Materials,11343.211,9815.408,4.5,1
2024-12-16,Copper Wire Rod,USD/MT,Electrical Components|Raw Materials,11416.92,9835.039,3.38,1
2024-12-23,Copper Wire Rod,USD/MT,Electrical Components|Raw Materials,12620.487,9854.709,2.25,0
2024-12-30,Copper Wire Rod,USD/MT,Electrical Components|Raw Materials,12814.705,9874.418,1.88,0
2025-01-06,Copper Wire Rod,USD/MT,Electrical Components|Raw Materials,13228.02,9894.167,1.5,0
2025-01-13,Copper Wire Rod,USD/MT,Electrical Components|Raw Materials,14522.906,9913.956,8.13,1
2025-01-20,Copper Wire Rod,USD/MT,Electrical Components|Raw Materials,14724.272,9933.784,7.31,1
2025-01-27,Copper Wire Rod,USD/MT,Electrical Components|Raw Materials,14503.806,9953.651,6.5,1
2025-02-03,Copper Wire Rod,USD/MT,Electrical Components|Raw Materials,14749.66,9973.558,5.69,1
2025-02-10,Copper Wire Rod,USD/MT,Electrical Components|Raw Materials,14377.429,9993.505,5.25,1
2025-02-17,Copper Wire Rod,USD/MT,Electrical Components|Raw Materials,14244.58,10013.493,4.81,1
2025-02-24,Copper Wire Rod,USD/MT,Electrical Components|Raw Materials,14006.943,10033.519,4.37,1
2025-03-03,Copper Wire Rod,USD/MT,Electrical Components|Raw Materials,14010.388,10053.587,3.94,1
2025-03-10,Copper Wire Rod,USD/MT,Electrical Components|Raw Materials,17547.77,10073.694,21.5,1
2025-03-17,Copper Wire Rod,USD/MT,Electrical Components|Raw Materials,16386.399,10093.841,19.94,1
2025-03-24,Copper Wire Rod,USD/MT,Electrical Components|Raw Materials,16538.234,10114.029,18.38,1
2025-03-31,Copper Wire Rod,USD/MT,Electrical Components|Raw Materials,15562.994,10134.257,16.81,1
2025-04-07,Copper Wire Rod,USD/MT,Electrical Components|Raw Materials,15168.138,10154.525,15.25,1
2025-04-14,Copper Wire Rod,USD/MT,Electrical Components|Raw Materials,14936.53,10174.834,9.69,1
2025-04-21,Copper Wire Rod,USD/MT,Electrical Components|Raw Materials,14815.777,10195.184,8.38,1
2025-04-28,Copper Wire Rod,USD/MT,Electrical Components|Raw Materials,14192.392,10215.574,7.06,1
2025-05-05,Copper Wire Rod,USD/MT,Electrical Components|Raw Materials,13355.672,10236.006,2.75,0
2025-05-12,Copper Wire Rod,USD/MT,Electrical Components|Raw Materials,13563.315,10256.478,2.06,0
2025-05-19,Copper Wire Rod,USD/MT,Electrical Components|Raw Materials,13203.711,10276.991,1.37,0
2025-05-26,Copper Wire Rod,USD/MT,Electrical Components|Raw Materials,13225.556,10297.545,0.69,0
2025-06-02,Copper Wire Rod,USD/MT,Electrical Components|Raw Materials,13179.479,10318.14,0.0,0
2025-06-09,Copper Wire Rod,USD/MT,Electrical Components|Raw Materials,12859.187,10338.776,-0.69,0
2025-06-16,Copper Wire Rod,USD/MT,Electrical Components|Raw Materials,12926.718,10359.453,-6.38,0
2025-06-23,Copper Wire Rod,USD/MT,Electrical Components|Raw Materials,13145.543,10380.172,-6.75,0
2025-06-30,Copper Wire Rod,USD/MT,Electrical Components|Raw Materials,12323.428,10400.933,-7.12,0
2024-01-01,Neodymium Magnets,USD/KG,Electrical Components,68.775,68.0,0.0,0
2024-01-08,Neodymium Magnets,USD/KG,Electrical Components,66.933,68.204,0.0,0
2024-01-15,Neodymium Magnets,USD/KG,Electrical Components,69.701,68.409,0.0,0
2024-01-22,Neodymium Magnets,USD/KG,Electrical Components,67.424,68.614,0.0,0
2024-01-29,Neodymium Magnets,USD/KG,Electrical Components,67.279,68.82,0.0,0
2024-02-05,Neodymium Magnets,USD/KG,Electrical Components,69.009,69.026,0.0,0
2024-02-12,Neodymium Magnets,USD/KG,Electrical Components,71.905,69.233,0.0,0
2024-02-19,Neodymium Magnets,USD/KG,Electrical Components,68.237,69.441,0.0,0
2024-02-26,Neodymium Magnets,USD/KG,Electrical Components,67.414,69.649,0.0,0
2024-03-04,Neodymium Magnets,USD/KG,Electrical Components,66.176,69.858,0.0,0
2024-03-11,Neodymium Magnets,USD/KG,Electrical Components,64.429,70.068,0.0,0
2024-03-18,Neodymium Magnets,USD/KG,Electrical Components,69.741,70.278,0.0,0
2024-03-25,Neodymium Magnets,USD/KG,Electrical Components,71.221,70.489,0.0,0
2024-04-01,Neodymium Magnets,USD/KG,Electrical Components,73.459,70.7,9.0,1
2024-04-08,Neodymium Magnets,USD/KG,Electrical Components,76.317,70.912,8.44,1
2024-04-15,Neodymium Magnets,USD/KG,Electrical Components,83.399,71.125,7.88,1
2024-04-22,Neodymium Magnets,USD/KG,Electrical Components,87.068,71.338,7.31,1
2024-04-29,Neodymium Magnets,USD/KG,Electrical Components,80.95,71.552,6.75,1
2024-05-06,Neodymium Magnets,USD/KG,Electrical Components,79.01,71.767,6.19,1
2024-05-13,Neodymium Magnets,USD/KG,Electrical Components,83.308,71.982,5.62,1
2024-05-20,Neodymium Magnets,USD/KG,Electrical Components,80.474,72.198,5.06,1
2024-05-27,Neodymium Magnets,USD/KG,Electrical Components,81.882,72.415,4.5,1
2024-06-03,Neodymium Magnets,USD/KG,Electrical Components,84.524,72.632,3.94,1
2024-06-10,Neodymium Magnets,USD/KG,Electrical Components,80.813,72.85,3.37,1
2024-06-17,Neodymium Magnets,USD/KG,Electrical Components,80.399,73.069,2.81,0
2024-06-24,Neodymium Magnets,USD/KG,Electrical Components,68.536,73.288,2.25,0
2024-07-01,Neodymium Magnets,USD/KG,Electrical Components,65.222,73.508,1.69,0
2024-07-08,Neodymium Magnets,USD/KG,Electrical Components,64.318,73.728,1.12,0
2024-07-15,Neodymium Magnets,USD/KG,Electrical Components,60.561,73.949,0.56,0
2024-07-22,Neodymium Magnets,USD/KG,Electrical Components,64.827,74.171,0.0,0
2024-07-29,Neodymium Magnets,USD/KG,Electrical Components,60.849,74.394,0.0,0
2024-08-05,Neodymium Magnets,USD/KG,Electrical Components,59.827,74.617,0.0,0
2024-08-12,Neodymium Magnets,USD/KG,Electrical Components,60.358,74.841,0.0,0
2024-08-19,Neodymium Magnets,USD/KG,Electrical Components,64.454,75.065,0.0,0
2024-08-26,Neodymium Magnets,USD/KG,Electrical Components,60.483,75.291,0.0,0
2024-09-02,Neodymium Magnets,USD/KG,Electrical Components,63.83,75.516,0.0,0
2024-09-09,Neodymium Magnets,USD/KG,Electrical Components,64.051,75.743,0.0,0
2024-09-16,Neodymium Magnets,USD/KG,Electrical Components,61.414,75.97,0.0,0
2024-09-23,Neodymium Magnets,USD/KG,Electrical Components,62.875,76.198,0.0,0
2024-09-30,Neodymium Magnets,USD/KG,Electrical Components,63.627,76.427,0.0,0
2024-10-07,Neodymium Magnets,USD/KG,Electrical Components,62.1,76.656,0.0,0
2024-10-14,Neodymium Magnets,USD/KG,Electrical Components,66.23,76.886,6.0,1
2024-10-21,Neodymium Magnets,USD/KG,Electrical Components,65.049,77.117,5.62,1
2024-10-28,Neodymium Magnets,USD/KG,Electrical Components,65.344,77.348,5.25,1
2024-11-04,Neodymium Magnets,USD/KG,Electrical Components,67.246,77.58,4.88,1
2024-11-11,Neodymium Magnets,USD/KG,Electrical Components,71.989,77.813,4.5,1
2024-11-18,Neodymium Magnets,USD/KG,Electrical Components,67.951,78.046,4.13,1
2024-11-25,Neodymium Magnets,USD/KG,Electrical Components,74.408,78.28,3.75,1
2024-12-02,Neodymium Magnets,USD/KG,Electrical Components,67.849,78.515,3.37,1
2024-12-09,Neodymium Magnets,USD/KG,Electrical Components,67.344,78.751,3.0,0
2024-12-16,Neodymium Magnets,USD/KG,Electrical Components,69.076,78.987,2.63,0
2024-12-23,Neodymium Magnets,USD/KG,Electrical Components,69.9,79.224,2.25,0
2024-12-30,Neodymium Magnets,USD/KG,Electrical Components,67.901,79.462,1.88,0
2025-01-06,Neodymium Magnets,USD/KG,Electrical Components,67.221,79.7,1.5,0
2025-01-13,Neodymium Magnets,USD/KG,Electrical Components,70.235,79.939,8.13,1
2025-01-20,Neodymium Magnets,USD/KG,Electrical Components,68.067,80.179,7.31,1
2025-01-27,Neodymium Magnets,USD/KG,Electrical Components,70.337,80.419,6.5,1
2025-02-03,Neodymium Magnets,USD/KG,Electrical Components,71.131,80.661,5.69,1
2025-02-10,Neodymium Magnets,USD/KG,Electrical Components,68.841,80.903,5.25,1
2025-02-17,Neodymium Magnets,USD/KG,Electrical Components,71.535,81.145,4.81,1
2025-02-24,Neodymium Magnets,USD/KG,Electrical Components,72.436,81.389,4.37,1
2025-03-03,Neodymium Magnets,USD/KG,Electrical Components,74.987,81.633,3.94,1
2025-03-10,Neodymium Magnets,USD/KG,Electrical Components,90.404,81.878,21.5,1
2025-03-17,Neodymium Magnets,USD/KG,Electrical Components,86.18,82.124,19.94,1
2025-03-24,Neodymium Magnets,USD/KG,Electrical Components,83.168,82.37,18.38,1
2025-03-31,Neodymium Magnets,USD/KG,Electrical Components,85.077,82.617,16.81,1
2025-04-07,Neodymium Magnets,USD/KG,Electrical Components,86.496,82.865,15.25,1
2025-04-14,Neodymium Magnets,USD/KG,Electrical Components,82.491,83.113,9.69,1
2025-04-21,Neodymium Magnets,USD/KG,Electrical Components,82.179,83.363,8.38,1
2025-04-28,Neodymium Magnets,USD/KG,Electrical Components,86.095,83.613,7.06,1
2025-05-05,Neodymium Magnets,USD/KG,Electrical Components,83.03,83.864,5.75,1
2025-05-12,Neodymium Magnets,USD/KG,Electrical Components,84.618,84.115,4.88,1
2025-05-19,Neodymium Magnets,USD/KG,Electrical Components,83.4,84.368,4.0,1
2025-05-26,Neodymium Magnets,USD/KG,Electrical Components,82.136,84.621,3.12,1
2025-06-02,Neodymium Magnets,USD/KG,Electrical Components,85.71,84.875,2.25,0
2025-06-09,Neodymium Magnets,USD/KG,Electrical Components,88.388,85.129,1.37,0
2025-06-16,Neodymium Magnets,USD/KG,Electrical Components,91.096,85.385,0.5,0
2025-06-23,Neodymium Magnets,USD/KG,Electrical Components,95.879,85.641,-0.38,0
2025-06-30,Neodymium Magnets,USD/KG,Electrical Components,95.412,85.898,-1.25,0
2024-01-01,Stainless 316L,USD/MT,Mechanical Parts|Raw Materials,3151.159,3100.0,0.0,0
2024-01-08,Stainless 316L,USD/MT,Mechanical Parts|Raw Materials,3134.377,3104.65,0.0,0
2024-01-15,Stainless 316L,USD/MT,Mechanical Parts|Raw Materials,3161.431,3109.307,0.0,0
2024-01-22,Stainless 316L,USD/MT,Mechanical Parts|Raw Materials,3157.122,3113.971,0.0,0
2024-01-29,Stainless 316L,USD/MT,Mechanical Parts|Raw Materials,3168.595,3118.642,0.0,0
2024-02-05,Stainless 316L,USD/MT,Mechanical Parts|Raw Materials,3214.835,3123.32,0.0,0
2024-02-12,Stainless 316L,USD/MT,Mechanical Parts|Raw Materials,3161.788,3128.005,0.0,0
2024-02-19,Stainless 316L,USD/MT,Mechanical Parts|Raw Materials,3312.076,3132.697,0.0,0
2024-02-26,Stainless 316L,USD/MT,Mechanical Parts|Raw Materials,3243.74,3137.396,0.0,0
2024-03-04,Stainless 316L,USD/MT,Mechanical Parts|Raw Materials,3161.958,3142.102,0.0,0
2024-03-11,Stainless 316L,USD/MT,Mechanical Parts|Raw Materials,3247.263,3146.815,0.0,0
2024-03-18,Stainless 316L,USD/MT,Mechanical Parts|Raw Materials,3308.69,3151.535,0.0,0
2024-03-25,Stainless 316L,USD/MT,Mechanical Parts|Raw Materials,3359.083,3156.263,0.0,0
2024-04-01,Stainless 316L,USD/MT,Mechanical Parts|Raw Materials,3410.556,3160.997,0.0,0
2024-04-08,Stainless 316L,USD/MT,Mechanical Parts|Raw Materials,3414.753,3165.739,0.0,0
2024-04-15,Stainless 316L,USD/MT,Mechanical Parts|Raw Materials,3352.47,3170.487,0.0,0
2024-04-22,Stainless 316L,USD/MT,Mechanical Parts|Raw Materials,3363.089,3175.243,0.0,0
2024-04-29,Stainless 316L,USD/MT,Mechanical Parts|Raw Materials,3318.032,3180.006,0.0,0
2024-05-06,Stainless 316L,USD/MT,Mechanical Parts|Raw Materials,3394.19,3184.776,0.0,0
2024-05-13,Stainless 316L,USD/MT,Mechanical Parts|Raw Materials,3625.481,3189.553,7.0,1
2024-05-20,Stainless 316L,USD/MT,Mechanical Parts|Raw Materials,3550.5,3194.337,6.56,1
2024-05-27,Stainless 316L,USD/MT,Mechanical Parts|Raw Materials,3516.226,3199.129,6.13,1
2024-06-03,Stainless 316L,USD/MT,Mechanical Parts|Raw Materials,3538.795,3203.927,5.69,1
2024-06-10,Stainless 316L,USD/MT,Mechanical Parts|Raw Materials,3485.726,3208.733,5.25,1
2024-06-17,Stainless 316L,USD/MT,Mechanical Parts|Raw Materials,3413.653,3213.546,4.81,1
2024-06-24,Stainless 316L,USD/MT,Mechanical Parts|Raw Materials,3422.727,3218.367,4.37,1
2024-07-01,Stainless 316L,USD/MT,Mechanical Parts|Raw Materials,3431.862,3223.194,3.94,1
2024-07-08,Stainless 316L,USD/MT,Mechanical Parts|Raw Materials,3547.928,3228.029,8.5,1
2024-07-15,Stainless 316L,USD/MT,Mechanical Parts|Raw Materials,3492.175,3232.871,7.75,1
2024-07-22,Stainless 316L,USD/MT,Mechanical Parts|Raw Materials,3490.774,3237.72,7.0,1
2024-07-29,Stainless 316L,USD/MT,Mechanical Parts|Raw Materials,3361.076,3242.577,6.25,1
2024-08-05,Stainless 316L,USD/MT,Mechanical Parts|Raw Materials,3239.018,3247.441,5.5,1
2024-08-12,Stainless 316L,USD/MT,Mechanical Parts|Raw Materials,3169.985,3252.312,4.75,1
2024-08-19,Stainless 316L,USD/MT,Mechanical Parts|Raw Materials,3137.23,3257.191,4.0,1
2024-08-26,Stainless 316L,USD/MT,Mechanical Parts|Raw Materials,3140.581,3262.076,3.25,1
2024-09-02,Stainless 316L,USD/MT,Mechanical Parts|Raw Materials,3601.043,3266.969,14.5,1
2024-09-09,Stainless 316L,USD/MT,Mechanical Parts|Raw Materials,3640.294,3271.87,13.44,1
2024-09-16,Stainless 316L,USD/MT,Mechanical Parts|Raw Materials,3598.918,3276.778,12.38,1
2024-09-23,Stainless 316L,USD/MT,Mechanical Parts|Raw Materials,3568.747,3281.693,11.31,1
2024-09-30,Stainless 316L,USD/MT,Mechanical Parts|Raw Materials,3462.025,3286.615,10.25,1
2024-10-07,Stainless 316L,USD/MT,Mechanical Parts|Raw Materials,3432.407,3291.545,9.19,1
2024-10-14,Stainless 316L,USD/MT,Mechanical Parts|Raw Materials,3570.22,3296.483,14.13,1
2024-10-21,Stainless 316L,USD/MT,Mechanical Parts|Raw Materials,3555.566,3301.427,12.69,1
2024-10-28,Stainless 316L,USD/MT,Mechanical Parts|Raw Materials,3451.593,3306.38,11.25,1
2024-11-04,Stainless 316L,USD/MT,Mechanical Parts|Raw Materials,3460.852,3311.339,10.13,1
2024-11-11,Stainless 316L,USD/MT,Mechanical Parts|Raw Materials,3546.144,3316.306,9.0,1
2024-11-18,Stainless 316L,USD/MT,Mechanical Parts|Raw Materials,3506.41,3321.281,7.88,1
2024-11-25,Stainless 316L,USD/MT,Mechanical Parts|Raw Materials,3505.713,3326.262,6.75,1
2024-12-02,Stainless 316L,USD/MT,Mechanical Parts|Raw Materials,3526.638,3331.252,5.62,1
2024-12-09,Stainless 316L,USD/MT,Mechanical Parts|Raw Materials,3463.512,3336.249,4.5,1
2024-12-16,Stainless 316L,USD/MT,Mechanical Parts|Raw Materials,3448.256,3341.253,3.38,1
2024-12-23,Stainless 316L,USD/MT,Mechanical Parts|Raw Materials,3416.791,3346.265,2.25,0
2024-12-30,Stainless 316L,USD/MT,Mechanical Parts|Raw Materials,3416.681,3351.284,1.88,0
2025-01-06,Stainless 316L,USD/MT,Mechanical Parts|Raw Materials,3351.32,3356.311,1.5,0
2025-01-13,Stainless 316L,USD/MT,Mechanical Parts|Raw Materials,3577.344,3361.346,8.13,1
2025-01-20,Stainless 316L,USD/MT,Mechanical Parts|Raw Materials,3594.686,3366.388,7.31,1
2025-01-27,Stainless 316L,USD/MT,Mechanical Parts|Raw Materials,3686.713,3371.437,6.5,1
2025-02-03,Stainless 316L,USD/MT,Mechanical Parts|Raw Materials,3741.285,3376.495,5.69,1
2025-02-10,Stainless 316L,USD/MT,Mechanical Parts|Raw Materials,3907.878,3381.559,5.25,1
2025-02-17,Stainless 316L,USD/MT,Mechanical Parts|Raw Materials,3831.774,3386.632,4.81,1
2025-02-24,Stainless 316L,USD/MT,Mechanical Parts|Raw Materials,3894.732,3391.712,4.37,1
2025-03-03,Stainless 316L,USD/MT,Mechanical Parts|Raw Materials,3899.868,3396.799,3.94,1
2025-03-10,Stainless 316L,USD/MT,Mechanical Parts|Raw Materials,4076.366,3401.894,3.5,1
2025-03-17,Stainless 316L,USD/MT,Mechanical Parts|Raw Materials,3993.042,3406.997,3.06,1
2025-03-24,Stainless 316L,USD/MT,Mechanical Parts|Raw Materials,3908.601,3412.108,2.63,0
2025-03-31,Stainless 316L,USD/MT,Mechanical Parts|Raw Materials,3846.455,3417.226,2.19,0
2025-04-07,Stainless 316L,USD/MT,Mechanical Parts|Raw Materials,3656.773,3422.352,1.75,0
2025-04-14,Stainless 316L,USD/MT,Mechanical Parts|Raw Materials,3462.089,3427.485,-2.69,0
2025-04-21,Stainless 316L,USD/MT,Mechanical Parts|Raw Materials,3402.893,3432.626,-2.87,0
2025-04-28,Stainless 316L,USD/MT,Mechanical Parts|Raw Materials,3412.655,3437.775,-3.06,0
2025-05-05,Stainless 316L,USD/MT,Mechanical Parts|Raw Materials,3330.206,3442.932,-6.25,0
2025-05-12,Stainless 316L,USD/MT,Mechanical Parts|Raw Materials,3488.863,3448.096,-5.81,0
2025-05-19,Stainless 316L,USD/MT,Mechanical Parts|Raw Materials,3583.615,3453.269,-5.37,0
2025-05-26,Stainless 316L,USD/MT,Mechanical Parts|Raw Materials,3559.891,3458.448,-4.94,0
2025-06-02,Stainless 316L,USD/MT,Mechanical Parts|Raw Materials,3510.954,3463.636,-4.5,0
2025-06-09,Stainless 316L,USD/MT,Mechanical Parts|Raw Materials,3570.499,3468.832,-4.06,0
2025-06-16,Stainless 316L,USD/MT,Mechanical Parts|Raw Materials,3307.024,3474.035,-8.63,0
2025-06-23,Stainless 316L,USD/MT,Mechanical Parts|Raw Materials,3473.51,3479.246,-7.87,0
2025-06-30,Stainless 316L,USD/MT,Mechanical Parts|Raw Materials,3597.904,3484.465,-7.12,0
2024-01-01,HDPE Granules,USD/MT,Raw Materials,1141.438,1150.0,0.0,0
2024-01-08,HDPE Granules,USD/MT,Raw Materials,1107.382,1151.15,0.0,0
2024-01-15,HDPE Granules,USD/MT,Raw Materials,1135.476,1152.301,0.0,0
2024-01-22,HDPE Granules,USD/MT,Raw Materials,1134.27,1153.453,0.0,0
2024-01-29,HDPE Granules,USD/MT,Raw Materials,1160.677,1154.607,0.0,0
2024-02-05,HDPE Granules,USD/MT,Raw Materials,1128.526,1155.762,0.0,0
2024-02-12,HDPE Granules,USD/MT,Raw Materials,1117.479,1156.917,0.0,0
2024-02-19,HDPE Granules,USD/MT,Raw Materials,1118.702,1158.074,0.0,0
2024-02-26,HDPE Granules,USD/MT,Raw Materials,1120.767,1159.232,0.0,0
2024-03-04,HDPE Granules,USD/MT,Raw Materials,1112.808,1160.391,0.0,0
2024-03-11,HDPE Granules,USD/MT,Raw Materials,1126.397,1161.552,0.0,0
2024-03-18,HDPE Granules,USD/MT,Raw Materials,1105.877,1162.713,0.0,0
2024-03-25,HDPE Granules,USD/MT,Raw Materials,1104.149,1163.876,0.0,0
2024-04-01,HDPE Granules,USD/MT,Raw Materials,1107.644,1165.04,0.0,0
2024-04-08,HDPE Granules,USD/MT,Raw Materials,1119.008,1166.205,0.0,0
2024-04-15,HDPE Granules,USD/MT,Raw Materials,1134.461,1167.371,0.0,0
2024-04-22,HDPE Granules,USD/MT,Raw Materials,1112.63,1168.539,0.0,0
2024-04-29,HDPE Granules,USD/MT,Raw Materials,1083.018,1169.707,0.0,0
2024-05-06,HDPE Granules,USD/MT,Raw Materials,1109.009,1170.877,0.0,0
2024-05-13,HDPE Granules,USD/MT,Raw Materials,1194.924,1172.048,7.0,1
2024-05-20,HDPE Granules,USD/MT,Raw Materials,1175.195,1173.22,6.56,1
2024-05-27,HDPE Granules,USD/MT,Raw Materials,1204.218,1174.393,6.13,1
2024-06-03,HDPE Granules,USD/MT,Raw Materials,1202.95,1175.567,5.69,1
2024-06-10,HDPE Granules,USD/MT,Raw Materials,1224.598,1176.743,5.25,1
2024-06-17,HDPE Granules,USD/MT,Raw Materials,1222.209,1177.92,4.81,1
2024-06-24,HDPE Granules,USD/MT,Raw Materials,1263.472,1179.098,4.37,1
2024-07-01,HDPE Granules,USD/MT,Raw Materials,1299.187,1180.277,3.94,1
2024-07-08,HDPE Granules,USD/MT,Raw Materials,1351.496,1181.457,8.5,1
2024-07-15,HDPE Granules,USD/MT,Raw Materials,1366.968,1182.638,7.75,1
2024-07-22,HDPE Granules,USD/MT,Raw Materials,1374.579,1183.821,7.0,1
2024-07-29,HDPE Granules,USD/MT,Raw Materials,1399.935,1185.005,6.25,1
2024-08-05,HDPE Granules,USD/MT,Raw Materials,1367.3,1186.19,5.5,1
2024-08-12,HDPE Granules,USD/MT,Raw Materials,1375.702,1187.376,4.75,1
2024-08-19,HDPE Granules,USD/MT,Raw Materials,1393.24,1188.564,4.0,1
2024-08-26,HDPE Granules,USD/MT,Raw Materials,1340.788,1189.752,3.25,1
2024-09-02,HDPE Granules,USD/MT,Raw Materials,1456.697,1190.942,14.5,1
2024-09-09,HDPE Granules,USD/MT,Raw Materials,1391.649,1192.133,13.44,1
2024-09-16,HDPE Granules,USD/MT,Raw Materials,1373.307,1193.325,12.38,1
2024-09-23,HDPE Granules,USD/MT,Raw Materials,1379.253,1194.518,11.31,1
2024-09-30,HDPE Granules,USD/MT,Raw Materials,1404.396,1195.713,10.25,1
2024-10-07,HDPE Granules,USD/MT,Raw Materials,1394.107,1196.908,9.19,1
2024-10-14,HDPE Granules,USD/MT,Raw Materials,1501.323,1198.105,14.13,1
2024-10-21,HDPE Granules,USD/MT,Raw Materials,1447.069,1199.303,12.69,1
2024-10-28,HDPE Granules,USD/MT,Raw Materials,1386.236,1200.503,11.25,1
2024-11-04,HDPE Granules,USD/MT,Raw Materials,1372.218,1201.703,10.13,1
2024-11-11,HDPE Granules,USD/MT,Raw Materials,1368.947,1202.905,9.0,1
2024-11-18,HDPE Granules,USD/MT,Raw Materials,1355.376,1204.108,7.88,1
2024-11-25,HDPE Granules,USD/MT,Raw Materials,1292.669,1205.312,6.75,1
2024-12-02,HDPE Granules,USD/MT,Raw Materials,1278.274,1206.517,5.62,1
2024-12-09,HDPE Granules,USD/MT,Raw Materials,1236.229,1207.724,4.5,1
2024-12-16,HDPE Granules,USD/MT,Raw Materials,1238.884,1208.932,3.38,1
2024-12-23,HDPE Granules,USD/MT,Raw Materials,1234.713,1210.14,2.25,0
2024-12-30,HDPE Granules,USD/MT,Raw Materials,1210.603,1211.351,1.88,0
2025-01-06,HDPE Granules,USD/MT,Raw Materials,1196.197,1212.562,1.5,0
2025-01-13,HDPE Granules,USD/MT,Raw Materials,1170.247,1213.775,1.12,0
2025-01-20,HDPE Granules,USD/MT,Raw Materials,1165.758,1214.988,0.75,0
2025-01-27,HDPE Granules,USD/MT,Raw Materials,1182.548,1216.203,0.37,0
2025-02-03,HDPE Granules,USD/MT,Raw Materials,1158.404,1217.42,0.0,0
2025-02-10,HDPE Granules,USD/MT,Raw Materials,1170.073,1218.637,0.0,0
2025-02-17,HDPE Granules,USD/MT,Raw Materials,1160.075,1219.856,0.0,0
2025-02-24,HDPE Granules,USD/MT,Raw Materials,1144.679,1221.075,0.0,0
2025-03-03,HDPE Granules,USD/MT,Raw Materials,1143.618,1222.296,0.0,0
2025-03-10,HDPE Granules,USD/MT,Raw Materials,1123.451,1223.519,0.0,0
2025-03-17,HDPE Granules,USD/MT,Raw Materials,1113.379,1224.742,0.0,0
2025-03-24,HDPE Granules,USD/MT,Raw Materials,1090.486,1225.967,0.0,0
2025-03-31,HDPE Granules,USD/MT,Raw Materials,1130.141,1227.193,0.0,0
2025-04-07,HDPE Granules,USD/MT,Raw Materials,1131.989,1228.42,0.0,0
2025-04-14,HDPE Granules,USD/MT,Raw Materials,1074.109,1229.649,-4.0,0
2025-04-21,HDPE Granules,USD/MT,Raw Materials,1082.131,1230.878,-3.75,0
2025-04-28,HDPE Granules,USD/MT,Raw Materials,1083.833,1232.109,-3.5,0
2025-05-05,HDPE Granules,USD/MT,Raw Materials,1049.811,1233.341,-6.25,0
2025-05-12,HDPE Granules,USD/MT,Raw Materials,1067.425,1234.575,-5.81,0
2025-05-19,HDPE Granules,USD/MT,Raw Materials,1088.077,1235.809,-5.37,0
2025-05-26,HDPE Granules,USD/MT,Raw Materials,1083.763,1237.045,-4.94,0
2025-06-02,HDPE Granules,USD/MT,Raw Materials,1078.555,1238.282,-4.5,0
2025-06-09,HDPE Granules,USD/MT,Raw Materials,1079.215,1239.52,-4.06,0
2025-06-16,HDPE Granules,USD/MT,Raw Materials,986.329,1240.76,-8.63,0
2025-06-23,HDPE Granules,USD/MT,Raw Materials,968.297,1242.001,-7.87,0
2025-06-30,HDPE Granules,USD/MT,Raw Materials,1001.174,1243.243,-7.12,0
2024-01-01,Titanium Sponge,USD/KG,Mechanical Parts,12.191,11.5,0.0,0
2024-01-08,Titanium Sponge,USD/KG,Mechanical Parts,12.115,11.529,0.0,0
2024-01-15,Titanium Sponge,USD/KG,Mechanical Parts,12.39,11.558,0.0,0
2024-01-22,Titanium Sponge,USD/KG,Mechanical Parts,12.556,11.586,0.0,0
2024-01-29,Titanium Sponge,USD/KG,Mechanical Parts,13.94,11.615,0.0,0
2024-02-05,Titanium Sponge,USD/KG,Mechanical Parts,14.521,11.644,0.0,0
2024-02-12,Titanium Sponge,USD/KG,Mechanical Parts,14.493,11.674,0.0,0
2024-02-19,Titanium Sponge,USD/KG,Mechanical Parts,14.044,11.703,0.0,0
2024-02-26,Titanium Sponge,USD/KG,Mechanical Parts,13.29,11.732,0.0,0
2024-03-04,Titanium Sponge,USD/KG,Mechanical Parts,13.417,11.761,0.0,0
2024-03-11,Titanium Sponge,USD/KG,Mechanical Parts,13.096,11.791,0.0,0
2024-03-18,Titanium Sponge,USD/KG,Mechanical Parts,12.477,11.82,0.0,0
2024-03-25,Titanium Sponge,USD/KG,Mechanical Parts,12.225,11.85,0.0,0
2024-04-01,Titanium Sponge,USD/KG,Mechanical Parts,11.793,11.879,0.0,0
2024-04-08,Titanium Sponge,USD/KG,Mechanical Parts,12.519,11.909,0.0,0
2024-04-15,Titanium Sponge,USD/KG,Mechanical Parts,12.937,11.939,0.0,0
2024-04-22,Titanium Sponge,USD/KG,Mechanical Parts,12.965,11.969,0.0,0
2024-04-29,Titanium Sponge,USD/KG,Mechanical Parts,13.669,11.999,0.0,0
2024-05-06,Titanium Sponge,USD/KG,Mechanical Parts,13.741,12.029,0.0,0
2024-05-13,Titanium Sponge,USD/KG,Mechanical Parts,13.361,12.059,0.0,0
2024-05-20,Titanium Sponge,USD/KG,Mechanical Parts,14.106,12.089,0.0,0
2024-05-27,Titanium Sponge,USD/KG,Mechanical Parts,14.408,12.119,0.0,0
2024-06-03,Titanium Sponge,USD/KG,Mechanical Parts,13.921,12.149,0.0,0
2024-06-10,Titanium Sponge,USD/KG,Mechanical Parts,13.863,12.18,0.0,0
2024-06-17,Titanium Sponge,USD/KG,Mechanical Parts,13.473,12.21,0.0,0
2024-06-24,Titanium Sponge,USD/KG,Mechanical Parts,12.854,12.241,0.0,0
2024-07-01,Titanium Sponge,USD/KG,Mechanical Parts,13.303,12.271,0.0,0
2024-07-08,Titanium Sponge,USD/KG,Mechanical Parts,14.937,12.302,5.0,1
2024-07-15,Titanium Sponge,USD/KG,Mechanical Parts,14.2,12.333,4.69,1
2024-07-22,Titanium Sponge,USD/KG,Mechanical Parts,14.472,12.364,4.37,1
2024-07-29,Titanium Sponge,USD/KG,Mechanical Parts,14.137,12.395,4.06,1
2024-08-05,Titanium Sponge,USD/KG,Mechanical Parts,13.889,12.425,3.75,1
2024-08-12,Titanium Sponge,USD/KG,Mechanical Parts,13.595,12.457,3.44,1
2024-08-19,Titanium Sponge,USD/KG,Mechanical Parts,13.178,12.488,3.12,1
2024-08-26,Titanium Sponge,USD/KG,Mechanical Parts,13.193,12.519,2.81,0
2024-09-02,Titanium Sponge,USD/KG,Mechanical Parts,14.302,12.55,14.5,1
2024-09-09,Titanium Sponge,USD/KG,Mechanical Parts,14.339,12.582,13.44,1
2024-09-16,Titanium Sponge,USD/KG,Mechanical Parts,14.215,12.613,12.38,1
2024-09-23,Titanium Sponge,USD/KG,Mechanical Parts,13.998,12.645,11.31,1
2024-09-30,Titanium Sponge,USD/KG,Mechanical Parts,13.459,12.676,10.25,1
2024-10-07,Titanium Sponge,USD/KG,Mechanical Parts,13.093,12.708,9.19,1
2024-10-14,Titanium Sponge,USD/KG,Mechanical Parts,13.341,12.74,8.13,1
2024-10-21,Titanium Sponge,USD/KG,Mechanical Parts,13.475,12.771,7.06,1
2024-10-28,Titanium Sponge,USD/KG,Mechanical Parts,12.918,12.803,6.0,1
2024-11-04,Titanium Sponge,USD/KG,Mechanical Parts,12.903,12.835,5.25,1
2024-11-11,Titanium Sponge,USD/KG,Mechanical Parts,13.18,12.868,4.5,1
2024-11-18,Titanium Sponge,USD/KG,Mechanical Parts,12.354,12.9,3.75,1
2024-11-25,Titanium Sponge,USD/KG,Mechanical Parts,12.528,12.932,3.0,0
2024-12-02,Titanium Sponge,USD/KG,Mechanical Parts,12.18,12.964,2.25,0
2024-12-09,Titanium Sponge,USD/KG,Mechanical Parts,12.362,12.997,1.5,0
2024-12-16,Titanium Sponge,USD/KG,Mechanical Parts,11.974,13.029,0.75,0
2024-12-23,Titanium Sponge,USD/KG,Mechanical Parts,11.163,13.062,0.0,0
2024-12-30,Titanium Sponge,USD/KG,Mechanical Parts,10.555,13.094,0.0,0
2025-01-06,Titanium Sponge,USD/KG,Mechanical Parts,10.6,13.127,0.0,0
2025-01-13,Titanium Sponge,USD/KG,Mechanical Parts,11.473,13.16,7.0,1
2025-01-20,Titanium Sponge,USD/KG,Mechanical Parts,11.093,13.193,6.56,1
2025-01-27,Titanium Sponge,USD/KG,Mechanical Parts,11.322,13.226,6.13,1
2025-02-03,Titanium Sponge,USD/KG,Mechanical Parts,10.648,13.259,5.69,1
2025-02-10,Titanium Sponge,USD/KG,Mechanical Parts,10.606,13.292,5.25,1
2025-02-17,Titanium Sponge,USD/KG,Mechanical Parts,10.14,13.325,4.81,1
2025-02-24,Titanium Sponge,USD/KG,Mechanical Parts,9.893,13.359,4.37,1
2025-03-03,Titanium Sponge,USD/KG,Mechanical Parts,9.892,13.392,3.94,1
2025-03-10,Titanium Sponge,USD/KG,Mechanical Parts,9.579,13.425,3.5,1
2025-03-17,Titanium Sponge,USD/KG,Mechanical Parts,9.434,13.459,3.06,1
2025-03-24,Titanium Sponge,USD/KG,Mechanical Parts,9.748,13.493,2.63,0
2025-03-31,Titanium Sponge,USD/KG,Mechanical Parts,9.535,13.526,2.19,0
2025-04-07,Titanium Sponge,USD/KG,Mechanical Parts,9.795,13.56,1.75,0
2025-04-14,Titanium Sponge,USD/KG,Mechanical Parts,9.392,13.594,1.31,0
2025-04-21,Titanium Sponge,USD/KG,Mechanical Parts,9.548,13.628,0.88,0
2025-04-28,Titanium Sponge,USD/KG,Mechanical Parts,10.01,13.662,0.44,0
2025-05-05,Titanium Sponge,USD/KG,Mechanical Parts,9.129,13.696,0.0,0
2025-05-12,Titanium Sponge,USD/KG,Mechanical Parts,8.898,13.731,0.0,0
2025-05-19,Titanium Sponge,USD/KG,Mechanical Parts,9.099,13.765,0.0,0
2025-05-26,Titanium Sponge,USD/KG,Mechanical Parts,9.058,13.799,0.0,0
2025-06-02,Titanium Sponge,USD/KG,Mechanical Parts,9.198,13.834,0.0,0
2025-06-09,Titanium Sponge,USD/KG,Mechanical Parts,9.026,13.868,0.0,0
2025-06-16,Titanium Sponge,USD/KG,Mechanical Parts,9.076,13.903,0.0,0
2025-06-23,Titanium Sponge,USD/KG,Mechanical Parts,9.05,13.938,0.0,0
2025-06-30,Titanium Sponge,USD/KG,Mechanical Parts,9.442,13.973,0.0,0
2024-01-01,PCB FR4 Laminate,USD/SQM,Electrical Components,4.219,4.2,0.0,0
2024-01-08,PCB FR4 Laminate,USD/SQM,Electrical Components,4.244,4.203,0.0,0
2024-01-15,PCB FR4 Laminate,USD/SQM,Electrical Components,4.221,4.207,0.0,0
2024-01-22,PCB FR4 Laminate,USD/SQM,Electrical Components,4.194,4.21,0.0,0
2024-01-29,PCB FR4 Laminate,USD/SQM,Electrical Components,4.17,4.213,0.0,0
2024-02-05,PCB FR4 Laminate,USD/SQM,Electrical Components,4.198,4.217,0.0,0
2024-02-12,PCB FR4 Laminate,USD/SQM,Electrical Components,4.175,4.22,0.0,0
2024-02-19,PCB FR4 Laminate,USD/SQM,Electrical Components,4.196,4.224,0.0,0
2024-02-26,PCB FR4 Laminate,USD/SQM,Electrical Components,4.33,4.227,0.0,0
2024-03-04,PCB FR4 Laminate,USD/SQM,Electrical Components,4.39,4.23,0.0,0
2024-03-11,PCB FR4 Laminate,USD/SQM,Electrical Components,4.372,4.234,0.0,0
2024-03-18,PCB FR4 Laminate,USD/SQM,Electrical Components,4.455,4.237,0.0,0
2024-03-25,PCB FR4 Laminate,USD/SQM,Electrical Components,4.431,4.24,0.0,0
2024-04-01,PCB FR4 Laminate,USD/SQM,Electrical Components,4.686,4.244,9.0,1
2024-04-08,PCB FR4 Laminate,USD/SQM,Electrical Components,4.595,4.247,8.44,1
2024-04-15,PCB FR4 Laminate,USD/SQM,Electrical Components,4.447,4.251,7.88,1
2024-04-22,PCB FR4 Laminate,USD/SQM,Electrical Components,4.404,4.254,7.31,1
2024-04-29,PCB FR4 Laminate,USD/SQM,Electrical Components,4.385,4.257,6.75,1
2024-05-06,PCB FR4 Laminate,USD/SQM,Electrical Components,4.475,4.261,6.19,1
2024-05-13,PCB FR4 Laminate,USD/SQM,Electrical Components,4.477,4.264,5.62,1
2024-05-20,PCB FR4 Laminate,USD/SQM,Electrical Components,4.442,4.268,5.06,1
2024-05-27,PCB FR4 Laminate,USD/SQM,Electrical Components,4.477,4.271,4.5,1
2024-06-03,PCB FR4 Laminate,USD/SQM,Electrical Components,4.309,4.275,3.94,1
2024-06-10,PCB FR4 Laminate,USD/SQM,Electrical Components,4.304,4.278,3.37,1
2024-06-17,PCB FR4 Laminate,USD/SQM,Electrical Components,4.333,4.281,2.81,0
2024-06-24,PCB FR4 Laminate,USD/SQM,Electrical Components,4.217,4.285,2.25,0
2024-07-01,PCB FR4 Laminate,USD/SQM,Electrical Components,4.27,4.288,1.69,0
2024-07-08,PCB FR4 Laminate,USD/SQM,Electrical Components,4.271,4.292,1.12,0
2024-07-15,PCB FR4 Laminate,USD/SQM,Electrical Components,4.224,4.295,0.56,0
2024-07-22,PCB FR4 Laminate,USD/SQM,Electrical Components,4.244,4.299,0.0,0
2024-07-29,PCB FR4 Laminate,USD/SQM,Electrical Components,4.392,4.302,0.0,0
2024-08-05,PCB FR4 Laminate,USD/SQM,Electrical Components,4.407,4.305,0.0,0
2024-08-12,PCB FR4 Laminate,USD/SQM,Electrical Components,4.427,4.309,0.0,0
2024-08-19,PCB FR4 Laminate,USD/SQM,Electrical Components,4.4,4.312,0.0,0
2024-08-26,PCB FR4 Laminate,USD/SQM,Electrical Components,4.348,4.316,0.0,0
2024-09-02,PCB FR4 Laminate,USD/SQM,Electrical Components,4.405,4.319,0.0,0
2024-09-09,PCB FR4 Laminate,USD/SQM,Electrical Components,4.352,4.323,0.0,0
2024-09-16,PCB FR4 Laminate,USD/SQM,Electrical Components,4.36,4.326,0.0,0
2024-09-23,PCB FR4 Laminate,USD/SQM,Electrical Components,4.333,4.33,0.0,0
2024-09-30,PCB FR4 Laminate,USD/SQM,Electrical Components,4.367,4.333,0.0,0
2024-10-07,PCB FR4 Laminate,USD/SQM,Electrical Components,4.392,4.337,0.0,0
2024-10-14,PCB FR4 Laminate,USD/SQM,Electrical Components,4.732,4.34,6.0,1
2024-10-21,PCB FR4 Laminate,USD/SQM,Electrical Components,4.683,4.343,5.62,1
2024-10-28,PCB FR4 Laminate,USD/SQM,Electrical Components,4.651,4.347,5.25,1
2024-11-04,PCB FR4 Laminate,USD/SQM,Electrical Components,4.57,4.35,4.88,1
2024-11-11,PCB FR4 Laminate,USD/SQM,Electrical Components,4.527,4.354,4.5,1
2024-11-18,PCB FR4 Laminate,USD/SQM,Electrical Components,4.54,4.357,4.13,1
2024-11-25,PCB FR4 Laminate,USD/SQM,Electrical Components,4.579,4.361,3.75,1
2024-12-02,PCB FR4 Laminate,USD/SQM,Electrical Components,4.503,4.364,3.37,1
2024-12-09,PCB FR4 Laminate,USD/SQM,Electrical Components,4.549,4.368,3.0,0
2024-12-16,PCB FR4 Laminate,USD/SQM,Electrical Components,4.628,4.371,2.63,0
2024-12-23,PCB FR4 Laminate,USD/SQM,Electrical Components,4.643,4.375,2.25,0
2024-12-30,PCB FR4 Laminate,USD/SQM,Electrical Components,4.76,4.378,1.88,0
2025-01-06,PCB FR4 Laminate,USD/SQM,Electrical Components,4.691,4.382,1.5,0
2025-01-13,PCB FR4 Laminate,USD/SQM,Electrical Components,4.908,4.385,8.13,1
2025-01-20,PCB FR4 Laminate,USD/SQM,Electrical Components,4.745,4.389,7.31,1
2025-01-27,PCB FR4 Laminate,USD/SQM,Electrical Components,4.819,4.392,6.5,1
2025-02-03,PCB FR4 Laminate,USD/SQM,Electrical Components,4.833,4.396,5.69,1
2025-02-10,PCB FR4 Laminate,USD/SQM,Electrical Components,4.813,4.399,5.25,1
2025-02-17,PCB FR4 Laminate,USD/SQM,Electrical Components,4.817,4.403,4.81,1
2025-02-24,PCB FR4 Laminate,USD/SQM,Electrical Components,4.719,4.406,4.37,1
2025-03-03,PCB FR4 Laminate,USD/SQM,Electrical Components,4.876,4.41,3.94,1
2025-03-10,PCB FR4 Laminate,USD/SQM,Electrical Components,5.715,4.413,21.5,1
2025-03-17,PCB FR4 Laminate,USD/SQM,Electrical Components,5.656,4.417,19.94,1
2025-03-24,PCB FR4 Laminate,USD/SQM,Electrical Components,5.647,4.421,18.38,1
2025-03-31,PCB FR4 Laminate,USD/SQM,Electrical Components,5.617,4.424,16.81,1
2025-04-07,PCB FR4 Laminate,USD/SQM,Electrical Components,5.565,4.428,15.25,1
2025-04-14,PCB FR4 Laminate,USD/SQM,Electrical Components,5.238,4.431,9.69,1
2025-04-21,PCB FR4 Laminate,USD/SQM,Electrical Components,5.216,4.435,8.38,1
2025-04-28,PCB FR4 Laminate,USD/SQM,Electrical Components,5.303,4.438,7.06,1
2025-05-05,PCB FR4 Laminate,USD/SQM,Electrical Components,5.347,4.442,5.75,1
2025-05-12,PCB FR4 Laminate,USD/SQM,Electrical Components,5.434,4.445,4.88,1
2025-05-19,PCB FR4 Laminate,USD/SQM,Electrical Components,5.352,4.449,4.0,1
2025-05-26,PCB FR4 Laminate,USD/SQM,Electrical Components,5.232,4.452,3.12,1
2025-06-02,PCB FR4 Laminate,USD/SQM,Electrical Components,5.182,4.456,2.25,0
2025-06-09,PCB FR4 Laminate,USD/SQM,Electrical Components,5.146,4.46,1.37,0
2025-06-16,PCB FR4 Laminate,USD/SQM,Electrical Components,5.19,4.463,0.5,0
2025-06-23,PCB FR4 Laminate,USD/SQM,Electrical Components,5.018,4.467,-0.38,0
2025-06-30,PCB FR4 Laminate,USD/SQM,Electrical Components,5.092,4.47,-1.25,0
2024-01-01,Servo Motor 5kW,USD/unit,Electrical Components,1847.417,1850.0,0.0,0
2024-01-08,Servo Motor 5kW,USD/unit,Electrical Components,1838.877,1850.925,0.0,0
2024-01-15,Servo Motor 5kW,USD/unit,Electrical Components,1817.463,1851.85,0.0,0
2024-01-22,Servo Motor 5kW,USD/unit,Electrical Components,1782.28,1852.776,0.0,0
2024-01-29,Servo Motor 5kW,USD/unit,Electrical Components,1800.777,1853.703,0.0,0
2024-02-05,Servo Motor 5kW,USD/unit,Electrical Components,1803.262,1854.63,0.0,0
2024-02-12,Servo Motor 5kW,USD/unit,Electrical Components,1776.25,1855.557,0.0,0
2024-02-19,Servo Motor 5kW,USD/unit,Electrical Components,1749.533,1856.485,0.0,0
2024-02-26,Servo Motor 5kW,USD/unit,Electrical Components,1743.358,1857.413,0.0,0
2024-03-04,Servo Motor 5kW,USD/unit,Electrical Components,1779.146,1858.342,0.0,0
2024-03-11,Servo Motor 5kW,USD/unit,Electrical Components,1774.494,1859.271,0.0,0
2024-03-18,Servo Motor 5kW,USD/unit,Electrical Components,1743.373,1860.2,0.0,0
2024-03-25,Servo Motor 5kW,USD/unit,Electrical Components,1739.104,1861.131,0.0,0
2024-04-01,Servo Motor 5kW,USD/unit,Electrical Components,1890.367,1862.061,9.0,1
2024-04-08,Servo Motor 5kW,USD/unit,Electrical Components,1820.691,1862.992,8.44,1
2024-04-15,Servo Motor 5kW,USD/unit,Electrical Components,1810.972,1863.924,7.88,1
2024-04-22,Servo Motor 5kW,USD/unit,Electrical Components,1797.437,1864.856,7.31,1
2024-04-29,Servo Motor 5kW,USD/unit,Electrical Components,1803.847,1865.788,6.75,1
2024-05-06,Servo Motor 5kW,USD/unit,Electrical Components,1835.051,1866.721,6.19,1
2024-05-13,Servo Motor 5kW,USD/unit,Electrical Components,1850.919,1867.654,5.62,1
2024-05-20,Servo Motor 5kW,USD/unit,Electrical Components,1836.043,1868.588,5.06,1
2024-05-27,Servo Motor 5kW,USD/unit,Electrical Components,1802.877,1869.522,4.5,1
2024-06-03,Servo Motor 5kW,USD/unit,Electrical Components,1849.442,1870.457,3.94,1
2024-06-10,Servo Motor 5kW,USD/unit,Electrical Components,1841.66,1871.392,3.37,1
2024-06-17,Servo Motor 5kW,USD/unit,Electrical Components,1832.861,1872.328,2.81,0
2024-06-24,Servo Motor 5kW,USD/unit,Electrical Components,1823.217,1873.264,2.25,0
2024-07-01,Servo Motor 5kW,USD/unit,Electrical Components,1818.404,1874.201,1.69,0
2024-07-08,Servo Motor 5kW,USD/unit,Electrical Components,1806.116,1875.138,1.12,0
2024-07-15,Servo Motor 5kW,USD/unit,Electrical Components,1784.604,1876.076,0.56,0
2024-07-22,Servo Motor 5kW,USD/unit,Electrical Components,1763.863,1877.014,0.0,0
2024-07-29,Servo Motor 5kW,USD/unit,Electrical Components,1764.052,1877.952,0.0,0
2024-08-05,Servo Motor 5kW,USD/unit,Electrical Components,1753.431,1878.891,0.0,0
2024-08-12,Servo Motor 5kW,USD/unit,Electrical Components,1739.308,1879.831,0.0,0
2024-08-19,Servo Motor 5kW,USD/unit,Electrical Components,1742.399,1880.77,0.0,0
2024-08-26,Servo Motor 5kW,USD/unit,Electrical Components,1737.939,1881.711,0.0,0
2024-09-02,Servo Motor 5kW,USD/unit,Electrical Components,1770.174,1882.652,0.0,0
2024-09-09,Servo Motor 5kW,USD/unit,Electrical Components,1714.747,1883.593,0.0,0
2024-09-16,Servo Motor 5kW,USD/unit,Electrical Components,1738.064,1884.535,0.0,0
2024-09-23,Servo Motor 5kW,USD/unit,Electrical Components,1764.923,1885.477,0.0,0
2024-09-30,Servo Motor 5kW,USD/unit,Electrical Components,1721.893,1886.42,0.0,0
2024-10-07,Servo Motor 5kW,USD/unit,Electrical Components,1715.673,1887.363,0.0,0
2024-10-14,Servo Motor 5kW,USD/unit,Electrical Components,1811.416,1888.307,6.0,1
2024-10-21,Servo Motor 5kW,USD/unit,Electrical Components,1775.424,1889.251,5.62,1
2024-10-28,Servo Motor 5kW,USD/unit,Electrical Components,1753.492,1890.196,5.25,1
2024-11-04,Servo Motor 5kW,USD/unit,Electrical Components,1724.833,1891.141,4.88,1
2024-11-11,Servo Motor 5kW,USD/unit,Electrical Components,1755.664,1892.086,4.5,1
2024-11-18,Servo Motor 5kW,USD/unit,Electrical Components,1769.88,1893.032,4.13,1
2024-11-25,Servo Motor 5kW,USD/unit,Electrical Components,1791.297,1893.979,3.75,1
2024-12-02,Servo Motor 5kW,USD/unit,Electrical Components,1801.171,1894.926,3.37,1
2024-12-09,Servo Motor 5kW,USD/unit,Electrical Components,1771.22,1895.873,3.0,0
2024-12-16,Servo Motor 5kW,USD/unit,Electrical Components,1754.546,1896.821,2.63,0
2024-12-23,Servo Motor 5kW,USD/unit,Electrical Components,1759.274,1897.77,2.25,0
2024-12-30,Servo Motor 5kW,USD/unit,Electrical Components,1727.993,1898.718,1.88,0
2025-01-06,Servo Motor 5kW,USD/unit,Electrical Components,1737.223,1899.668,1.5,0
2025-01-13,Servo Motor 5kW,USD/unit,Electrical Components,1846.202,1900.618,8.13,1
2025-01-20,Servo Motor 5kW,USD/unit,Electrical Components,1825.003,1901.568,7.31,1
2025-01-27,Servo Motor 5kW,USD/unit,Electrical Components,1827.543,1902.519,6.5,1
2025-02-03,Servo Motor 5kW,USD/unit,Electrical Components,1824.176,1903.47,5.69,1
2025-02-10,Servo Motor 5kW,USD/unit,Electrical Components,1809.664,1904.422,5.25,1
2025-02-17,Servo Motor 5kW,USD/unit,Electrical Components,1828.114,1905.374,4.81,1
2025-02-24,Servo Motor 5kW,USD/unit,Electrical Components,1797.777,1906.327,4.37,1
2025-03-03,Servo Motor 5kW,USD/unit,Electrical Components,1804.368,1907.28,3.94,1
2025-03-10,Servo Motor 5kW,USD/unit,Electrical Components,2125.322,1908.233,21.5,1
2025-03-17,Servo Motor 5kW,USD/unit,Electrical Components,2091.246,1909.188,19.94,1
2025-03-24,Servo Motor 5kW,USD/unit,Electrical Components,2073.112,1910.142,18.38,1
2025-03-31,Servo Motor 5kW,USD/unit,Electrical Components,2016.057,1911.097,16.81,1
2025-04-07,Servo Motor 5kW,USD/unit,Electrical Components,2012.14,1912.053,15.25,1
2025-04-14,Servo Motor 5kW,USD/unit,Electrical Components,1911.734,1913.009,9.69,1
2025-04-21,Servo Motor 5kW,USD/unit,Electrical Components,1877.954,1913.965,8.38,1
2025-04-28,Servo Motor 5kW,USD/unit,Electrical Components,1879.492,1914.922,7.06,1
2025-05-05,Servo Motor 5kW,USD/unit,Electrical Components,1841.688,1915.88,5.75,1
2025-05-12,Servo Motor 5kW,USD/unit,Electrical Components,1796.493,1916.838,4.88,1
2025-05-19,Servo Motor 5kW,USD/unit,Electrical Components,1749.118,1917.796,4.0,1
2025-05-26,Servo Motor 5kW,USD/unit,Electrical Components,1747.882,1918.755,3.12,1
2025-06-02,Servo Motor 5kW,USD/unit,Electrical Components,1707.289,1919.714,2.25,0
2025-06-09,Servo Motor 5kW,USD/unit,Electrical Components,1729.169,1920.674,1.37,0
2025-06-16,Servo Motor 5kW,USD/unit,Electrical Components,1672.274,1921.635,0.5,0
2025-06-23,Servo Motor 5kW,USD/unit,Electrical Components,1692.29,1922.595,-0.38,0
2025-06-30,Servo Motor 5kW,USD/unit,Electrical Components,1682.513,1923.557,-1.25,0
2024-01-01,Ball Bearing 6205,USD/unit,Mechanical Parts,3.797,3.8,0.0,0
2024-01-08,Ball Bearing 6205,USD/unit,Mechanical Parts,3.778,3.801,0.0,0
2024-01-15,Ball Bearing 6205,USD/unit,Mechanical Parts,3.794,3.802,0.0,0
2024-01-22,Ball Bearing 6205,USD/unit,Mechanical Parts,3.794,3.803,0.0,0
2024-01-29,Ball Bearing 6205,USD/unit,Mechanical Parts,3.837,3.805,0.0,0
2024-02-05,Ball Bearing 6205,USD/unit,Mechanical Parts,3.842,3.806,0.0,0
2024-02-12,Ball Bearing 6205,USD/unit,Mechanical Parts,3.849,3.807,0.0,0
2024-02-19,Ball Bearing 6205,USD/unit,Mechanical Parts,3.836,3.808,0.0,0
2024-02-26,Ball Bearing 6205,USD/unit,Mechanical Parts,3.835,3.809,0.0,0
2024-03-04,Ball Bearing 6205,USD/unit,Mechanical Parts,3.848,3.81,0.0,0
2024-03-11,Ball Bearing 6205,USD/unit,Mechanical Parts,3.784,3.811,0.0,0
2024-03-18,Ball Bearing 6205,USD/unit,Mechanical Parts,3.734,3.813,0.0,0
2024-03-25,Ball Bearing 6205,USD/unit,Mechanical Parts,3.763,3.814,0.0,0
2024-04-01,Ball Bearing 6205,USD/unit,Mechanical Parts,3.77,3.815,0.0,0
2024-04-08,Ball Bearing 6205,USD/unit,Mechanical Parts,3.764,3.816,0.0,0
2024-04-15,Ball Bearing 6205,USD/unit,Mechanical Parts,3.766,3.817,0.0,0
2024-04-22,Ball Bearing 6205,USD/unit,Mechanical Parts,3.781,3.818,0.0,0
2024-04-29,Ball Bearing 6205,USD/unit,Mechanical Parts,3.761,3.819,0.0,0
2024-05-06,Ball Bearing 6205,USD/unit,Mechanical Parts,3.733,3.821,0.0,0
2024-05-13,Ball Bearing 6205,USD/unit,Mechanical Parts,3.742,3.822,0.0,0
2024-05-20,Ball Bearing 6205,USD/unit,Mechanical Parts,3.706,3.823,0.0,0
2024-05-27,Ball Bearing 6205,USD/unit,Mechanical Parts,3.722,3.824,0.0,0
2024-06-03,Ball Bearing 6205,USD/unit,Mechanical Parts,3.66,3.825,0.0,0
2024-06-10,Ball Bearing 6205,USD/unit,Mechanical Parts,3.699,3.826,0.0,0
2024-06-17,Ball Bearing 6205,USD/unit,Mechanical Parts,3.717,3.827,0.0,0
2024-06-24,Ball Bearing 6205,USD/unit,Mechanical Parts,3.728,3.829,0.0,0
2024-07-01,Ball Bearing 6205,USD/unit,Mechanical Parts,3.766,3.83,0.0,0
2024-07-08,Ball Bearing 6205,USD/unit,Mechanical Parts,4.021,3.831,5.0,1
2024-07-15,Ball Bearing 6205,USD/unit,Mechanical Parts,4.051,3.832,4.69,1
2024-07-22,Ball Bearing 6205,USD/unit,Mechanical Parts,3.966,3.833,4.37,1
2024-07-29,Ball Bearing 6205,USD/unit,Mechanical Parts,3.904,3.834,4.06,1
2024-08-05,Ball Bearing 6205,USD/unit,Mechanical Parts,3.87,3.835,3.75,1
2024-08-12,Ball Bearing 6205,USD/unit,Mechanical Parts,3.86,3.837,3.44,1
2024-08-19,Ball Bearing 6205,USD/unit,Mechanical Parts,3.87,3.838,3.12,1
2024-08-26,Ball Bearing 6205,USD/unit,Mechanical Parts,3.831,3.839,2.81,0
2024-09-02,Ball Bearing 6205,USD/unit,Mechanical Parts,4.276,3.84,14.5,1
2024-09-09,Ball Bearing 6205,USD/unit,Mechanical Parts,4.205,3.841,13.44,1
2024-09-16,Ball Bearing 6205,USD/unit,Mechanical Parts,4.142,3.842,12.38,1
2024-09-23,Ball Bearing 6205,USD/unit,Mechanical Parts,4.046,3.844,11.31,1
2024-09-30,Ball Bearing 6205,USD/unit,Mechanical Parts,3.972,3.845,10.25,1
2024-10-07,Ball Bearing 6205,USD/unit,Mechanical Parts,3.881,3.846,9.19,1
2024-10-14,Ball Bearing 6205,USD/unit,Mechanical Parts,3.807,3.847,8.13,1
2024-10-21,Ball Bearing 6205,USD/unit,Mechanical Parts,3.811,3.848,7.06,1
2024-10-28,Ball Bearing 6205,USD/unit,Mechanical Parts,3.738,3.849,6.0,1
2024-11-04,Ball Bearing 6205,USD/unit,Mechanical Parts,3.811,3.85,5.25,1
2024-11-11,Ball Bearing 6205,USD/unit,Mechanical Parts,3.803,3.852,4.5,1
2024-11-18,Ball Bearing 6205,USD/unit,Mechanical Parts,3.784,3.853,3.75,1
2024-11-25,Ball Bearing 6205,USD/unit,Mechanical Parts,3.726,3.854,3.0,0
2024-12-02,Ball Bearing 6205,USD/unit,Mechanical Parts,3.725,3.855,2.25,0
2024-12-09,Ball Bearing 6205,USD/unit,Mechanical Parts,3.678,3.856,1.5,0
2024-12-16,Ball Bearing 6205,USD/unit,Mechanical Parts,3.656,3.857,0.75,0
2024-12-23,Ball Bearing 6205,USD/unit,Mechanical Parts,3.723,3.859,0.0,0
2024-12-30,Ball Bearing 6205,USD/unit,Mechanical Parts,3.721,3.86,0.0,0
2025-01-06,Ball Bearing 6205,USD/unit,Mechanical Parts,3.764,3.861,0.0,0
2025-01-13,Ball Bearing 6205,USD/unit,Mechanical Parts,4.001,3.862,7.0,1
2025-01-20,Ball Bearing 6205,USD/unit,Mechanical Parts,3.984,3.863,6.56,1
2025-01-27,Ball Bearing 6205,USD/unit,Mechanical Parts,4.039,3.864,6.13,1
2025-02-03,Ball Bearing 6205,USD/unit,Mechanical Parts,3.999,3.866,5.69,1
2025-02-10,Ball Bearing 6205,USD/unit,Mechanical Parts,4.056,3.867,5.25,1
2025-02-17,Ball Bearing 6205,USD/unit,Mechanical Parts,4.069,3.868,4.81,1
2025-02-24,Ball Bearing 6205,USD/unit,Mechanical Parts,4.03,3.869,4.37,1
2025-03-03,Ball Bearing 6205,USD/unit,Mechanical Parts,4.04,3.87,3.94,1
2025-03-10,Ball Bearing 6205,USD/unit,Mechanical Parts,4.063,3.871,3.5,1
2025-03-17,Ball Bearing 6205,USD/unit,Mechanical Parts,4.072,3.872,3.06,1
2025-03-24,Ball Bearing 6205,USD/unit,Mechanical Parts,3.992,3.874,2.63,0
2025-03-31,Ball Bearing 6205,USD/unit,Mechanical Parts,3.948,3.875,2.19,0
2025-04-07,Ball Bearing 6205,USD/unit,Mechanical Parts,3.922,3.876,1.75,0
2025-04-14,Ball Bearing 6205,USD/unit,Mechanical Parts,3.904,3.877,1.31,0
2025-04-21,Ball Bearing 6205,USD/unit,Mechanical Parts,3.912,3.878,0.88,0
2025-04-28,Ball Bearing 6205,USD/unit,Mechanical Parts,3.903,3.879,0.44,0
2025-05-05,Ball Bearing 6205,USD/unit,Mechanical Parts,3.835,3.881,0.0,0
2025-05-12,Ball Bearing 6205,USD/unit,Mechanical Parts,3.851,3.882,0.0,0
2025-05-19,Ball Bearing 6205,USD/unit,Mechanical Parts,3.876,3.883,0.0,0
2025-05-26,Ball Bearing 6205,USD/unit,Mechanical Parts,3.899,3.884,0.0,0
2025-06-02,Ball Bearing 6205,USD/unit,Mechanical Parts,3.942,3.885,0.0,0
2025-06-09,Ball Bearing 6205,USD/unit,Mechanical Parts,3.976,3.886,0.0,0
2025-06-16,Ball Bearing 6205,USD/unit,Mechanical Parts,3.996,3.888,0.0,0
2025-06-23,Ball Bearing 6205,USD/unit,Mechanical Parts,3.994,3.889,0.0,0
2025-06-30,Ball Bearing 6205,USD/unit,Mechanical Parts,3.929,3.89,0.0,0
