delivery_id,po_id,vendor_id,promised_date,actual_date,days_late,on_time,condition,quality_issue,invoice_value_usd,month_index
DEL-PO-RFQ-0001-V011,PO-RFQ-0001-V011,V011,2024-02-13,2024-02-13,0,True,accepted,False,137021.46,0
DEL-PO-RFQ-0001-V018,PO-RFQ-0001-V018,V018,2024-02-07,2024-02-10,3,False,accepted,False,174708.15,0
DEL-PO-RFQ-0001-V006,PO-RFQ-0001-V006,V006,2024-02-07,2024-02-26,19,False,accepted,False,178964.35,0
DEL-PO-RFQ-0001-V016,PO-RFQ-0001-V016,V016,2024-02-17,2024-02-17,0,True,accepted,False,152904.07,0
DEL-PO-RFQ-0002-V002,PO-RFQ-0002-V002,V002,2024-02-06,2024-02-06,0,True,accepted,False,94516.7,0
DEL-PO-RFQ-0002-V013,PO-RFQ-0002-V013,V013,2024-02-20,2024-02-20,0,True,accepted,False,96865.95,0
DEL-PO-RFQ-0002-V006,PO-RFQ-0002-V006,V006,2024-02-05,2024-02-05,0,True,accepted,False,114520.25,0
DEL-PO-RFQ-0002-V016,PO-RFQ-0002-V016,V016,2024-02-11,2024-02-12,1,False,accepted,False,94814.12,0
DEL-PO-RFQ-0002-V018,PO-RFQ-0002-V018,V018,2024-02-12,2024-02-12,0,True,accepted,False,105266.54,0
DEL-PO-RFQ-0003-V008,PO-RFQ-0003-V008,V008,2024-01-21,2024-01-21,0,True,accepted,False,16157.75,0
DEL-PO-RFQ-0003-V015,PO-RFQ-0003-V015,V015,2024-01-26,2024-01-26,0,True,accepted,False,18300.65,0
DEL-PO-RFQ-0003-V012,PO-RFQ-0003-V012,V012,2024-01-26,2024-01-26,0,True,accepted,False,17546.12,0
DEL-PO-RFQ-0003-V003,PO-RFQ-0003-V003,V003,2024-02-06,2024-02-10,4,False,accepted,False,17416.43,0
DEL-PO-RFQ-0003-V005,PO-RFQ-0003-V005,V005,2024-02-22,2024-03-14,21,False,accepted,False,17144.94,0
DEL-PO-RFQ-0004-V013,PO-RFQ-0004-V013,V013,2024-02-06,2024-02-06,0,True,accepted,False,105645.61,0
DEL-PO-RFQ-0004-V002,PO-RFQ-0004-V002,V002,2024-02-15,2024-02-15,0,True,accepted,False,107605.96,0
DEL-PO-RFQ-0004-V011,PO-RFQ-0004-V011,V011,2024-02-22,2024-02-22,0,True,accepted,False,95091.58,0
DEL-PO-RFQ-0004-V018,PO-RFQ-0004-V018,V018,2024-02-11,2024-02-11,0,True,accepted,False,114803.98,0
DEL-PO-RFQ-0004-V006,PO-RFQ-0004-V006,V006,2024-03-02,2024-03-02,0,True,accepted,False,105273.57,0
DEL-PO-RFQ-0005-V013,PO-RFQ-0005-V013,V013,2024-01-24,2024-01-24,0,True,accepted,False,2346.85,0
DEL-PO-RFQ-0005-V002,PO-RFQ-0005-V002,V002,2024-01-26,2024-01-26,0,True,accepted,False,2327.86,0
DEL-PO-RFQ-0005-V011,PO-RFQ-0005-V011,V011,2024-02-10,2024-02-27,17,False,accepted,False,2379.03,0
DEL-PO-RFQ-0005-V016,PO-RFQ-0005-V016,V016,2024-02-27,2024-03-12,14,False,accepted,False,2552.46,0
DEL-PO-RFQ-0005-V018,PO-RFQ-0005-V018,V018,2024-02-27,2024-03-01,3,False,accepted,False,2426.57,0
DEL-PO-RFQ-0006-V002,PO-RFQ-0006-V002,V002,2024-01-20,2024-01-20,0,True,accepted,False,35304.05,0
DEL-PO-RFQ-0006-V016,PO-RFQ-0006-V016,V016,2024-01-20,2024-01-20,0,True,accepted,False,29272.55,0
DEL-PO-RFQ-0006-V011,PO-RFQ-0006-V011,V011,2024-02-23,2024-02-23,0,True,accepted,False,24856.33,0
DEL-PO-RFQ-0006-V006,PO-RFQ-0006-V006,V006,2024-01-30,2024-01-30,0,True,accepted,False,37374.98,0
DEL-PO-RFQ-0006-V018,PO-RFQ-0006-V018,V018,2024-02-16,2024-02-16,0,True,rejected,False,36478.62,0
DEL-PO-RFQ-0007-V018,PO-RFQ-0007-V018,V018,2024-01-22,2024-01-31,9,False,accepted,False,24770.41,0
DEL-PO-RFQ-0007-V002,PO-RFQ-0007-V002,V002,2024-01-25,2024-01-25,0,True,accepted,True,24402.05,0
DEL-PO-RFQ-0007-V013,PO-RFQ-0007-V013,V013,2024-01-29,2024-01-29,0,True,accepted_with_note,False,24505.98,0
DEL-PO-RFQ-0007-V006,PO-RFQ-0007-V006,V006,2024-02-09,2024-02-09,0,True,accepted,False,22653.93,0
DEL-PO-RFQ-0007-V016,PO-RFQ-0007-V016,V016,2024-02-09,2024-02-09,0,True,accepted,False,23699.09,0
DEL-PO-RFQ-0008-V013,PO-RFQ-0008-V013,V013,2024-01-25,2024-01-25,0,True,accepted,False,21887.77,0
DEL-PO-RFQ-0008-V002,PO-RFQ-0008-V002,V002,2024-02-10,2024-02-19,9,False,accepted_with_note,False,22073.61,0
DEL-PO-RFQ-0008-V006,PO-RFQ-0008-V006,V006,2024-02-19,2024-02-19,0,True,accepted,False,20533.72,0
DEL-PO-RFQ-0008-V018,PO-RFQ-0008-V018,V018,2024-02-07,2024-02-07,0,True,accepted_with_note,True,22770.27,0
DEL-PO-RFQ-0009-V006,PO-RFQ-0009-V006,V006,2024-01-31,2024-01-31,0,True,accepted,False,4020.86,0
DEL-PO-RFQ-0009-V002,PO-RFQ-0009-V002,V002,2024-02-07,2024-02-07,0,True,accepted,False,3514.55,0
DEL-PO-RFQ-0009-V011,PO-RFQ-0009-V011,V011,2024-02-06,2024-02-06,0,True,accepted,False,3552.24,0
DEL-PO-RFQ-0009-V018,PO-RFQ-0009-V018,V018,2024-02-23,2024-02-23,0,True,accepted,False,3849.04,0
DEL-PO-RFQ-0010-V009,PO-RFQ-0010-V009,V009,2024-01-15,2024-01-15,0,True,accepted,False,23257.17,0
DEL-PO-RFQ-0010-V001,PO-RFQ-0010-V001,V001,2024-01-26,2024-01-26,0,True,accepted,False,23688.78,0
DEL-PO-RFQ-0010-V019,PO-RFQ-0010-V019,V019,2024-01-21,2024-01-21,0,True,accepted,False,26533.3,0
DEL-PO-RFQ-0010-V004,PO-RFQ-0010-V004,V004,2024-02-26,2024-02-26,0,True,accepted,False,23578.82,0
DEL-PO-RFQ-0010-V007,PO-RFQ-0010-V007,V007,2024-03-01,2024-03-01,0,True,accepted,False,25429.68,0
DEL-PO-RFQ-0011-V012,PO-RFQ-0011-V012,V012,2024-02-28,2024-03-19,20,False,accepted,False,2598.76,1
DEL-PO-RFQ-0011-V003,PO-RFQ-0011-V003,V003,2024-03-17,2024-03-17,0,True,accepted,False,2606.64,1
DEL-PO-RFQ-0011-V020,PO-RFQ-0011-V020,V020,2024-03-13,2024-03-13,0,True,accepted,False,2624.1,1
DEL-PO-RFQ-0011-V008,PO-RFQ-0011-V008,V008,2024-03-30,2024-04-03,4,False,accepted,False,2567.27,1
DEL-PO-RFQ-0011-V005,PO-RFQ-0011-V005,V005,2024-03-27,2024-03-27,0,True,accepted,False,2672.3,1
DEL-PO-RFQ-0012-V018,PO-RFQ-0012-V018,V018,2024-02-24,2024-03-09,14,False,accepted,False,38123.7,1
DEL-PO-RFQ-0012-V013,PO-RFQ-0012-V013,V013,2024-03-17,2024-03-17,0,True,accepted,False,36724.06,1
DEL-PO-RFQ-0012-V016,PO-RFQ-0012-V016,V016,2024-03-24,2024-04-08,15,False,accepted,False,32448.83,1
DEL-PO-RFQ-0012-V011,PO-RFQ-0012-V011,V011,2024-03-12,2024-03-12,0,True,accepted_with_note,False,38398.63,1
DEL-PO-RFQ-0013-V010,PO-RFQ-0013-V010,V010,2024-02-19,2024-02-19,0,True,accepted,False,8982.57,1
DEL-PO-RFQ-0013-V001,PO-RFQ-0013-V001,V001,2024-03-04,2024-03-04,0,True,accepted_with_note,False,9776.15,1
DEL-PO-RFQ-0013-V004,PO-RFQ-0013-V004,V004,2024-03-19,2024-03-19,0,True,accepted,False,10515.83,1
DEL-PO-RFQ-0013-V007,PO-RFQ-0013-V007,V007,2024-03-22,2024-03-22,0,True,accepted,False,10495.93,1
DEL-PO-RFQ-0013-V019,PO-RFQ-0013-V019,V019,2024-03-14,2024-03-14,0,True,rejected,False,10817.55,1
DEL-PO-RFQ-0014-V018,PO-RFQ-0014-V018,V018,2024-02-17,2024-02-17,0,True,accepted,False,53642.67,1
DEL-PO-RFQ-0014-V006,PO-RFQ-0014-V006,V006,2024-03-03,2024-03-22,19,False,accepted,False,42611.48,1
DEL-PO-RFQ-0014-V013,PO-RFQ-0014-V013,V013,2024-03-08,2024-03-09,1,False,accepted,False,50778.13,1
DEL-PO-RFQ-0014-V011,PO-RFQ-0014-V011,V011,2024-02-28,2024-03-16,17,False,accepted,False,45871.22,1
DEL-PO-RFQ-0014-V002,PO-RFQ-0014-V002,V002,2024-03-17,2024-03-17,0,True,accepted,False,51421.26,1
DEL-PO-RFQ-0015-V013,PO-RFQ-0015-V013,V013,2024-02-16,2024-02-16,0,True,accepted,False,36888.99,1
DEL-PO-RFQ-0015-V002,PO-RFQ-0015-V002,V002,2024-02-28,2024-02-28,0,True,accepted,False,36867.76,1
DEL-PO-RFQ-0015-V018,PO-RFQ-0015-V018,V018,2024-02-26,2024-03-09,12,False,accepted,True,36666.64,1
DEL-PO-RFQ-0015-V006,PO-RFQ-0015-V006,V006,2024-04-01,2024-04-10,9,False,accepted,False,39828.65,1
DEL-PO-RFQ-0016-V002,PO-RFQ-0016-V002,V002,2024-02-22,2024-02-22,0,True,accepted,False,95243.79,1
DEL-PO-RFQ-0016-V016,PO-RFQ-0016-V016,V016,2024-02-20,2024-02-20,0,True,accepted,False,99327.06,1
DEL-PO-RFQ-0016-V011,PO-RFQ-0016-V011,V011,2024-03-15,2024-03-15,0,True,accepted_with_note,False,83127.77,1
DEL-PO-RFQ-0017-V012,PO-RFQ-0017-V012,V012,2024-02-20,2024-02-20,0,True,accepted,False,49628.11,1
DEL-PO-RFQ-0017-V020,PO-RFQ-0017-V020,V020,2024-02-26,2024-02-26,0,True,accepted,False,50188.95,1
DEL-PO-RFQ-0017-V015,PO-RFQ-0017-V015,V015,2024-03-08,2024-03-08,0,True,rejected,False,47742.89,1
DEL-PO-RFQ-0017-V008,PO-RFQ-0017-V008,V008,2024-03-15,2024-03-15,0,True,accepted,False,41094.02,1
DEL-PO-RFQ-0017-V014,PO-RFQ-0017-V014,V014,2024-03-18,2024-03-18,0,True,accepted_with_note,False,48226.08,1
DEL-PO-RFQ-0018-V001,PO-RFQ-0018-V001,V001,2024-02-24,2024-02-24,0,True,accepted,False,32751.06,1
DEL-PO-RFQ-0018-V007,PO-RFQ-0018-V007,V007,2024-03-05,2024-03-05,0,True,accepted,False,34193.66,1
DEL-PO-RFQ-0018-V004,PO-RFQ-0018-V004,V004,2024-04-01,2024-04-01,0,True,accepted,False,30866.88,1
DEL-PO-RFQ-0018-V019,PO-RFQ-0018-V019,V019,2024-03-27,2024-03-27,0,True,accepted,False,33509.88,1
DEL-PO-RFQ-0019-V013,PO-RFQ-0019-V013,V013,2024-03-01,2024-03-01,0,True,accepted,False,28492.46,1
DEL-PO-RFQ-0019-V006,PO-RFQ-0019-V006,V006,2024-02-25,2024-02-25,0,True,accepted,False,33261.99,1
DEL-PO-RFQ-0019-V011,PO-RFQ-0019-V011,V011,2024-02-24,2024-02-24,0,True,accepted,False,28944.57,1
DEL-PO-RFQ-0019-V002,PO-RFQ-0019-V002,V002,2024-03-23,2024-03-23,0,True,accepted,False,28492.33,1
DEL-PO-RFQ-0019-V018,PO-RFQ-0019-V018,V018,2024-03-14,2024-03-14,0,True,accepted,False,30150.48,1
DEL-PO-RFQ-0020-V016,PO-RFQ-0020-V016,V016,2024-02-17,2024-02-17,0,True,accepted_with_note,False,57472.93,1
DEL-PO-RFQ-0020-V002,PO-RFQ-0020-V002,V002,2024-03-03,2024-03-03,0,True,accepted,False,55846.63,1
DEL-PO-RFQ-0020-V018,PO-RFQ-0020-V018,V018,2024-02-19,2024-02-27,8,False,accepted,False,63273.01,1
DEL-PO-RFQ-0020-V013,PO-RFQ-0020-V013,V013,2024-03-11,2024-03-11,0,True,accepted,False,57517.55,1
DEL-PO-RFQ-0020-V006,PO-RFQ-0020-V006,V006,2024-03-19,2024-03-19,0,True,accepted,False,59344.91,1
DEL-PO-RFQ-0021-V004,PO-RFQ-0021-V004,V004,2024-04-01,2024-04-01,0,True,accepted,True,4345.55,2
DEL-PO-RFQ-0021-V009,PO-RFQ-0021-V009,V009,2024-03-30,2024-03-30,0,True,accepted,False,4333.09,2
DEL-PO-RFQ-0021-V017,PO-RFQ-0021-V017,V017,2024-04-02,2024-04-10,8,False,accepted,False,4199.18,2
DEL-PO-RFQ-0021-V001,PO-RFQ-0021-V001,V001,2024-04-13,2024-04-13,0,True,rejected,False,4270.36,2
DEL-PO-RFQ-0021-V019,PO-RFQ-0021-V019,V019,2024-04-11,2024-04-11,0,True,accepted,False,4635.0,2
DEL-PO-RFQ-0022-V009,PO-RFQ-0022-V009,V009,2024-03-24,2024-03-24,0,True,rejected,False,104747.49,2
DEL-PO-RFQ-0022-V004,PO-RFQ-0022-V004,V004,2024-04-06,2024-04-06,0,True,accepted,False,105921.88,2
DEL-PO-RFQ-0022-V007,PO-RFQ-0022-V007,V007,2024-04-16,2024-04-16,0,True,accepted,False,109493.03,2
DEL-PO-RFQ-0022-V017,PO-RFQ-0022-V017,V017,2024-04-27,2024-04-27,0,True,accepted,False,97200.06,2
DEL-PO-RFQ-0022-V010,PO-RFQ-0022-V010,V010,2024-04-20,2024-04-20,0,True,accepted,False,101590.0,2
DEL-PO-RFQ-0023-V007,PO-RFQ-0023-V007,V007,2024-03-19,2024-03-19,0,True,accepted,False,43205.38,2
DEL-PO-RFQ-0023-V019,PO-RFQ-0023-V019,V019,2024-04-02,2024-04-02,0,True,accepted,False,42738.62,2
DEL-PO-RFQ-0023-V009,PO-RFQ-0023-V009,V009,2024-04-15,2024-04-15,0,True,accepted,False,39863.16,2
DEL-PO-RFQ-0023-V004,PO-RFQ-0023-V004,V004,2024-04-16,2024-04-16,0,True,accepted,False,42039.93,2
DEL-PO-RFQ-0023-V001,PO-RFQ-0023-V001,V001,2024-04-23,2024-04-23,0,True,accepted_with_note,False,41781.7,2
DEL-PO-RFQ-0024-V010,PO-RFQ-0024-V010,V010,2024-03-29,2024-03-29,0,True,accepted,False,44834.22,2
DEL-PO-RFQ-0024-V009,PO-RFQ-0024-V009,V009,2024-04-17,2024-04-25,8,False,accepted_with_note,False,50196.02,2
DEL-PO-RFQ-0024-V004,PO-RFQ-0024-V004,V004,2024-04-22,2024-04-22,0,True,rejected,False,49271.58,2
DEL-PO-RFQ-0024-V019,PO-RFQ-0024-V019,V019,2024-04-09,2024-04-09,0,True,accepted,False,57757.82,2
DEL-PO-RFQ-0024-V017,PO-RFQ-0024-V017,V017,2024-04-17,2024-04-17,0,True,accepted,False,49370.77,2
DEL-PO-RFQ-0025-V018,PO-RFQ-0025-V018,V018,2024-03-21,2024-03-21,0,True,accepted,False,31902.5,2
DEL-PO-RFQ-0025-V002,PO-RFQ-0025-V002,V002,2024-04-05,2024-04-05,0,True,accepted,False,34276.68,2
DEL-PO-RFQ-0025-V006,PO-RFQ-0025-V006,V006,2024-03-26,2024-03-26,0,True,accepted,False,35419.92,2
DEL-PO-RFQ-0025-V013,PO-RFQ-0025-V013,V013,2024-04-07,2024-04-07,0,True,accepted,False,33829.14,2
DEL-PO-RFQ-0025-V016,PO-RFQ-0025-V016,V016,2024-04-18,2024-04-18,0,True,accepted,False,39320.49,2
DEL-PO-RFQ-0026-V013,PO-RFQ-0026-V013,V013,2024-03-22,2024-03-22,0,True,accepted,False,202753.34,2
DEL-PO-RFQ-0026-V006,PO-RFQ-0026-V006,V006,2024-03-28,2024-04-15,18,False,accepted,False,232339.13,2
DEL-PO-RFQ-0026-V011,PO-RFQ-0026-V011,V011,2024-04-01,2024-04-01,0,True,accepted,False,210752.4,2
DEL-PO-RFQ-0026-V002,PO-RFQ-0026-V002,V002,2024-04-20,2024-04-20,0,True,accepted,False,206618.04,2
DEL-PO-RFQ-0026-V018,PO-RFQ-0026-V018,V018,2024-03-31,2024-03-31,0,True,accepted,True,233081.62,2
DEL-PO-RFQ-0027-V001,PO-RFQ-0027-V001,V001,2024-03-20,2024-03-20,0,True,accepted,False,124819.94,2
DEL-PO-RFQ-0027-V010,PO-RFQ-0027-V010,V010,2024-03-23,2024-03-23,0,True,accepted,False,122343.34,2
DEL-PO-RFQ-0027-V017,PO-RFQ-0027-V017,V017,2024-03-27,2024-03-27,0,True,accepted,False,125922.88,2
DEL-PO-RFQ-0027-V009,PO-RFQ-0027-V009,V009,2024-04-25,2024-04-25,0,True,accepted,False,118997.73,2
DEL-PO-RFQ-0027-V007,PO-RFQ-0027-V007,V007,2024-04-21,2024-04-21,0,True,accepted,False,130178.41,2
DEL-PO-RFQ-0028-V013,PO-RFQ-0028-V013,V013,2024-03-28,2024-03-28,0,True,accepted_with_note,False,111426.92,2
DEL-PO-RFQ-0028-V002,PO-RFQ-0028-V002,V002,2024-04-06,2024-04-06,0,True,accepted,False,118399.05,2
DEL-PO-RFQ-0028-V018,PO-RFQ-0028-V018,V018,2024-04-03,2024-04-11,8,False,accepted,False,118317.32,2
DEL-PO-RFQ-0028-V016,PO-RFQ-0028-V016,V016,2024-04-27,2024-04-27,0,True,accepted,False,108586.76,2
DEL-PO-RFQ-0028-V011,PO-RFQ-0028-V011,V011,2024-04-23,2024-04-23,0,True,accepted,False,114852.25,2
DEL-PO-RFQ-0029-V005,PO-RFQ-0029-V005,V005,2024-03-18,2024-03-18,0,True,accepted,False,56471.4,2
DEL-PO-RFQ-0029-V015,PO-RFQ-0029-V015,V015,2024-04-04,2024-04-04,0,True,accepted,False,63085.68,2
DEL-PO-RFQ-0029-V020,PO-RFQ-0029-V020,V020,2024-04-15,2024-04-15,0,True,accepted_with_note,False,64099.02,2
DEL-PO-RFQ-0029-V008,PO-RFQ-0029-V008,V008,2024-05-01,2024-05-01,0,True,accepted,False,58739.12,2
DEL-PO-RFQ-0030-V017,PO-RFQ-0030-V017,V017,2024-03-26,2024-03-26,0,True,rejected,False,25062.48,2
DEL-PO-RFQ-0030-V009,PO-RFQ-0030-V009,V009,2024-04-18,2024-04-18,0,True,accepted,False,24706.09,2
DEL-PO-RFQ-0030-V004,PO-RFQ-0030-V004,V004,2024-04-27,2024-04-27,0,True,accepted,False,26437.65,2
DEL-PO-RFQ-0030-V001,PO-RFQ-0030-V001,V001,2024-04-24,2024-04-24,0,True,accepted_with_note,False,26549.34,2
DEL-PO-RFQ-0030-V019,PO-RFQ-0030-V019,V019,2024-04-05,2024-04-05,0,True,accepted,False,28562.14,2
DEL-PO-RFQ-0031-V002,PO-RFQ-0031-V002,V002,2024-04-29,2024-04-29,0,True,accepted_with_note,False,3611.7,3
DEL-PO-RFQ-0031-V013,PO-RFQ-0031-V013,V013,2024-05-17,2024-05-17,0,True,rejected,False,3771.65,3
DEL-PO-RFQ-0031-V018,PO-RFQ-0031-V018,V018,2024-05-14,2024-05-14,0,True,accepted,True,3837.54,3
DEL-PO-RFQ-0031-V006,PO-RFQ-0031-V006,V006,2024-05-29,2024-06-10,12,False,accepted,False,3808.84,3
DEL-PO-RFQ-0032-V004,PO-RFQ-0032-V004,V004,2024-04-18,2024-04-18,0,True,accepted,False,32592.05,3
DEL-PO-RFQ-0032-V010,PO-RFQ-0032-V010,V010,2024-04-21,2024-04-21,0,True,accepted,False,30543.1,3
DEL-PO-RFQ-0032-V017,PO-RFQ-0032-V017,V017,2024-04-25,2024-04-25,0,True,accepted_with_note,False,30580.25,3
DEL-PO-RFQ-0032-V009,PO-RFQ-0032-V009,V009,2024-05-07,2024-05-07,0,True,accepted,False,31548.33,3
DEL-PO-RFQ-0032-V001,PO-RFQ-0032-V001,V001,2024-05-11,2024-05-11,0,True,accepted,False,31778.67,3
DEL-PO-RFQ-0033-V013,PO-RFQ-0033-V013,V013,2024-04-16,2024-04-16,0,True,accepted,False,9895.36,3
DEL-PO-RFQ-0033-V006,PO-RFQ-0033-V006,V006,2024-04-16,2024-04-16,0,True,accepted,False,9676.51,3
DEL-PO-RFQ-0033-V002,PO-RFQ-0033-V002,V002,2024-06-01,2024-06-01,0,True,accepted,False,10033.14,3
DEL-PO-RFQ-0033-V016,PO-RFQ-0033-V016,V016,2024-05-26,2024-06-07,12,False,accepted,False,8569.31,3
DEL-PO-RFQ-0033-V018,PO-RFQ-0033-V018,V018,2024-05-03,2024-05-03,0,True,rejected,False,10411.63,3
DEL-PO-RFQ-0034-V009,PO-RFQ-0034-V009,V009,2024-04-29,2024-04-29,0,True,accepted,False,14811.76,3
DEL-PO-RFQ-0034-V001,PO-RFQ-0034-V001,V001,2024-05-11,2024-05-11,0,True,accepted,False,14237.61,3
DEL-PO-RFQ-0034-V004,PO-RFQ-0034-V004,V004,2024-05-11,2024-05-11,0,True,rejected,False,15224.89,3
DEL-PO-RFQ-0034-V017,PO-RFQ-0034-V017,V017,2024-05-05,2024-05-05,0,True,accepted,False,14445.37,3
DEL-PO-RFQ-0034-V007,PO-RFQ-0034-V007,V007,2024-05-24,2024-05-24,0,True,rejected,False,16233.06,3
DEL-PO-RFQ-0035-V017,PO-RFQ-0035-V017,V017,2024-04-16,2024-04-16,0,True,accepted,False,109619.87,3
DEL-PO-RFQ-0035-V009,PO-RFQ-0035-V009,V009,2024-04-28,2024-04-28,0,True,accepted,False,99796.4,3
DEL-PO-RFQ-0035-V007,PO-RFQ-0035-V007,V007,2024-05-10,2024-05-10,0,True,accepted,False,115409.83,3
DEL-PO-RFQ-0035-V004,PO-RFQ-0035-V004,V004,2024-05-26,2024-05-26,0,True,accepted,True,110800.27,3
DEL-PO-RFQ-0035-V001,PO-RFQ-0035-V001,V001,2024-05-31,2024-05-31,0,True,accepted,False,113037.57,3
DEL-PO-RFQ-0036-V006,PO-RFQ-0036-V006,V006,2024-04-20,2024-04-29,9,False,accepted,False,14840.75,3
DEL-PO-RFQ-0036-V016,PO-RFQ-0036-V016,V016,2024-05-15,2024-05-15,0,True,accepted,False,12232.87,3
DEL-PO-RFQ-0036-V002,PO-RFQ-0036-V002,V002,2024-05-14,2024-05-14,0,True,accepted,False,15497.05,3
DEL-PO-RFQ-0036-V018,PO-RFQ-0036-V018,V018,2024-04-24,2024-05-04,10,False,accepted,False,16872.21,3
DEL-PO-RFQ-0036-V013,PO-RFQ-0036-V013,V013,2024-05-30,2024-05-30,0,True,accepted,False,15790.56,3
DEL-PO-RFQ-0037-V013,PO-RFQ-0037-V013,V013,2024-04-28,2024-04-28,0,True,accepted,False,99304.18,3
DEL-PO-RFQ-0037-V002,PO-RFQ-0037-V002,V002,2024-05-21,2024-05-21,0,True,accepted,False,94856.68,3
DEL-PO-RFQ-0037-V016,PO-RFQ-0037-V016,V016,2024-06-02,2024-06-14,12,False,accepted,False,98845.03,3
DEL-PO-RFQ-0037-V018,PO-RFQ-0037-V018,V018,2024-05-29,2024-05-29,0,True,accepted,False,99626.33,3
DEL-PO-RFQ-0038-V011,PO-RFQ-0038-V011,V011,2024-04-18,2024-04-18,0,True,accepted,False,7715.2,3
DEL-PO-RFQ-0038-V013,PO-RFQ-0038-V013,V013,2024-04-29,2024-04-29,0,True,accepted,False,8927.49,3
DEL-PO-RFQ-0038-V018,PO-RFQ-0038-V018,V018,2024-05-31,2024-05-31,0,True,accepted,False,8874.83,3
DEL-PO-RFQ-0039-V004,PO-RFQ-0039-V004,V004,2024-04-17,2024-04-17,0,True,accepted,False,33892.47,3
DEL-PO-RFQ-0039-V001,PO-RFQ-0039-V001,V001,2024-04-21,2024-04-21,0,True,accepted,False,32775.91,3
DEL-PO-RFQ-0039-V009,PO-RFQ-0039-V009,V009,2024-05-25,2024-05-25,0,True,accepted,False,34253.36,3
DEL-PO-RFQ-0039-V017,PO-RFQ-0039-V017,V017,2024-05-17,2024-05-17,0,True,accepted,False,30854.98,3
DEL-PO-RFQ-0039-V007,PO-RFQ-0039-V007,V007,2024-05-27,2024-05-27,0,True,accepted,False,36388.01,3
DEL-PO-RFQ-0040-V006,PO-RFQ-0040-V006,V006,2024-04-23,2024-04-23,0,True,accepted,False,91992.46,3
DEL-PO-RFQ-0040-V013,PO-RFQ-0040-V013,V013,2024-05-18,2024-05-18,0,True,accepted,False,116198.59,3
DEL-PO-RFQ-0040-V018,PO-RFQ-0040-V018,V018,2024-05-02,2024-05-02,0,True,accepted,False,124800.76,3
DEL-PO-RFQ-0041-V022,PO-RFQ-0041-V022,V022,2024-05-19,2024-06-09,21,False,accepted,False,29086.43,4
DEL-PO-RFQ-0041-V004,PO-RFQ-0041-V004,V004,2024-05-24,2024-05-24,0,True,accepted,False,31232.7,4
DEL-PO-RFQ-0041-V009,PO-RFQ-0041-V009,V009,2024-06-09,2024-06-09,0,True,accepted,True,30994.79,4
DEL-PO-RFQ-0041-V010,PO-RFQ-0041-V010,V010,2024-06-05,2024-06-05,0,True,accepted_with_note,False,29355.02,4
DEL-PO-RFQ-0041-V001,PO-RFQ-0041-V001,V001,2024-06-28,2024-06-28,0,True,accepted_with_note,False,30857.7,4
DEL-PO-RFQ-0042-V001,PO-RFQ-0042-V001,V001,2024-05-18,2024-05-18,0,True,accepted,False,24464.84,4
DEL-PO-RFQ-0042-V024,PO-RFQ-0042-V024,V024,2024-05-18,2024-05-18,0,True,accepted,True,24542.03,4
DEL-PO-RFQ-0042-V017,PO-RFQ-0042-V017,V017,2024-05-22,2024-05-22,0,True,accepted,False,21804.65,4
DEL-PO-RFQ-0042-V007,PO-RFQ-0042-V007,V007,2024-06-03,2024-06-03,0,True,accepted_with_note,False,27652.87,4
DEL-PO-RFQ-0042-V004,PO-RFQ-0042-V004,V004,2024-06-24,2024-06-24,0,True,accepted,False,25543.13,4
DEL-PO-RFQ-0043-V009,PO-RFQ-0043-V009,V009,2024-05-21,2024-05-21,0,True,accepted,False,125768.58,4
DEL-PO-RFQ-0043-V019,PO-RFQ-0043-V019,V019,2024-05-26,2024-05-26,0,True,accepted,False,141059.37,4
DEL-PO-RFQ-0043-V004,PO-RFQ-0043-V004,V004,2024-06-15,2024-06-15,0,True,accepted,False,133911.84,4
DEL-PO-RFQ-0043-V017,PO-RFQ-0043-V017,V017,2024-06-13,2024-06-13,0,True,accepted,False,123342.74,4
DEL-PO-RFQ-0043-V010,PO-RFQ-0043-V010,V010,2024-06-22,2024-06-22,0,True,accepted,False,115173.06,4
DEL-PO-RFQ-0044-V002,PO-RFQ-0044-V002,V002,2024-06-07,2024-06-07,0,True,accepted,False,99260.3,4
DEL-PO-RFQ-0044-V021,PO-RFQ-0044-V021,V021,2024-06-02,2024-06-02,0,True,accepted,True,102159.42,4
DEL-PO-RFQ-0044-V013,PO-RFQ-0044-V013,V013,2024-06-27,2024-07-12,15,False,accepted_with_note,False,99174.69,4
DEL-PO-RFQ-0044-V006,PO-RFQ-0044-V006,V006,2024-06-24,2024-06-24,0,True,accepted,False,93114.44,4
DEL-PO-RFQ-0044-V011,PO-RFQ-0044-V011,V011,2024-06-21,2024-06-21,0,True,accepted,False,91991.08,4
DEL-PO-RFQ-0045-V004,PO-RFQ-0045-V004,V004,2024-05-18,2024-05-18,0,True,accepted,False,29020.87,4
DEL-PO-RFQ-0045-V019,PO-RFQ-0045-V019,V019,2024-05-26,2024-05-26,0,True,accepted,True,31803.02,4
DEL-PO-RFQ-0045-V010,PO-RFQ-0045-V010,V010,2024-06-07,2024-06-17,10,False,accepted_with_note,False,26807.6,4
DEL-PO-RFQ-0045-V001,PO-RFQ-0045-V001,V001,2024-06-27,2024-06-27,0,True,rejected,False,27903.26,4
DEL-PO-RFQ-0045-V017,PO-RFQ-0045-V017,V017,2024-06-15,2024-06-15,0,True,accepted,False,25375.0,4
DEL-PO-RFQ-0046-V006,PO-RFQ-0046-V006,V006,2024-05-24,2024-06-02,9,False,accepted,False,13012.37,4
DEL-PO-RFQ-0046-V021,PO-RFQ-0046-V021,V021,2024-05-30,2024-05-30,0,True,accepted,False,12633.64,4
DEL-PO-RFQ-0046-V002,PO-RFQ-0046-V002,V002,2024-06-16,2024-06-16,0,True,accepted,False,12783.68,4
DEL-PO-RFQ-0046-V011,PO-RFQ-0046-V011,V011,2024-06-07,2024-06-07,0,True,accepted,False,12653.92,4
DEL-PO-RFQ-0046-V013,PO-RFQ-0046-V013,V013,2024-06-18,2024-06-18,0,True,accepted,False,13162.28,4
DEL-PO-RFQ-0047-V019,PO-RFQ-0047-V019,V019,2024-05-23,2024-05-23,0,True,accepted,False,30746.1,4
DEL-PO-RFQ-0047-V007,PO-RFQ-0047-V007,V007,2024-05-29,2024-05-29,0,True,accepted,False,28813.77,4
DEL-PO-RFQ-0047-V010,PO-RFQ-0047-V010,V010,2024-05-22,2024-05-22,0,True,accepted,False,28714.35,4
DEL-PO-RFQ-0047-V024,PO-RFQ-0047-V024,V024,2024-05-22,2024-05-22,0,True,accepted,False,28259.73,4
DEL-PO-RFQ-0047-V001,PO-RFQ-0047-V001,V001,2024-06-08,2024-06-08,0,True,accepted,False,28486.18,4
DEL-PO-RFQ-0048-V024,PO-RFQ-0048-V024,V024,2024-05-19,2024-05-31,12,False,accepted,False,66715.87,4
DEL-PO-RFQ-0048-V017,PO-RFQ-0048-V017,V017,2024-05-25,2024-05-25,0,True,accepted_with_note,False,59108.41,4
DEL-PO-RFQ-0048-V004,PO-RFQ-0048-V004,V004,2024-06-06,2024-06-06,0,True,accepted_with_note,False,64816.15,4
DEL-PO-RFQ-0048-V001,PO-RFQ-0048-V001,V001,2024-06-07,2024-06-07,0,True,accepted_with_note,False,65064.34,4
DEL-PO-RFQ-0048-V009,PO-RFQ-0048-V009,V009,2024-06-04,2024-06-04,0,True,accepted,False,63425.79,4
DEL-PO-RFQ-0049-V002,PO-RFQ-0049-V002,V002,2024-05-27,2024-05-27,0,True,accepted,False,18157.94,4
DEL-PO-RFQ-0049-V016,PO-RFQ-0049-V016,V016,2024-06-08,2024-06-08,0,True,accepted,False,18393.01,4
DEL-PO-RFQ-0049-V013,PO-RFQ-0049-V013,V013,2024-06-27,2024-06-27,0,True,accepted,False,17491.68,4
DEL-PO-RFQ-0049-V011,PO-RFQ-0049-V011,V011,2024-06-17,2024-06-17,0,True,accepted,False,19887.2,4
DEL-PO-RFQ-0050-V001,PO-RFQ-0050-V001,V001,2024-05-23,2024-05-23,0,True,accepted,False,26932.88,4
DEL-PO-RFQ-0050-V022,PO-RFQ-0050-V022,V022,2024-05-28,2024-05-28,0,True,accepted,False,26531.84,4
DEL-PO-RFQ-0050-V004,PO-RFQ-0050-V004,V004,2024-06-12,2024-06-21,9,False,accepted,False,27229.5,4
DEL-PO-RFQ-0050-V009,PO-RFQ-0050-V009,V009,2024-06-14,2024-06-14,0,True,accepted,False,27150.71,4
DEL-PO-RFQ-0050-V019,PO-RFQ-0050-V019,V019,2024-06-03,2024-06-03,0,True,accepted,False,29748.6,4
DEL-PO-RFQ-0051-V019,PO-RFQ-0051-V019,V019,2024-05-19,2024-05-19,0,True,accepted,False,131377.43,4
DEL-PO-RFQ-0051-V017,PO-RFQ-0051-V017,V017,2024-05-26,2024-05-26,0,True,accepted,False,123663.05,4
DEL-PO-RFQ-0051-V001,PO-RFQ-0051-V001,V001,2024-06-07,2024-06-07,0,True,accepted,False,128276.73,4
DEL-PO-RFQ-0051-V004,PO-RFQ-0051-V004,V004,2024-06-22,2024-06-22,0,True,accepted,False,127958.61,4
DEL-PO-RFQ-0051-V024,PO-RFQ-0051-V024,V024,2024-06-18,2024-06-18,0,True,accepted,False,132947.06,4
DEL-PO-RFQ-0052-V021,PO-RFQ-0052-V021,V021,2024-07-01,2024-07-01,0,True,accepted_with_note,False,82263.64,5
DEL-PO-RFQ-0052-V013,PO-RFQ-0052-V013,V013,2024-07-10,2024-07-10,0,True,accepted,False,80466.26,5
DEL-PO-RFQ-0052-V011,PO-RFQ-0052-V011,V011,2024-07-03,2024-07-03,0,True,accepted_with_note,False,70190.68,5
DEL-PO-RFQ-0052-V002,PO-RFQ-0052-V002,V002,2024-07-15,2024-07-15,0,True,accepted,False,80531.16,5
DEL-PO-RFQ-0052-V016,PO-RFQ-0052-V016,V016,2024-07-31,2024-07-31,0,True,rejected,False,76592.71,5
DEL-PO-RFQ-0053-V009,PO-RFQ-0053-V009,V009,2024-07-05,2024-07-05,0,True,accepted,False,33239.14,5
DEL-PO-RFQ-0053-V004,PO-RFQ-0053-V004,V004,2024-07-12,2024-07-12,0,True,accepted,False,33911.09,5
DEL-PO-RFQ-0053-V001,PO-RFQ-0053-V001,V001,2024-07-16,2024-07-16,0,True,accepted,True,32583.11,5
DEL-PO-RFQ-0053-V017,PO-RFQ-0053-V017,V017,2024-07-20,2024-07-20,0,True,accepted,False,30039.5,5
DEL-PO-RFQ-0053-V024,PO-RFQ-0053-V024,V024,2024-07-17,2024-07-17,0,True,accepted,False,32876.79,5
DEL-PO-RFQ-0054-V013,PO-RFQ-0054-V013,V013,2024-06-17,2024-06-17,0,True,rejected,False,33271.08,5
DEL-PO-RFQ-0054-V016,PO-RFQ-0054-V016,V016,2024-06-21,2024-06-26,5,False,accepted,True,29622.61,5
DEL-PO-RFQ-0054-V021,PO-RFQ-0054-V021,V021,2024-06-22,2024-06-22,0,True,accepted,True,35402.42,5
DEL-PO-RFQ-0054-V002,PO-RFQ-0054-V002,V002,2024-07-26,2024-07-26,0,True,accepted,False,32688.42,5
DEL-PO-RFQ-0054-V018,PO-RFQ-0054-V018,V018,2024-07-21,2024-07-21,0,True,accepted,False,34191.23,5
DEL-PO-RFQ-0055-V006,PO-RFQ-0055-V006,V006,2024-06-16,2024-06-16,0,True,accepted,False,134742.28,5
DEL-PO-RFQ-0055-V016,PO-RFQ-0055-V016,V016,2024-06-24,2024-06-24,0,True,accepted,False,155213.07,5
DEL-PO-RFQ-0055-V011,PO-RFQ-0055-V011,V011,2024-07-23,2024-07-23,0,True,accepted,False,158135.05,5
DEL-PO-RFQ-0055-V013,PO-RFQ-0055-V013,V013,2024-07-25,2024-07-25,0,True,accepted,False,190650.77,5
DEL-PO-RFQ-0055-V002,PO-RFQ-0055-V002,V002,2024-07-30,2024-07-30,0,True,accepted,False,191864.5,5
DEL-PO-RFQ-0056-V016,PO-RFQ-0056-V016,V016,2024-06-20,2024-07-08,18,False,accepted,False,173166.87,5
DEL-PO-RFQ-0056-V011,PO-RFQ-0056-V011,V011,2024-07-09,2024-07-09,0,True,accepted,False,146589.01,5
DEL-PO-RFQ-0056-V006,PO-RFQ-0056-V006,V006,2024-07-24,2024-07-24,0,True,accepted,False,175441.68,5
DEL-PO-RFQ-0056-V018,PO-RFQ-0056-V018,V018,2024-07-28,2024-07-28,0,True,accepted,False,195126.86,5
DEL-PO-RFQ-0057-V004,PO-RFQ-0057-V004,V004,2024-06-14,2024-06-14,0,True,accepted,False,35809.41,5
DEL-PO-RFQ-0057-V017,PO-RFQ-0057-V017,V017,2024-06-14,2024-06-14,0,True,accepted_with_note,False,31351.31,5
DEL-PO-RFQ-0057-V019,PO-RFQ-0057-V019,V019,2024-06-17,2024-06-17,0,True,accepted,False,35880.2,5
DEL-PO-RFQ-0057-V007,PO-RFQ-0057-V007,V007,2024-07-02,2024-07-02,0,True,accepted,False,39165.48,5
DEL-PO-RFQ-0057-V001,PO-RFQ-0057-V001,V001,2024-07-23,2024-08-02,10,False,accepted_with_note,False,34782.11,5
DEL-PO-RFQ-0058-V012,PO-RFQ-0058-V012,V012,2024-06-18,2024-06-29,11,False,accepted,False,45642.18,5
DEL-PO-RFQ-0058-V008,PO-RFQ-0058-V008,V008,2024-06-24,2024-07-04,10,False,accepted,False,41693.59,5
DEL-PO-RFQ-0058-V015,PO-RFQ-0058-V015,V015,2024-07-13,2024-07-13,0,True,accepted,False,43362.3,5
DEL-PO-RFQ-0058-V003,PO-RFQ-0058-V003,V003,2024-07-04,2024-07-04,0,True,accepted,False,42656.91,5
DEL-PO-RFQ-0058-V014,PO-RFQ-0058-V014,V014,2024-07-12,2024-07-12,0,True,accepted,False,41962.95,5
DEL-PO-RFQ-0059-V006,PO-RFQ-0059-V006,V006,2024-06-26,2024-07-16,20,False,accepted,False,43237.11,5
DEL-PO-RFQ-0059-V013,PO-RFQ-0059-V013,V013,2024-06-28,2024-06-28,0,True,accepted,False,53587.06,5
DEL-PO-RFQ-0059-V018,PO-RFQ-0059-V018,V018,2024-06-27,2024-06-27,0,True,rejected,True,54112.63,5
DEL-PO-RFQ-0059-V011,PO-RFQ-0059-V011,V011,2024-07-23,2024-07-27,4,False,accepted,False,43764.5,5
DEL-PO-RFQ-0059-V021,PO-RFQ-0059-V021,V021,2024-07-20,2024-07-20,0,True,accepted,False,53935.92,5
DEL-PO-RFQ-0060-V010,PO-RFQ-0060-V010,V010,2024-06-18,2024-06-18,0,True,accepted,False,22926.98,5
DEL-PO-RFQ-0060-V001,PO-RFQ-0060-V001,V001,2024-06-24,2024-06-24,0,True,accepted,False,24980.83,5
DEL-PO-RFQ-0060-V009,PO-RFQ-0060-V009,V009,2024-06-24,2024-06-24,0,True,accepted,False,25596.03,5
DEL-PO-RFQ-0060-V004,PO-RFQ-0060-V004,V004,2024-07-25,2024-07-25,0,True,accepted,False,25643.43,5
DEL-PO-RFQ-0060-V017,PO-RFQ-0060-V017,V017,2024-07-09,2024-07-09,0,True,accepted,False,23795.06,5
DEL-PO-RFQ-0061-V005,PO-RFQ-0061-V005,V005,2024-07-03,2024-07-15,12,False,accepted_with_note,False,2460.04,5
DEL-PO-RFQ-0061-V014,PO-RFQ-0061-V014,V014,2024-06-28,2024-06-28,0,True,accepted,False,2599.56,5
DEL-PO-RFQ-0061-V015,PO-RFQ-0061-V015,V015,2024-07-11,2024-07-11,0,True,accepted,False,2762.2,5
DEL-PO-RFQ-0061-V003,PO-RFQ-0061-V003,V003,2024-07-11,2024-08-01,21,False,accepted,False,2621.63,5
DEL-PO-RFQ-0061-V008,PO-RFQ-0061-V008,V008,2024-07-19,2024-07-30,11,False,accepted,False,2528.86,5
DEL-PO-RFQ-0062-V009,PO-RFQ-0062-V009,V009,2024-07-21,2024-07-21,0,True,accepted,False,10753.49,6
DEL-PO-RFQ-0062-V010,PO-RFQ-0062-V010,V010,2024-07-30,2024-07-30,0,True,accepted,False,8406.09,6
DEL-PO-RFQ-0062-V001,PO-RFQ-0062-V001,V001,2024-08-03,2024-08-03,0,True,accepted,True,10278.09,6
DEL-PO-RFQ-0062-V017,PO-RFQ-0062-V017,V017,2024-08-07,2024-08-07,0,True,accepted,True,9948.43,6
DEL-PO-RFQ-0062-V004,PO-RFQ-0062-V004,V004,2024-08-28,2024-09-17,20,False,accepted,False,10730.44,6
DEL-PO-RFQ-0063-V021,PO-RFQ-0063-V021,V021,2024-07-18,2024-07-18,0,True,accepted_with_note,False,159735.42,6
DEL-PO-RFQ-0063-V002,PO-RFQ-0063-V002,V002,2024-07-24,2024-07-24,0,True,accepted,False,158333.73,6
DEL-PO-RFQ-0063-V013,PO-RFQ-0063-V013,V013,2024-08-04,2024-08-04,0,True,rejected,False,158321.38,6
DEL-PO-RFQ-0063-V006,PO-RFQ-0063-V006,V006,2024-08-07,2024-08-07,0,True,accepted,False,151272.11,6
DEL-PO-RFQ-0063-V018,PO-RFQ-0063-V018,V018,2024-08-02,2024-08-02,0,True,accepted_with_note,False,157777.32,6
DEL-PO-RFQ-0064-V013,PO-RFQ-0064-V013,V013,2024-07-25,2024-07-25,0,True,accepted,False,6069.88,6
DEL-PO-RFQ-0064-V006,PO-RFQ-0064-V006,V006,2024-07-27,2024-07-27,0,True,accepted,False,4671.85,6
DEL-PO-RFQ-0064-V016,PO-RFQ-0064-V016,V016,2024-07-29,2024-07-29,0,True,accepted,False,4871.81,6
DEL-PO-RFQ-0065-V004,PO-RFQ-0065-V004,V004,2024-07-24,2024-07-24,0,True,accepted,False,44363.4,6
DEL-PO-RFQ-0065-V001,PO-RFQ-0065-V001,V001,2024-08-08,2024-08-08,0,True,accepted,False,45278.27,6
DEL-PO-RFQ-0065-V009,PO-RFQ-0065-V009,V009,2024-08-12,2024-08-12,0,True,accepted,False,44526.97,6
DEL-PO-RFQ-0065-V010,PO-RFQ-0065-V010,V010,2024-07-30,2024-08-16,17,False,accepted,False,46168.13,6
DEL-PO-RFQ-0065-V019,PO-RFQ-0065-V019,V019,2024-08-11,2024-08-18,7,False,accepted,False,48452.86,6
DEL-PO-RFQ-0066-V006,PO-RFQ-0066-V006,V006,2024-07-21,2024-08-02,12,False,accepted_with_note,True,153783.2,6
DEL-PO-RFQ-0066-V021,PO-RFQ-0066-V021,V021,2024-07-23,2024-07-23,0,True,accepted,False,146725.95,6
DEL-PO-RFQ-0066-V002,PO-RFQ-0066-V002,V002,2024-08-31,2024-08-31,0,True,accepted,False,142252.75,6
DEL-PO-RFQ-0066-V016,PO-RFQ-0066-V016,V016,2024-08-10,2024-08-10,0,True,rejected,False,125371.32,6
DEL-PO-RFQ-0066-V018,PO-RFQ-0066-V018,V018,2024-08-30,2024-08-30,0,True,accepted,False,157532.99,6
DEL-PO-RFQ-0067-V013,PO-RFQ-0067-V013,V013,2024-07-16,2024-07-16,0,True,accepted,False,35425.45,6
DEL-PO-RFQ-0067-V006,PO-RFQ-0067-V006,V006,2024-07-15,2024-07-15,0,True,accepted,False,31503.02,6
DEL-PO-RFQ-0067-V021,PO-RFQ-0067-V021,V021,2024-08-10,2024-08-10,0,True,accepted,False,34291.77,6
DEL-PO-RFQ-0067-V011,PO-RFQ-0067-V011,V011,2024-08-25,2024-08-25,0,True,accepted_with_note,False,32832.75,6
DEL-PO-RFQ-0067-V016,PO-RFQ-0067-V016,V016,2024-08-11,2024-08-11,0,True,accepted,False,38439.89,6
DEL-PO-RFQ-0068-V011,PO-RFQ-0068-V011,V011,2024-07-22,2024-07-22,0,True,accepted,True,71662.92,6
DEL-PO-RFQ-0068-V016,PO-RFQ-0068-V016,V016,2024-07-22,2024-07-22,0,True,accepted,False,71965.67,6
DEL-PO-RFQ-0068-V013,PO-RFQ-0068-V013,V013,2024-08-02,2024-08-02,0,True,accepted,False,74807.24,6
DEL-PO-RFQ-0068-V021,PO-RFQ-0068-V021,V021,2024-07-28,2024-08-12,15,False,accepted,False,75628.75,6
DEL-PO-RFQ-0068-V002,PO-RFQ-0068-V002,V002,2024-08-22,2024-08-22,0,True,accepted,False,75496.84,6
DEL-PO-RFQ-0069-V013,PO-RFQ-0069-V013,V013,2024-08-20,2024-08-20,0,True,accepted,False,6463.41,6
DEL-PO-RFQ-0069-V011,PO-RFQ-0069-V011,V011,2024-08-06,2024-08-06,0,True,accepted,False,7302.62,6
DEL-PO-RFQ-0069-V016,PO-RFQ-0069-V016,V016,2024-08-13,2024-08-13,0,True,accepted,False,5763.25,6
DEL-PO-RFQ-0069-V006,PO-RFQ-0069-V006,V006,2024-08-24,2024-08-24,0,True,accepted,False,5813.97,6
DEL-PO-RFQ-0069-V021,PO-RFQ-0069-V021,V021,2024-08-26,2024-08-26,0,True,rejected,False,6489.85,6
DEL-PO-RFQ-0070-V003,PO-RFQ-0070-V003,V003,2024-07-25,2024-07-25,0,True,accepted_with_note,False,11533.08,6
DEL-PO-RFQ-0070-V008,PO-RFQ-0070-V008,V008,2024-08-06,2024-08-14,8,False,accepted,False,11282.79,6
DEL-PO-RFQ-0070-V015,PO-RFQ-0070-V015,V015,2024-08-08,2024-08-08,0,True,rejected,False,12669.34,6
DEL-PO-RFQ-0070-V014,PO-RFQ-0070-V014,V014,2024-07-31,2024-07-31,0,True,accepted,False,12682.52,6
DEL-PO-RFQ-0070-V005,PO-RFQ-0070-V005,V005,2024-08-14,2024-08-14,0,True,accepted,False,11733.8,6
DEL-PO-RFQ-0071-V017,PO-RFQ-0071-V017,V017,2024-08-24,2024-08-24,0,True,accepted,False,30152.26,7
DEL-PO-RFQ-0071-V007,PO-RFQ-0071-V007,V007,2024-08-28,2024-08-28,0,True,accepted,False,34137.03,7
DEL-PO-RFQ-0071-V009,PO-RFQ-0071-V009,V009,2024-09-12,2024-09-12,0,True,accepted,False,30946.91,7
DEL-PO-RFQ-0071-V001,PO-RFQ-0071-V001,V001,2024-09-16,2024-09-16,0,True,accepted,False,31980.16,7
DEL-PO-RFQ-0071-V010,PO-RFQ-0071-V010,V010,2024-09-15,2024-09-15,0,True,accepted,False,29778.36,7
DEL-PO-RFQ-0072-V008,PO-RFQ-0072-V008,V008,2024-08-12,2024-08-12,0,True,accepted,False,65413.65,7
DEL-PO-RFQ-0072-V005,PO-RFQ-0072-V005,V005,2024-08-16,2024-08-16,0,True,accepted,False,63923.75,7
DEL-PO-RFQ-0072-V015,PO-RFQ-0072-V015,V015,2024-08-23,2024-09-09,17,False,accepted_with_note,False,67732.6,7
DEL-PO-RFQ-0072-V014,PO-RFQ-0072-V014,V014,2024-08-26,2024-08-26,0,True,accepted,False,70596.12,7
DEL-PO-RFQ-0072-V012,PO-RFQ-0072-V012,V012,2024-09-10,2024-09-10,0,True,rejected,False,70467.56,7
DEL-PO-RFQ-0073-V002,PO-RFQ-0073-V002,V002,2024-08-25,2024-08-25,0,True,accepted,False,55937.09,7
DEL-PO-RFQ-0073-V013,PO-RFQ-0073-V013,V013,2024-09-29,2024-09-29,0,True,accepted,False,55796.63,7
DEL-PO-RFQ-0073-V011,PO-RFQ-0073-V011,V011,2024-09-11,2024-09-11,0,True,rejected,False,51271.33,7
DEL-PO-RFQ-0073-V006,PO-RFQ-0073-V006,V006,2024-09-21,2024-09-21,0,True,rejected,False,51855.25,7
DEL-PO-RFQ-0073-V018,PO-RFQ-0073-V018,V018,2024-09-05,2024-09-22,17,False,accepted,True,60806.91,7
DEL-PO-RFQ-0074-V002,PO-RFQ-0074-V002,V002,2024-08-24,2024-09-12,19,False,accepted,False,7170.15,7
DEL-PO-RFQ-0074-V013,PO-RFQ-0074-V013,V013,2024-09-28,2024-09-28,0,True,accepted,True,6972.1,7
DEL-PO-RFQ-0074-V016,PO-RFQ-0074-V016,V016,2024-09-12,2024-09-12,0,True,accepted,False,6472.78,7
DEL-PO-RFQ-0074-V018,PO-RFQ-0074-V018,V018,2024-09-15,2024-09-15,0,True,accepted,False,7825.34,7
DEL-PO-RFQ-0075-V006,PO-RFQ-0075-V006,V006,2024-08-18,2024-08-23,5,False,accepted,False,21692.8,7
DEL-PO-RFQ-0075-V013,PO-RFQ-0075-V013,V013,2024-08-31,2024-08-31,0,True,accepted_with_note,False,26360.78,7
DEL-PO-RFQ-0075-V016,PO-RFQ-0075-V016,V016,2024-08-25,2024-08-25,0,True,accepted_with_note,False,24581.72,7
DEL-PO-RFQ-0075-V002,PO-RFQ-0075-V002,V002,2024-09-23,2024-09-23,0,True,rejected,False,26589.14,7
DEL-PO-RFQ-0075-V011,PO-RFQ-0075-V011,V011,2024-09-17,2024-09-17,0,True,accepted_with_note,False,26730.38,7
DEL-PO-RFQ-0076-V002,PO-RFQ-0076-V002,V002,2024-09-20,2024-09-20,0,True,accepted,False,240051.86,7
DEL-PO-RFQ-0076-V013,PO-RFQ-0076-V013,V013,2024-09-16,2024-09-16,0,True,accepted,False,260017.27,7
DEL-PO-RFQ-0076-V016,PO-RFQ-0076-V016,V016,2024-09-16,2024-09-16,0,True,accepted,False,225597.7,7
DEL-PO-RFQ-0076-V021,PO-RFQ-0076-V021,V021,2024-09-12,2024-09-12,0,True,accepted,False,237553.47,7
DEL-PO-RFQ-0076-V006,PO-RFQ-0076-V006,V006,2024-09-29,2024-10-18,19,False,accepted,False,222657.75,7
DEL-PO-RFQ-0077-V006,PO-RFQ-0077-V006,V006,2024-08-14,2024-08-23,9,False,accepted,False,67692.39,7
DEL-PO-RFQ-0077-V021,PO-RFQ-0077-V021,V021,2024-08-28,2024-08-28,0,True,accepted,False,74153.29,7
DEL-PO-RFQ-0077-V002,PO-RFQ-0077-V002,V002,2024-09-15,2024-09-15,0,True,accepted_with_note,False,74578.59,7
DEL-PO-RFQ-0077-V013,PO-RFQ-0077-V013,V013,2024-09-21,2024-09-21,0,True,accepted,False,76288.54,7
DEL-PO-RFQ-0078-V012,PO-RFQ-0078-V012,V012,2024-08-16,2024-08-30,14,False,accepted_with_note,False,92590.15,7
DEL-PO-RFQ-0078-V015,PO-RFQ-0078-V015,V015,2024-09-22,2024-09-22,0,True,accepted_with_note,False,91566.04,7
DEL-PO-RFQ-0078-V005,PO-RFQ-0078-V005,V005,2024-09-22,2024-09-25,3,False,accepted,False,83901.84,7
DEL-PO-RFQ-0078-V003,PO-RFQ-0078-V003,V003,2024-09-25,2024-09-25,0,True,accepted,False,95494.82,7
DEL-PO-RFQ-0078-V020,PO-RFQ-0078-V020,V020,2024-09-20,2024-09-20,0,True,accepted,False,91219.26,7
DEL-PO-RFQ-0079-V021,PO-RFQ-0079-V021,V021,2024-08-17,2024-08-17,0,True,accepted,False,16646.04,7
DEL-PO-RFQ-0079-V002,PO-RFQ-0079-V002,V002,2024-09-16,2024-09-16,0,True,accepted,False,16298.08,7
DEL-PO-RFQ-0079-V013,PO-RFQ-0079-V013,V013,2024-09-14,2024-09-14,0,True,accepted,False,15976.66,7
DEL-PO-RFQ-0079-V011,PO-RFQ-0079-V011,V011,2024-09-10,2024-09-10,0,True,accepted_with_note,False,15956.2,7
DEL-PO-RFQ-0079-V006,PO-RFQ-0079-V006,V006,2024-09-24,2024-09-24,0,True,accepted,False,15825.14,7
DEL-PO-RFQ-0080-V009,PO-RFQ-0080-V009,V009,2024-08-24,2024-08-24,0,True,rejected,False,4346.73,7
DEL-PO-RFQ-0080-V001,PO-RFQ-0080-V001,V001,2024-08-20,2024-08-20,0,True,accepted,False,4557.42,7
DEL-PO-RFQ-0080-V017,PO-RFQ-0080-V017,V017,2024-08-22,2024-08-24,2,False,accepted,False,4348.65,7
DEL-PO-RFQ-0080-V024,PO-RFQ-0080-V024,V024,2024-08-29,2024-09-18,20,False,accepted,False,4424.85,7
DEL-PO-RFQ-0080-V007,PO-RFQ-0080-V007,V007,2024-09-30,2024-09-30,0,True,accepted,False,4840.21,7
DEL-PO-RFQ-0081-V019,PO-RFQ-0081-V019,V019,2024-08-21,2024-08-21,0,True,accepted,False,43527.32,7
DEL-PO-RFQ-0081-V001,PO-RFQ-0081-V001,V001,2024-09-04,2024-09-04,0,True,accepted,False,42958.38,7
DEL-PO-RFQ-0081-V024,PO-RFQ-0081-V024,V024,2024-08-24,2024-09-03,10,False,rejected,False,43147.85,7
DEL-PO-RFQ-0081-V004,PO-RFQ-0081-V004,V004,2024-09-07,2024-09-07,0,True,accepted,False,42599.61,7
DEL-PO-RFQ-0081-V017,PO-RFQ-0081-V017,V017,2024-09-03,2024-09-03,0,True,accepted,False,40512.94,7
DEL-PO-RFQ-0082-V005,PO-RFQ-0082-V005,V005,2024-09-19,2024-09-19,0,True,accepted,False,2794.33,8
DEL-PO-RFQ-0082-V003,PO-RFQ-0082-V003,V003,2024-10-07,2024-10-07,0,True,accepted,False,2992.82,8
DEL-PO-RFQ-0082-V014,PO-RFQ-0082-V014,V014,2024-10-25,2024-10-25,0,True,accepted,False,2939.25,8
DEL-PO-RFQ-0082-V020,PO-RFQ-0082-V020,V020,2024-10-21,2024-10-21,0,True,accepted,False,2954.92,8
DEL-PO-RFQ-0083-V021,PO-RFQ-0083-V021,V021,2024-09-21,2024-09-21,0,True,accepted_with_note,False,200442.66,8
DEL-PO-RFQ-0083-V002,PO-RFQ-0083-V002,V002,2024-10-11,2024-10-11,0,True,accepted_with_note,False,204239.54,8
DEL-PO-RFQ-0083-V018,PO-RFQ-0083-V018,V018,2024-09-23,2024-09-23,0,True,accepted,False,206969.16,8
DEL-PO-RFQ-0084-V006,PO-RFQ-0084-V006,V006,2024-10-04,2024-10-17,13,False,accepted,False,144983.1,8
DEL-PO-RFQ-0084-V016,PO-RFQ-0084-V016,V016,2024-09-27,2024-09-27,0,True,accepted,False,149243.64,8
DEL-PO-RFQ-0084-V011,PO-RFQ-0084-V011,V011,2024-09-22,2024-09-22,0,True,accepted,False,168344.15,8
DEL-PO-RFQ-0084-V013,PO-RFQ-0084-V013,V013,2024-10-15,2024-10-15,0,True,accepted,False,158888.43,8
DEL-PO-RFQ-0084-V002,PO-RFQ-0084-V002,V002,2024-10-18,2024-10-18,0,True,accepted_with_note,False,161779.91,8
DEL-PO-RFQ-0085-V012,PO-RFQ-0085-V012,V012,2024-09-24,2024-09-24,0,True,accepted,False,98540.12,8
DEL-PO-RFQ-0085-V015,PO-RFQ-0085-V015,V015,2024-09-29,2024-09-29,0,True,accepted,False,95347.29,8
DEL-PO-RFQ-0085-V005,PO-RFQ-0085-V005,V005,2024-10-05,2024-10-05,0,True,accepted_with_note,True,86202.43,8
DEL-PO-RFQ-0085-V020,PO-RFQ-0085-V020,V020,2024-10-20,2024-10-20,0,True,accepted,False,100129.52,8
DEL-PO-RFQ-0086-V010,PO-RFQ-0086-V010,V010,2024-09-16,2024-09-16,0,True,accepted,False,4712.83,8
DEL-PO-RFQ-0086-V004,PO-RFQ-0086-V004,V004,2024-09-24,2024-09-24,0,True,accepted,False,4815.15,8
DEL-PO-RFQ-0086-V001,PO-RFQ-0086-V001,V001,2024-09-27,2024-09-27,0,True,accepted,False,4944.33,8
DEL-PO-RFQ-0086-V009,PO-RFQ-0086-V009,V009,2024-10-04,2024-10-04,0,True,accepted,False,4793.62,8
DEL-PO-RFQ-0086-V024,PO-RFQ-0086-V024,V024,2024-09-22,2024-09-22,0,True,accepted,False,4905.93,8
DEL-PO-RFQ-0087-V001,PO-RFQ-0087-V001,V001,2024-09-27,2024-09-27,0,True,accepted,False,9820.03,8
DEL-PO-RFQ-0087-V010,PO-RFQ-0087-V010,V010,2024-10-05,2024-10-05,0,True,accepted,False,8560.98,8
DEL-PO-RFQ-0087-V019,PO-RFQ-0087-V019,V019,2024-10-02,2024-10-02,0,True,accepted,False,10481.17,8
DEL-PO-RFQ-0087-V004,PO-RFQ-0087-V004,V004,2024-10-14,2024-10-14,0,True,accepted,False,9661.39,8
DEL-PO-RFQ-0087-V007,PO-RFQ-0087-V007,V007,2024-10-24,2024-10-24,0,True,accepted,False,9939.38,8
DEL-PO-RFQ-0088-V015,PO-RFQ-0088-V015,V015,2024-09-19,2024-09-19,0,True,accepted,False,65767.07,8
DEL-PO-RFQ-0088-V020,PO-RFQ-0088-V020,V020,2024-09-28,2024-09-28,0,True,accepted,False,66558.28,8
DEL-PO-RFQ-0088-V005,PO-RFQ-0088-V005,V005,2024-10-09,2024-10-25,16,False,accepted,False,63700.23,8
DEL-PO-RFQ-0088-V003,PO-RFQ-0088-V003,V003,2024-10-16,2024-10-16,0,True,accepted,False,62188.45,8
DEL-PO-RFQ-0088-V023,PO-RFQ-0088-V023,V023,2024-10-20,2024-10-20,0,True,accepted,False,69971.93,8
DEL-PO-RFQ-0089-V005,PO-RFQ-0089-V005,V005,2024-09-14,2024-09-14,0,True,accepted,False,61878.4,8
DEL-PO-RFQ-0089-V015,PO-RFQ-0089-V015,V015,2024-09-22,2024-09-22,0,True,accepted,False,61635.52,8
DEL-PO-RFQ-0089-V003,PO-RFQ-0089-V003,V003,2024-09-20,2024-09-20,0,True,accepted_with_note,False,63239.56,8
DEL-PO-RFQ-0089-V020,PO-RFQ-0089-V020,V020,2024-09-25,2024-09-25,0,True,accepted,False,64852.96,8
DEL-PO-RFQ-0090-V008,PO-RFQ-0090-V008,V008,2024-09-16,2024-09-19,3,False,accepted,False,966.35,8
DEL-PO-RFQ-0090-V020,PO-RFQ-0090-V020,V020,2024-09-17,2024-09-17,0,True,rejected,True,1060.01,8
DEL-PO-RFQ-0090-V003,PO-RFQ-0090-V003,V003,2024-09-18,2024-09-18,0,True,accepted,False,1010.04,8
DEL-PO-RFQ-0090-V015,PO-RFQ-0090-V015,V015,2024-10-27,2024-10-27,0,True,accepted,False,986.99,8
DEL-PO-RFQ-0090-V012,PO-RFQ-0090-V012,V012,2024-10-29,2024-10-29,0,True,accepted,False,1006.07,8
DEL-PO-RFQ-0091-V021,PO-RFQ-0091-V021,V021,2024-10-06,2024-10-06,0,True,accepted,False,110568.23,8
DEL-PO-RFQ-0091-V006,PO-RFQ-0091-V006,V006,2024-10-22,2024-10-25,3,False,accepted,False,99991.55,8
DEL-PO-RFQ-0091-V018,PO-RFQ-0091-V018,V018,2024-10-12,2024-10-12,0,True,accepted,False,122558.4,8
DEL-PO-RFQ-0092-V010,PO-RFQ-0092-V010,V010,2024-09-15,2024-09-15,0,True,accepted,False,63613.54,8
DEL-PO-RFQ-0092-V004,PO-RFQ-0092-V004,V004,2024-09-21,2024-09-21,0,True,accepted,False,69130.43,8
DEL-PO-RFQ-0092-V001,PO-RFQ-0092-V001,V001,2024-09-26,2024-09-26,0,True,accepted,False,70966.46,8
DEL-PO-RFQ-0092-V009,PO-RFQ-0092-V009,V009,2024-10-07,2024-10-07,0,True,accepted_with_note,False,68628.75,8
DEL-PO-RFQ-0092-V019,PO-RFQ-0092-V019,V019,2024-10-05,2024-10-05,0,True,accepted,False,74820.51,8
DEL-PO-RFQ-0093-V014,PO-RFQ-0093-V014,V014,2024-10-14,2024-10-14,0,True,accepted,False,38276.21,9
DEL-PO-RFQ-0093-V015,PO-RFQ-0093-V015,V015,2024-11-21,2024-11-21,0,True,accepted,False,38965.95,9
DEL-PO-RFQ-0093-V003,PO-RFQ-0093-V003,V003,2024-11-18,2024-11-18,0,True,accepted,False,37429.6,9
DEL-PO-RFQ-0093-V012,PO-RFQ-0093-V012,V012,2024-11-17,2024-11-17,0,True,accepted,False,39077.68,9
DEL-PO-RFQ-0093-V005,PO-RFQ-0093-V005,V005,2024-11-27,2024-11-27,0,True,accepted,False,37658.29,9
DEL-PO-RFQ-0094-V003,PO-RFQ-0094-V003,V003,2024-10-12,2024-10-12,0,True,accepted,False,9459.13,9
DEL-PO-RFQ-0094-V014,PO-RFQ-0094-V014,V014,2024-10-23,2024-11-09,17,False,accepted,False,9030.41,9
DEL-PO-RFQ-0094-V015,PO-RFQ-0094-V015,V015,2024-11-08,2024-11-08,0,True,accepted,False,9530.59,9
DEL-PO-RFQ-0094-V020,PO-RFQ-0094-V020,V020,2024-10-30,2024-10-30,0,True,accepted_with_note,False,9496.48,9
DEL-PO-RFQ-0094-V008,PO-RFQ-0094-V008,V008,2024-11-12,2024-11-30,18,False,accepted,False,8879.91,9
DEL-PO-RFQ-0095-V013,PO-RFQ-0095-V013,V013,2024-11-06,2024-11-06,0,True,accepted_with_note,False,144208.51,9
DEL-PO-RFQ-0095-V016,PO-RFQ-0095-V016,V016,2024-11-09,2024-11-09,0,True,accepted,False,163665.95,9
DEL-PO-RFQ-0096-V004,PO-RFQ-0096-V004,V004,2024-10-16,2024-10-16,0,True,accepted,False,126243.81,9
DEL-PO-RFQ-0096-V009,PO-RFQ-0096-V009,V009,2024-10-23,2024-10-23,0,True,accepted,False,121164.53,9
DEL-PO-RFQ-0096-V001,PO-RFQ-0096-V001,V001,2024-11-05,2024-11-05,0,True,accepted,False,127042.88,9
DEL-PO-RFQ-0096-V010,PO-RFQ-0096-V010,V010,2024-11-02,2024-11-02,0,True,accepted,False,110692.09,9
DEL-PO-RFQ-0096-V024,PO-RFQ-0096-V024,V024,2024-11-02,2024-11-14,12,False,accepted,False,126656.73,9
DEL-PO-RFQ-0097-V001,PO-RFQ-0097-V001,V001,2024-10-19,2024-10-19,0,True,accepted,False,35732.14,9
DEL-PO-RFQ-0097-V010,PO-RFQ-0097-V010,V010,2024-10-20,2024-10-20,0,True,accepted,False,35275.17,9
DEL-PO-RFQ-0097-V017,PO-RFQ-0097-V017,V017,2024-10-29,2024-10-29,0,True,accepted_with_note,False,30843.96,9
DEL-PO-RFQ-0097-V007,PO-RFQ-0097-V007,V007,2024-11-15,2024-11-15,0,True,accepted,False,36611.48,9
DEL-PO-RFQ-0098-V006,PO-RFQ-0098-V006,V006,2024-10-24,2024-10-24,0,True,accepted,False,44345.5,9
DEL-PO-RFQ-0098-V002,PO-RFQ-0098-V002,V002,2024-11-09,2024-11-09,0,True,accepted,False,47995.77,9
DEL-PO-RFQ-0098-V011,PO-RFQ-0098-V011,V011,2024-11-12,2024-11-21,9,False,accepted,False,40051.68,9
DEL-PO-RFQ-0098-V013,PO-RFQ-0098-V013,V013,2024-11-21,2024-11-21,0,True,accepted_with_note,False,48811.85,9
DEL-PO-RFQ-0098-V021,PO-RFQ-0098-V021,V021,2024-11-22,2024-11-22,0,True,accepted,True,48816.71,9
DEL-PO-RFQ-0099-V011,PO-RFQ-0099-V011,V011,2024-10-30,2024-10-30,0,True,accepted,False,63937.12,9
DEL-PO-RFQ-0099-V013,PO-RFQ-0099-V013,V013,2024-11-12,2024-11-12,0,True,accepted,False,69452.7,9
DEL-PO-RFQ-0099-V002,PO-RFQ-0099-V002,V002,2024-11-16,2024-11-16,0,True,accepted,False,68909.59,9
DEL-PO-RFQ-0099-V006,PO-RFQ-0099-V006,V006,2024-11-28,2024-11-30,2,False,accepted,False,55870.23,9
DEL-PO-RFQ-0099-V018,PO-RFQ-0099-V018,V018,2024-11-19,2024-11-19,0,True,accepted,True,73620.36,9
DEL-PO-RFQ-0100-V005,PO-RFQ-0100-V005,V005,2024-10-11,2024-10-20,9,False,accepted,False,50485.32,9
DEL-PO-RFQ-0100-V012,PO-RFQ-0100-V012,V012,2024-10-21,2024-10-21,0,True,accepted,True,58681.79,9
DEL-PO-RFQ-0100-V015,PO-RFQ-0100-V015,V015,2024-11-26,2024-11-26,0,True,accepted,False,56514.6,9
DEL-PO-RFQ-0100-V003,PO-RFQ-0100-V003,V003,2024-11-25,2024-11-25,0,True,accepted,False,53592.12,9
DEL-PO-RFQ-0100-V020,PO-RFQ-0100-V020,V020,2024-11-22,2024-11-22,0,True,accepted,False,52346.59,9
DEL-PO-RFQ-0101-V001,PO-RFQ-0101-V001,V001,2024-10-26,2024-10-26,0,True,accepted,True,44531.96,9
DEL-PO-RFQ-0101-V009,PO-RFQ-0101-V009,V009,2024-10-21,2024-10-21,0,True,accepted,False,43646.8,9
DEL-PO-RFQ-0101-V010,PO-RFQ-0101-V010,V010,2024-11-04,2024-11-04,0,True,rejected,False,41858.55,9
DEL-PO-RFQ-0101-V019,PO-RFQ-0101-V019,V019,2024-11-01,2024-11-01,0,True,rejected,False,48038.07,9
DEL-PO-RFQ-0101-V004,PO-RFQ-0101-V004,V004,2024-11-20,2024-11-20,0,True,accepted,False,47127.18,9
DEL-PO-RFQ-0102-V010,PO-RFQ-0102-V010,V010,2024-10-17,2024-10-17,0,True,accepted,False,105967.6,9
DEL-PO-RFQ-0102-V004,PO-RFQ-0102-V004,V004,2024-11-04,2024-11-04,0,True,accepted,False,113169.21,9
DEL-PO-RFQ-0102-V001,PO-RFQ-0102-V001,V001,2024-11-06,2024-11-06,0,True,accepted,True,116575.68,9
DEL-PO-RFQ-0102-V017,PO-RFQ-0102-V017,V017,2024-10-28,2024-10-28,0,True,rejected,False,111293.67,9
DEL-PO-RFQ-0102-V009,PO-RFQ-0102-V009,V009,2024-11-20,2024-11-20,0,True,accepted,False,114563.05,9
DEL-PO-RFQ-0103-V012,PO-RFQ-0103-V012,V012,2024-10-14,2024-11-02,19,False,accepted_with_note,False,11494.53,9
DEL-PO-RFQ-0103-V008,PO-RFQ-0103-V008,V008,2024-10-23,2024-10-23,0,True,accepted,False,10455.96,9
DEL-PO-RFQ-0103-V015,PO-RFQ-0103-V015,V015,2024-11-01,2024-11-01,0,True,rejected,False,11561.4,9
DEL-PO-RFQ-0103-V003,PO-RFQ-0103-V003,V003,2024-10-31,2024-10-31,0,True,accepted,False,10688.12,9
DEL-PO-RFQ-0103-V005,PO-RFQ-0103-V005,V005,2024-11-12,2024-11-12,0,True,accepted,False,10943.73,9
DEL-PO-RFQ-0104-V007,PO-RFQ-0104-V007,V007,2024-11-28,2024-11-28,0,True,accepted,False,8659.65,10
DEL-PO-RFQ-0104-V019,PO-RFQ-0104-V019,V019,2024-11-26,2024-11-26,0,True,accepted_with_note,False,8298.35,10
DEL-PO-RFQ-0104-V009,PO-RFQ-0104-V009,V009,2024-12-17,2024-12-17,0,True,accepted,False,7414.91,10
DEL-PO-RFQ-0104-V010,PO-RFQ-0104-V010,V010,2024-12-05,2024-12-05,0,True,accepted,False,7462.87,10
DEL-PO-RFQ-0104-V004,PO-RFQ-0104-V004,V004,2024-12-24,2024-12-24,0,True,accepted,False,8240.12,10
DEL-PO-RFQ-0105-V018,PO-RFQ-0105-V018,V018,2024-11-21,2024-11-21,0,True,accepted,False,112938.38,10
DEL-PO-RFQ-0105-V002,PO-RFQ-0105-V002,V002,2024-12-24,2024-12-24,0,True,accepted,False,103400.33,10
DEL-PO-RFQ-0105-V021,PO-RFQ-0105-V021,V021,2024-12-30,2024-12-30,0,True,accepted,False,105056.21,10
DEL-PO-RFQ-0105-V006,PO-RFQ-0105-V006,V006,2024-12-21,2024-12-21,0,True,accepted,False,122220.46,10
DEL-PO-RFQ-0106-V017,PO-RFQ-0106-V017,V017,2024-11-18,2024-11-18,0,True,rejected,False,872.68,10
DEL-PO-RFQ-0106-V001,PO-RFQ-0106-V001,V001,2024-12-04,2024-12-04,0,True,accepted,False,1010.73,10
DEL-PO-RFQ-0106-V004,PO-RFQ-0106-V004,V004,2024-12-08,2024-12-08,0,True,accepted,False,972.69,10
DEL-PO-RFQ-0106-V007,PO-RFQ-0106-V007,V007,2024-12-05,2024-12-05,0,True,accepted,False,1025.61,10
DEL-PO-RFQ-0106-V009,PO-RFQ-0106-V009,V009,2024-12-14,2024-12-14,0,True,accepted,False,963.22,10
DEL-PO-RFQ-0107-V001,PO-RFQ-0107-V001,V001,2024-11-19,2024-11-30,11,False,accepted,False,2477.55,10
DEL-PO-RFQ-0107-V010,PO-RFQ-0107-V010,V010,2024-11-18,2024-11-18,0,True,accepted,False,2194.8,10
DEL-PO-RFQ-0107-V024,PO-RFQ-0107-V024,V024,2024-11-12,2024-11-26,14,False,accepted,False,2548.36,10
DEL-PO-RFQ-0107-V009,PO-RFQ-0107-V009,V009,2024-11-22,2024-11-22,0,True,accepted_with_note,False,2410.5,10
DEL-PO-RFQ-0107-V004,PO-RFQ-0107-V004,V004,2024-12-02,2024-12-02,0,True,accepted,False,2428.36,10
DEL-PO-RFQ-0108-V020,PO-RFQ-0108-V020,V020,2024-11-27,2024-11-27,0,True,accepted,False,44457.18,10
DEL-PO-RFQ-0108-V003,PO-RFQ-0108-V003,V003,2024-11-30,2024-11-30,0,True,accepted,False,43199.07,10
DEL-PO-RFQ-0108-V014,PO-RFQ-0108-V014,V014,2024-12-01,2024-12-01,0,True,accepted,False,42048.01,10
DEL-PO-RFQ-0108-V008,PO-RFQ-0108-V008,V008,2024-12-05,2024-12-05,0,True,accepted,True,42201.97,10
DEL-PO-RFQ-0108-V023,PO-RFQ-0108-V023,V023,2024-12-01,2024-12-19,18,False,accepted,False,46752.22,10
DEL-PO-RFQ-0109-V021,PO-RFQ-0109-V021,V021,2024-11-09,2024-11-09,0,True,accepted,False,17859.86,10
DEL-PO-RFQ-0109-V013,PO-RFQ-0109-V013,V013,2024-11-29,2024-11-29,0,True,accepted,False,18157.38,10
DEL-PO-RFQ-0109-V002,PO-RFQ-0109-V002,V002,2024-12-14,2024-12-14,0,True,accepted,False,17752.21,10
DEL-PO-RFQ-0109-V018,PO-RFQ-0109-V018,V018,2024-12-01,2024-12-01,0,True,rejected,False,19701.71,10
DEL-PO-RFQ-0110-V021,PO-RFQ-0110-V021,V021,2024-11-14,2024-11-14,0,True,accepted,False,6027.68,10
DEL-PO-RFQ-0110-V013,PO-RFQ-0110-V013,V013,2024-11-23,2024-11-23,0,True,accepted,False,5655.75,10
DEL-PO-RFQ-0110-V016,PO-RFQ-0110-V016,V016,2024-12-04,2024-12-04,0,True,accepted,False,6067.71,10
DEL-PO-RFQ-0110-V018,PO-RFQ-0110-V018,V018,2024-12-04,2024-12-04,0,True,accepted,False,6344.49,10
DEL-PO-RFQ-0111-V005,PO-RFQ-0111-V005,V005,2024-11-18,2024-11-18,0,True,accepted,False,1411.25,10
DEL-PO-RFQ-0111-V012,PO-RFQ-0111-V012,V012,2024-11-24,2024-11-24,0,True,accepted,False,1572.05,10
DEL-PO-RFQ-0111-V015,PO-RFQ-0111-V015,V015,2024-12-10,2024-12-10,0,True,accepted,True,1643.51,10
DEL-PO-RFQ-0111-V003,PO-RFQ-0111-V003,V003,2024-12-24,2024-12-24,0,True,accepted,False,1475.56,10
DEL-PO-RFQ-0111-V014,PO-RFQ-0111-V014,V014,2024-12-18,2024-12-29,11,False,accepted_with_note,False,1535.83,10
DEL-PO-RFQ-0112-V005,PO-RFQ-0112-V005,V005,2024-11-27,2024-11-27,0,True,accepted,False,87102.84,10
DEL-PO-RFQ-0112-V023,PO-RFQ-0112-V023,V023,2024-11-16,2024-11-17,1,False,accepted,False,98663.05,10
DEL-PO-RFQ-0112-V015,PO-RFQ-0112-V015,V015,2024-12-11,2024-12-11,0,True,accepted,False,94258.15,10
DEL-PO-RFQ-0112-V020,PO-RFQ-0112-V020,V020,2024-12-05,2024-12-05,0,True,accepted,False,89220.33,10
DEL-PO-RFQ-0112-V012,PO-RFQ-0112-V012,V012,2024-12-16,2024-12-16,0,True,accepted,False,98412.7,10
DEL-PO-RFQ-0113-V011,PO-RFQ-0113-V011,V011,2024-11-22,2024-11-22,0,True,accepted_with_note,False,92926.69,10
DEL-PO-RFQ-0113-V002,PO-RFQ-0113-V002,V002,2024-11-29,2024-11-29,0,True,accepted,False,99624.42,10
DEL-PO-RFQ-0113-V016,PO-RFQ-0113-V016,V016,2024-12-12,2024-12-19,7,False,accepted,False,89992.8,10
DEL-PO-RFQ-0113-V006,PO-RFQ-0113-V006,V006,2024-12-23,2024-12-23,0,True,accepted,False,93483.8,10
DEL-PO-RFQ-0114-V002,PO-RFQ-0114-V002,V002,2024-11-19,2024-11-19,0,True,accepted,False,81748.11,10
DEL-PO-RFQ-0114-V013,PO-RFQ-0114-V013,V013,2024-11-20,2024-11-20,0,True,accepted,False,77491.69,10
DEL-PO-RFQ-0114-V006,PO-RFQ-0114-V006,V006,2024-11-22,2024-11-22,0,True,accepted_with_note,False,86389.94,10
DEL-PO-RFQ-0114-V011,PO-RFQ-0114-V011,V011,2024-12-27,2024-12-27,0,True,accepted,False,73813.85,10
DEL-PO-RFQ-0114-V021,PO-RFQ-0114-V021,V021,2024-12-26,2024-12-26,0,True,accepted,False,79525.74,10
DEL-PO-RFQ-0115-V015,PO-RFQ-0115-V015,V015,2024-12-08,2024-12-08,0,True,rejected,False,95629.23,10
DEL-PO-RFQ-0115-V003,PO-RFQ-0115-V003,V003,2024-12-12,2024-12-12,0,True,accepted,True,91386.24,10
DEL-PO-RFQ-0115-V012,PO-RFQ-0115-V012,V012,2024-12-18,2024-12-18,0,True,accepted,False,99543.81,10
DEL-PO-RFQ-0115-V005,PO-RFQ-0115-V005,V005,2024-12-16,2024-12-16,0,True,accepted,False,93102.65,10
DEL-PO-RFQ-0115-V008,PO-RFQ-0115-V008,V008,2024-12-18,2025-01-01,14,False,accepted,False,96781.07,10
DEL-PO-RFQ-0116-V009,PO-RFQ-0116-V009,V009,2024-12-29,2024-12-29,0,True,accepted,False,38492.46,11
DEL-PO-RFQ-0116-V007,PO-RFQ-0116-V007,V007,2024-12-26,2024-12-26,0,True,rejected,False,39572.52,11
DEL-PO-RFQ-0116-V004,PO-RFQ-0116-V004,V004,2025-01-05,2025-01-05,0,True,accepted,False,38864.01,11
DEL-PO-RFQ-0116-V022,PO-RFQ-0116-V022,V022,2024-12-24,2024-12-24,0,True,accepted_with_note,False,35328.32,11
DEL-PO-RFQ-0116-V019,PO-RFQ-0116-V019,V019,2025-01-23,2025-01-23,0,True,accepted,False,39810.19,11
DEL-PO-RFQ-0117-V016,PO-RFQ-0117-V016,V016,2024-12-19,2024-12-19,0,True,accepted,False,128076.6,11
DEL-PO-RFQ-0117-V018,PO-RFQ-0117-V018,V018,2024-12-20,2024-12-20,0,True,accepted_with_note,False,161877.27,11
DEL-PO-RFQ-0117-V013,PO-RFQ-0117-V013,V013,2025-01-02,2025-01-02,0,True,accepted,False,150030.53,11
DEL-PO-RFQ-0117-V002,PO-RFQ-0117-V002,V002,2025-01-10,2025-01-10,0,True,accepted,False,140003.01,11
DEL-PO-RFQ-0117-V011,PO-RFQ-0117-V011,V011,2025-01-08,2025-01-14,6,False,accepted_with_note,False,144680.93,11
DEL-PO-RFQ-0118-V006,PO-RFQ-0118-V006,V006,2025-01-16,2025-01-16,0,True,accepted,False,64142.33,11
DEL-PO-RFQ-0118-V013,PO-RFQ-0118-V013,V013,2025-01-17,2025-01-17,0,True,rejected,False,71212.12,11
DEL-PO-RFQ-0118-V021,PO-RFQ-0118-V021,V021,2025-01-16,2025-01-16,0,True,accepted,False,68700.6,11
DEL-PO-RFQ-0118-V016,PO-RFQ-0118-V016,V016,2025-01-25,2025-01-26,1,False,accepted,False,67765.62,11
DEL-PO-RFQ-0118-V018,PO-RFQ-0118-V018,V018,2025-01-26,2025-01-26,0,True,accepted,True,78286.4,11
DEL-PO-RFQ-0119-V002,PO-RFQ-0119-V002,V002,2024-12-30,2024-12-30,0,True,accepted_with_note,False,204247.38,11
DEL-PO-RFQ-0119-V013,PO-RFQ-0119-V013,V013,2025-01-13,2025-01-13,0,True,accepted,False,189781.8,11
DEL-PO-RFQ-0119-V018,PO-RFQ-0119-V018,V018,2025-01-13,2025-01-29,16,False,accepted,False,207035.58,11
DEL-PO-RFQ-0120-V024,PO-RFQ-0120-V024,V024,2024-12-15,2024-12-15,0,True,accepted,False,33192.96,11
DEL-PO-RFQ-0120-V007,PO-RFQ-0120-V007,V007,2024-12-17,2024-12-17,0,True,accepted_with_note,False,35649.89,11
DEL-PO-RFQ-0120-V017,PO-RFQ-0120-V017,V017,2024-12-22,2024-12-22,0,True,accepted,False,29391.67,11
DEL-PO-RFQ-0120-V001,PO-RFQ-0120-V001,V001,2025-01-03,2025-01-03,0,True,accepted,False,34278.33,11
DEL-PO-RFQ-0120-V010,PO-RFQ-0120-V010,V010,2025-01-01,2025-01-01,0,True,accepted,False,30371.42,11
DEL-PO-RFQ-0121-V006,PO-RFQ-0121-V006,V006,2024-12-18,2024-12-18,0,True,accepted,False,144123.57,11
DEL-PO-RFQ-0121-V021,PO-RFQ-0121-V021,V021,2024-12-27,2024-12-27,0,True,accepted,False,155106.51,11
DEL-PO-RFQ-0121-V011,PO-RFQ-0121-V011,V011,2025-01-19,2025-02-04,16,False,accepted,False,131366.67,11
DEL-PO-RFQ-0121-V016,PO-RFQ-0121-V016,V016,2025-01-17,2025-01-23,6,False,accepted,False,173057.78,11
DEL-PO-RFQ-0121-V018,PO-RFQ-0121-V018,V018,2025-01-25,2025-01-25,0,True,accepted,False,162620.91,11
DEL-PO-RFQ-0122-V002,PO-RFQ-0122-V002,V002,2024-12-20,2024-12-20,0,True,accepted,False,120808.95,11
DEL-PO-RFQ-0122-V013,PO-RFQ-0122-V013,V013,2024-12-22,2024-12-22,0,True,accepted,False,126464.35,11
DEL-PO-RFQ-0122-V006,PO-RFQ-0122-V006,V006,2024-12-26,2024-12-26,0,True,accepted,False,126879.83,11
DEL-PO-RFQ-0122-V016,PO-RFQ-0122-V016,V016,2025-01-20,2025-01-20,0,True,accepted,False,103422.56,11
DEL-PO-RFQ-0122-V021,PO-RFQ-0122-V021,V021,2025-01-14,2025-01-14,0,True,rejected,False,116563.73,11
DEL-PO-RFQ-0123-V013,PO-RFQ-0123-V013,V013,2024-12-18,2024-12-18,0,True,accepted,False,74993.9,11
DEL-PO-RFQ-0123-V002,PO-RFQ-0123-V002,V002,2025-01-09,2025-01-09,0,True,accepted,False,74529.74,11
DEL-PO-RFQ-0123-V016,PO-RFQ-0123-V016,V016,2024-12-29,2024-12-29,0,True,accepted,False,67737.49,11
DEL-PO-RFQ-0123-V006,PO-RFQ-0123-V006,V006,2024-12-20,2024-12-20,0,True,accepted,False,81540.19,11
DEL-PO-RFQ-0123-V011,PO-RFQ-0123-V011,V011,2025-01-04,2025-01-04,0,True,accepted,False,79789.85,11
DEL-PO-RFQ-0124-V005,PO-RFQ-0124-V005,V005,2024-12-15,2024-12-15,0,True,accepted,False,8921.91,11
DEL-PO-RFQ-0124-V014,PO-RFQ-0124-V014,V014,2024-12-17,2024-12-17,0,True,accepted,False,10315.31,11
DEL-PO-RFQ-0124-V012,PO-RFQ-0124-V012,V012,2024-12-23,2024-12-23,0,True,accepted,False,10958.67,11
DEL-PO-RFQ-0124-V015,PO-RFQ-0124-V015,V015,2024-12-29,2024-12-29,0,True,accepted,False,10438.98,11
DEL-PO-RFQ-0124-V008,PO-RFQ-0124-V008,V008,2024-12-29,2024-12-29,0,True,accepted_with_note,True,10106.1,11
DEL-PO-RFQ-0125-V011,PO-RFQ-0125-V011,V011,2024-12-31,2025-01-01,1,False,accepted_with_note,False,78238.93,11
DEL-PO-RFQ-0125-V021,PO-RFQ-0125-V021,V021,2024-12-29,2024-12-29,0,True,accepted,False,81952.01,11
DEL-PO-RFQ-0125-V006,PO-RFQ-0125-V006,V006,2025-01-16,2025-01-16,0,True,accepted,False,70793.24,11
DEL-PO-RFQ-0125-V002,PO-RFQ-0125-V002,V002,2025-01-26,2025-01-26,0,True,accepted,False,80592.97,11
DEL-PO-RFQ-0126-V013,PO-RFQ-0126-V013,V013,2025-01-06,2025-01-26,20,False,accepted,False,46118.19,11
DEL-PO-RFQ-0126-V011,PO-RFQ-0126-V011,V011,2025-01-10,2025-01-10,0,True,accepted,False,35178.98,11
DEL-PO-RFQ-0126-V016,PO-RFQ-0126-V016,V016,2025-01-14,2025-02-02,19,False,accepted,False,42253.52,11
DEL-PO-RFQ-0126-V002,PO-RFQ-0126-V002,V002,2025-01-30,2025-01-30,0,True,accepted,False,46128.67,11
DEL-PO-RFQ-0126-V021,PO-RFQ-0126-V021,V021,2025-01-19,2025-01-19,0,True,accepted,False,44464.93,11
DEL-PO-RFQ-0127-V013,PO-RFQ-0127-V013,V013,2024-12-13,2024-12-13,0,True,accepted,False,113424.73,11
DEL-PO-RFQ-0127-V002,PO-RFQ-0127-V002,V002,2024-12-28,2024-12-28,0,True,accepted,False,109027.26,11
DEL-PO-RFQ-0127-V011,PO-RFQ-0127-V011,V011,2024-12-30,2025-01-18,19,False,accepted,False,99640.73,11
DEL-PO-RFQ-0127-V006,PO-RFQ-0127-V006,V006,2024-12-28,2024-12-28,0,True,accepted,False,108227.89,11
DEL-PO-RFQ-0127-V016,PO-RFQ-0127-V016,V016,2024-12-27,2025-01-02,6,False,accepted,False,122256.28,11
DEL-PO-RFQ-0128-V018,PO-RFQ-0128-V018,V018,2024-12-21,2024-12-21,0,True,accepted,False,14697.64,11
DEL-PO-RFQ-0128-V002,PO-RFQ-0128-V002,V002,2025-01-17,2025-01-17,0,True,accepted,False,13665.7,11
DEL-PO-RFQ-0128-V013,PO-RFQ-0128-V013,V013,2025-01-21,2025-01-21,0,True,accepted,False,13421.29,11
DEL-PO-RFQ-0128-V021,PO-RFQ-0128-V021,V021,2024-12-31,2024-12-31,0,True,accepted,False,13851.76,11
DEL-PO-RFQ-0128-V006,PO-RFQ-0128-V006,V006,2025-01-26,2025-01-26,0,True,accepted_with_note,False,11848.85,11
DEL-PO-RFQ-0129-V004,PO-RFQ-0129-V004,V004,2025-01-09,2025-01-09,0,True,accepted,False,94063.14,12
DEL-PO-RFQ-0129-V009,PO-RFQ-0129-V009,V009,2025-01-15,2025-01-15,0,True,accepted,False,95263.19,12
DEL-PO-RFQ-0129-V001,PO-RFQ-0129-V001,V001,2025-01-20,2025-01-20,0,True,accepted,False,93150.84,12
DEL-PO-RFQ-0129-V007,PO-RFQ-0129-V007,V007,2025-01-21,2025-01-21,0,True,accepted,False,100165.01,12
DEL-PO-RFQ-0129-V010,PO-RFQ-0129-V010,V010,2025-01-21,2025-01-21,0,True,accepted,False,87761.47,12
DEL-PO-RFQ-0130-V001,PO-RFQ-0130-V001,V001,2025-01-13,2025-01-13,0,True,accepted_with_note,True,51729.56,12
DEL-PO-RFQ-0130-V004,PO-RFQ-0130-V004,V004,2025-01-16,2025-01-16,0,True,accepted_with_note,False,50021.95,12
DEL-PO-RFQ-0130-V010,PO-RFQ-0130-V010,V010,2025-01-31,2025-01-31,0,True,accepted,False,47164.17,12
DEL-PO-RFQ-0130-V017,PO-RFQ-0130-V017,V017,2025-02-04,2025-02-04,0,True,rejected,False,47059.63,12
DEL-PO-RFQ-0130-V019,PO-RFQ-0130-V019,V019,2025-02-16,2025-02-16,0,True,accepted,False,54553.49,12
DEL-PO-RFQ-0131-V002,PO-RFQ-0131-V002,V002,2025-01-12,2025-01-12,0,True,accepted,False,70612.31,12
DEL-PO-RFQ-0131-V016,PO-RFQ-0131-V016,V016,2025-01-15,2025-01-15,0,True,accepted,False,59829.23,12
DEL-PO-RFQ-0131-V006,PO-RFQ-0131-V006,V006,2025-01-24,2025-01-24,0,True,accepted,False,53164.28,12
DEL-PO-RFQ-0131-V021,PO-RFQ-0131-V021,V021,2025-01-18,2025-01-18,0,True,accepted,False,73189.39,12
DEL-PO-RFQ-0131-V011,PO-RFQ-0131-V011,V011,2025-02-07,2025-02-07,0,True,accepted,False,72674.75,12
DEL-PO-RFQ-0132-V011,PO-RFQ-0132-V011,V011,2025-01-24,2025-01-24,0,True,accepted_with_note,False,152622.98,12
DEL-PO-RFQ-0132-V002,PO-RFQ-0132-V002,V002,2025-01-31,2025-01-31,0,True,accepted,False,161991.37,12
DEL-PO-RFQ-0132-V016,PO-RFQ-0132-V016,V016,2025-02-21,2025-02-21,0,True,rejected,False,127837.96,12
DEL-PO-RFQ-0132-V013,PO-RFQ-0132-V013,V013,2025-02-12,2025-02-12,0,True,accepted,False,169881.2,12
DEL-PO-RFQ-0132-V021,PO-RFQ-0132-V021,V021,2025-02-12,2025-02-12,0,True,accepted,False,167508.15,12
DEL-PO-RFQ-0133-V021,PO-RFQ-0133-V021,V021,2025-01-12,2025-01-12,0,True,accepted,False,161260.72,12
DEL-PO-RFQ-0133-V011,PO-RFQ-0133-V011,V011,2025-01-24,2025-01-24,0,True,accepted_with_note,False,155734.37,12
DEL-PO-RFQ-0133-V013,PO-RFQ-0133-V013,V013,2025-02-27,2025-02-27,0,True,accepted,False,160183.97,12
DEL-PO-RFQ-0133-V002,PO-RFQ-0133-V002,V002,2025-02-21,2025-02-21,0,True,accepted,False,168343.68,12
DEL-PO-RFQ-0133-V016,PO-RFQ-0133-V016,V016,2025-02-21,2025-02-21,0,True,accepted,False,136758.39,12
DEL-PO-RFQ-0134-V019,PO-RFQ-0134-V019,V019,2025-01-17,2025-01-17,0,True,accepted,False,52379.08,12
DEL-PO-RFQ-0134-V004,PO-RFQ-0134-V004,V004,2025-01-25,2025-01-25,0,True,accepted,False,48120.51,12
DEL-PO-RFQ-0134-V010,PO-RFQ-0134-V010,V010,2025-01-27,2025-01-27,0,True,accepted,False,45452.39,12
DEL-PO-RFQ-0134-V017,PO-RFQ-0134-V017,V017,2025-01-22,2025-01-22,0,True,accepted_with_note,False,48242.41,12
DEL-PO-RFQ-0134-V007,PO-RFQ-0134-V007,V007,2025-02-03,2025-02-03,0,True,accepted_with_note,False,50648.78,12
DEL-PO-RFQ-0135-V011,PO-RFQ-0135-V011,V011,2025-01-09,2025-01-16,7,False,accepted,False,141764.86,12
DEL-PO-RFQ-0135-V006,PO-RFQ-0135-V006,V006,2025-01-18,2025-01-18,0,True,accepted,False,137562.26,12
DEL-PO-RFQ-0135-V021,PO-RFQ-0135-V021,V021,2025-01-19,2025-01-19,0,True,accepted,False,141406.21,12
DEL-PO-RFQ-0135-V002,PO-RFQ-0135-V002,V002,2025-02-14,2025-02-14,0,True,accepted,False,145768.56,12
DEL-PO-RFQ-0136-V012,PO-RFQ-0136-V012,V012,2025-01-13,2025-01-13,0,True,accepted,False,80520.86,12
DEL-PO-RFQ-0136-V015,PO-RFQ-0136-V015,V015,2025-01-21,2025-01-21,0,True,accepted,False,82188.17,12
DEL-PO-RFQ-0136-V014,PO-RFQ-0136-V014,V014,2025-01-31,2025-01-31,0,True,accepted,False,77355.2,12
DEL-PO-RFQ-0136-V003,PO-RFQ-0136-V003,V003,2025-02-17,2025-02-17,0,True,accepted_with_note,False,80635.54,12
DEL-PO-RFQ-0136-V023,PO-RFQ-0136-V023,V023,2025-01-22,2025-02-08,17,False,accepted,False,95115.67,12
DEL-PO-RFQ-0137-V013,PO-RFQ-0137-V013,V013,2025-01-10,2025-01-11,1,False,accepted,False,145397.6,12
DEL-PO-RFQ-0137-V006,PO-RFQ-0137-V006,V006,2025-01-21,2025-01-21,0,True,accepted,False,148685.71,12
DEL-PO-RFQ-0137-V002,PO-RFQ-0137-V002,V002,2025-02-06,2025-02-06,0,True,accepted,False,152238.37,12
DEL-PO-RFQ-0137-V016,PO-RFQ-0137-V016,V016,2025-02-02,2025-02-02,0,True,accepted_with_note,False,131632.91,12
DEL-PO-RFQ-0137-V011,PO-RFQ-0137-V011,V011,2025-02-13,2025-02-13,0,True,accepted,False,129386.97,12
DEL-PO-RFQ-0138-V012,PO-RFQ-0138-V012,V012,2025-01-20,2025-01-20,0,True,accepted_with_note,False,43361.21,12
DEL-PO-RFQ-0138-V005,PO-RFQ-0138-V005,V005,2025-01-16,2025-01-16,0,True,accepted,False,43985.9,12
DEL-PO-RFQ-0138-V008,PO-RFQ-0138-V008,V008,2025-01-24,2025-01-24,0,True,accepted,False,42494.26,12
DEL-PO-RFQ-0138-V003,PO-RFQ-0138-V003,V003,2025-01-27,2025-01-27,0,True,accepted,False,43003.71,12
DEL-PO-RFQ-0138-V015,PO-RFQ-0138-V015,V015,2025-02-20,2025-02-20,0,True,accepted,False,43120.38,12
DEL-PO-RFQ-0139-V013,PO-RFQ-0139-V013,V013,2025-01-25,2025-01-25,0,True,accepted,False,6974.95,12
DEL-PO-RFQ-0139-V002,PO-RFQ-0139-V002,V002,2025-02-18,2025-02-18,0,True,accepted,False,6828.65,12
DEL-PO-RFQ-0139-V011,PO-RFQ-0139-V011,V011,2025-02-02,2025-02-02,0,True,rejected,False,7075.8,12
DEL-PO-RFQ-0139-V021,PO-RFQ-0139-V021,V021,2025-02-09,2025-02-09,0,True,accepted,False,7075.21,12
DEL-PO-RFQ-0140-V006,PO-RFQ-0140-V006,V006,2025-01-19,2025-01-19,0,True,accepted_with_note,False,23127.32,12
DEL-PO-RFQ-0140-V002,PO-RFQ-0140-V002,V002,2025-02-09,2025-02-09,0,True,accepted,False,24337.48,12
DEL-PO-RFQ-0140-V013,PO-RFQ-0140-V013,V013,2025-02-12,2025-02-12,0,True,rejected,False,24841.88,12
DEL-PO-RFQ-0140-V021,PO-RFQ-0140-V021,V021,2025-02-07,2025-02-07,0,True,accepted,True,23516.09,12
DEL-PO-RFQ-0140-V011,PO-RFQ-0140-V011,V011,2025-02-18,2025-03-05,15,False,accepted,False,26129.38,12
DEL-PO-RFQ-0141-V016,PO-RFQ-0141-V016,V016,2025-01-12,2025-01-12,0,True,accepted,False,1492.85,12
DEL-PO-RFQ-0141-V002,PO-RFQ-0141-V002,V002,2025-01-18,2025-01-18,0,True,accepted,False,1536.36,12
DEL-PO-RFQ-0141-V013,PO-RFQ-0141-V013,V013,2025-01-25,2025-01-25,0,True,accepted,False,1537.22,12
DEL-PO-RFQ-0141-V021,PO-RFQ-0141-V021,V021,2025-02-02,2025-02-02,0,True,rejected,False,1557.66,12
DEL-PO-RFQ-0141-V011,PO-RFQ-0141-V011,V011,2025-02-19,2025-02-19,0,True,accepted,False,1510.27,12
DEL-PO-RFQ-0142-V010,PO-RFQ-0142-V010,V010,2025-02-01,2025-02-01,0,True,accepted,False,19495.02,12
DEL-PO-RFQ-0142-V024,PO-RFQ-0142-V024,V024,2025-01-23,2025-01-23,0,True,accepted,False,22444.65,12
DEL-PO-RFQ-0142-V019,PO-RFQ-0142-V019,V019,2025-02-05,2025-02-05,0,True,accepted,False,23946.52,12
DEL-PO-RFQ-0142-V009,PO-RFQ-0142-V009,V009,2025-02-17,2025-02-23,6,False,accepted,False,21708.01,12
DEL-PO-RFQ-0142-V001,PO-RFQ-0142-V001,V001,2025-02-16,2025-02-16,0,True,accepted,False,21957.96,12
DEL-PO-RFQ-0143-V006,PO-RFQ-0143-V006,V006,2025-02-18,2025-02-18,0,True,accepted,False,159942.36,13
DEL-PO-RFQ-0143-V016,PO-RFQ-0143-V016,V016,2025-02-19,2025-02-19,0,True,accepted,False,187204.95,13
DEL-PO-RFQ-0143-V013,PO-RFQ-0143-V013,V013,2025-03-29,2025-03-29,0,True,accepted_with_note,False,185316.65,13
DEL-PO-RFQ-0143-V021,PO-RFQ-0143-V021,V021,2025-03-23,2025-03-23,0,True,accepted,False,177036.64,13
DEL-PO-RFQ-0144-V021,PO-RFQ-0144-V021,V021,2025-02-18,2025-02-18,0,True,accepted,False,45639.45,13
DEL-PO-RFQ-0144-V013,PO-RFQ-0144-V013,V013,2025-02-24,2025-02-24,0,True,accepted,False,43533.91,13
DEL-PO-RFQ-0144-V011,PO-RFQ-0144-V011,V011,2025-03-09,2025-03-24,15,False,accepted,False,43917.61,13
DEL-PO-RFQ-0145-V010,PO-RFQ-0145-V010,V010,2025-02-24,2025-02-24,0,True,accepted,False,21587.08,13
DEL-PO-RFQ-0145-V001,PO-RFQ-0145-V001,V001,2025-03-12,2025-03-12,0,True,accepted,False,22545.99,13
DEL-PO-RFQ-0145-V004,PO-RFQ-0145-V004,V004,2025-03-11,2025-03-11,0,True,accepted,False,21541.53,13
DEL-PO-RFQ-0145-V009,PO-RFQ-0145-V009,V009,2025-03-12,2025-03-12,0,True,accepted,False,21674.17,13
DEL-PO-RFQ-0145-V007,PO-RFQ-0145-V007,V007,2025-03-22,2025-03-22,0,True,accepted,False,24329.98,13
DEL-PO-RFQ-0146-V006,PO-RFQ-0146-V006,V006,2025-02-21,2025-02-21,0,True,accepted,False,134618.38,13
DEL-PO-RFQ-0146-V013,PO-RFQ-0146-V013,V013,2025-03-05,2025-03-05,0,True,accepted,False,145531.71,13
DEL-PO-RFQ-0146-V002,PO-RFQ-0146-V002,V002,2025-03-09,2025-03-09,0,True,accepted,True,137692.08,13
DEL-PO-RFQ-0146-V021,PO-RFQ-0146-V021,V021,2025-03-14,2025-03-14,0,True,accepted,False,138446.17,13
DEL-PO-RFQ-0146-V011,PO-RFQ-0146-V011,V011,2025-03-19,2025-03-19,0,True,accepted_with_note,False,141554.67,13
DEL-PO-RFQ-0147-V006,PO-RFQ-0147-V006,V006,2025-02-15,2025-02-15,0,True,accepted,False,25017.49,13
DEL-PO-RFQ-0147-V013,PO-RFQ-0147-V013,V013,2025-02-11,2025-02-11,0,True,rejected,False,32063.61,13
DEL-PO-RFQ-0147-V002,PO-RFQ-0147-V002,V002,2025-02-24,2025-02-24,0,True,accepted,False,28995.13,13
DEL-PO-RFQ-0147-V016,PO-RFQ-0147-V016,V016,2025-02-20,2025-02-20,0,True,accepted,False,30962.84,13
DEL-PO-RFQ-0147-V011,PO-RFQ-0147-V011,V011,2025-03-09,2025-03-09,0,True,accepted,False,26195.39,13
DEL-PO-RFQ-0148-V013,PO-RFQ-0148-V013,V013,2025-02-27,2025-02-27,0,True,accepted,False,120980.74,13
DEL-PO-RFQ-0148-V002,PO-RFQ-0148-V002,V002,2025-03-23,2025-03-23,0,True,accepted,False,125036.55,13
DEL-PO-RFQ-0148-V016,PO-RFQ-0148-V016,V016,2025-03-27,2025-03-27,0,True,accepted,True,107438.32,13
DEL-PO-RFQ-0148-V006,PO-RFQ-0148-V006,V006,2025-03-16,2025-03-16,0,True,accepted,False,134354.04,13
DEL-PO-RFQ-0148-V011,PO-RFQ-0148-V011,V011,2025-03-16,2025-03-16,0,True,accepted,False,124681.42,13
DEL-PO-RFQ-0149-V013,PO-RFQ-0149-V013,V013,2025-03-02,2025-03-02,0,True,accepted,False,7904.06,13
DEL-PO-RFQ-0149-V016,PO-RFQ-0149-V016,V016,2025-03-04,2025-03-04,0,True,accepted_with_note,False,8078.01,13
DEL-PO-RFQ-0149-V021,PO-RFQ-0149-V021,V021,2025-03-10,2025-03-10,0,True,accepted,False,8458.21,13
DEL-PO-RFQ-0150-V013,PO-RFQ-0150-V013,V013,2025-02-10,2025-02-10,0,True,accepted,False,62467.16,13
DEL-PO-RFQ-0150-V002,PO-RFQ-0150-V002,V002,2025-03-20,2025-03-20,0,True,rejected,False,60292.17,13
DEL-PO-RFQ-0150-V021,PO-RFQ-0150-V021,V021,2025-03-19,2025-03-19,0,True,accepted,False,62475.07,13
DEL-PO-RFQ-0150-V018,PO-RFQ-0150-V018,V018,2025-03-01,2025-03-01,0,True,accepted,False,68308.07,13
DEL-PO-RFQ-0151-V002,PO-RFQ-0151-V002,V002,2025-03-03,2025-03-03,0,True,accepted,False,49752.01,13
DEL-PO-RFQ-0151-V013,PO-RFQ-0151-V013,V013,2025-03-10,2025-03-10,0,True,accepted,False,50566.96,13
DEL-PO-RFQ-0151-V018,PO-RFQ-0151-V018,V018,2025-02-28,2025-02-28,0,True,accepted,False,55582.9,13
DEL-PO-RFQ-0151-V021,PO-RFQ-0151-V021,V021,2025-03-21,2025-03-21,0,True,accepted,False,52373.86,13
DEL-PO-RFQ-0152-V007,PO-RFQ-0152-V007,V007,2025-02-28,2025-02-28,0,True,accepted,False,8497.58,13
DEL-PO-RFQ-0152-V010,PO-RFQ-0152-V010,V010,2025-02-25,2025-02-25,0,True,accepted,False,7350.88,13
DEL-PO-RFQ-0152-V019,PO-RFQ-0152-V019,V019,2025-02-27,2025-02-27,0,True,accepted,False,9016.66,13
DEL-PO-RFQ-0152-V009,PO-RFQ-0152-V009,V009,2025-03-13,2025-03-13,0,True,accepted,False,8074.46,13
DEL-PO-RFQ-0152-V001,PO-RFQ-0152-V001,V001,2025-03-17,2025-03-17,0,True,accepted,False,8477.67,13
DEL-PO-RFQ-0153-V016,PO-RFQ-0153-V016,V016,2025-03-12,2025-03-16,4,False,accepted_with_note,False,128695.04,14
DEL-PO-RFQ-0153-V021,PO-RFQ-0153-V021,V021,2025-03-17,2025-03-17,0,True,accepted,False,147395.73,14
DEL-PO-RFQ-0153-V002,PO-RFQ-0153-V002,V002,2025-04-06,2025-04-06,0,True,accepted_with_note,False,142394.64,14
DEL-PO-RFQ-0154-V002,PO-RFQ-0154-V002,V002,2025-03-23,2025-03-23,0,True,accepted,True,3519.84,14
DEL-PO-RFQ-0154-V006,PO-RFQ-0154-V006,V006,2025-03-21,2025-03-21,0,True,accepted,False,3161.12,14
DEL-PO-RFQ-0154-V013,PO-RFQ-0154-V013,V013,2025-04-06,2025-04-06,0,True,accepted,False,3460.1,14
DEL-PO-RFQ-0154-V016,PO-RFQ-0154-V016,V016,2025-04-27,2025-04-27,0,True,accepted_with_note,False,3691.47,14
DEL-PO-RFQ-0155-V013,PO-RFQ-0155-V013,V013,2025-03-31,2025-03-31,0,True,accepted,False,42477.85,14
DEL-PO-RFQ-0155-V011,PO-RFQ-0155-V011,V011,2025-03-30,2025-03-30,0,True,accepted,False,45750.98,14
DEL-PO-RFQ-0155-V021,PO-RFQ-0155-V021,V021,2025-04-15,2025-04-15,0,True,accepted,False,44238.05,14
DEL-PO-RFQ-0155-V016,PO-RFQ-0155-V016,V016,2025-04-20,2025-04-20,0,True,accepted,False,43516.87,14
DEL-PO-RFQ-0156-V007,PO-RFQ-0156-V007,V007,2025-03-13,2025-03-13,0,True,accepted,False,224273.85,14
DEL-PO-RFQ-0156-V024,PO-RFQ-0156-V024,V024,2025-03-16,2025-03-16,0,True,accepted,False,215553.3,14
DEL-PO-RFQ-0156-V001,PO-RFQ-0156-V001,V001,2025-04-09,2025-04-09,0,True,accepted,False,202169.51,14
DEL-PO-RFQ-0156-V004,PO-RFQ-0156-V004,V004,2025-04-12,2025-04-12,0,True,accepted,False,210092.88,14
DEL-PO-RFQ-0156-V017,PO-RFQ-0156-V017,V017,2025-04-14,2025-05-03,19,False,accepted,False,175181.78,14
DEL-PO-RFQ-0157-V002,PO-RFQ-0157-V002,V002,2025-03-16,2025-03-16,0,True,accepted,False,18658.0,14
DEL-PO-RFQ-0157-V021,PO-RFQ-0157-V021,V021,2025-03-24,2025-03-24,0,True,accepted_with_note,False,18416.82,14
DEL-PO-RFQ-0157-V011,PO-RFQ-0157-V011,V011,2025-03-26,2025-04-06,11,False,accepted,False,17084.54,14
DEL-PO-RFQ-0157-V013,PO-RFQ-0157-V013,V013,2025-04-10,2025-04-10,0,True,accepted,False,18583.66,14
DEL-PO-RFQ-0157-V006,PO-RFQ-0157-V006,V006,2025-03-26,2025-03-26,0,True,accepted,True,20487.83,14
DEL-PO-RFQ-0158-V001,PO-RFQ-0158-V001,V001,2025-03-29,2025-03-29,0,True,accepted,False,71446.05,14
DEL-PO-RFQ-0158-V007,PO-RFQ-0158-V007,V007,2025-03-30,2025-03-30,0,True,accepted,False,75899.38,14
DEL-PO-RFQ-0158-V019,PO-RFQ-0158-V019,V019,2025-03-30,2025-03-30,0,True,accepted,False,79286.23,14
DEL-PO-RFQ-0158-V024,PO-RFQ-0158-V024,V024,2025-04-04,2025-04-04,0,True,accepted,False,78133.93,14
DEL-PO-RFQ-0158-V009,PO-RFQ-0158-V009,V009,2025-04-17,2025-04-17,0,True,accepted,False,76530.76,14
DEL-PO-RFQ-0159-V004,PO-RFQ-0159-V004,V004,2025-03-17,2025-03-17,0,True,accepted_with_note,False,19400.41,14
DEL-PO-RFQ-0159-V024,PO-RFQ-0159-V024,V024,2025-03-24,2025-03-24,0,True,accepted,False,19106.21,14
DEL-PO-RFQ-0159-V019,PO-RFQ-0159-V019,V019,2025-03-26,2025-03-26,0,True,accepted,False,20022.32,14
DEL-PO-RFQ-0159-V022,PO-RFQ-0159-V022,V022,2025-03-20,2025-03-20,0,True,accepted,False,17950.97,14
DEL-PO-RFQ-0159-V009,PO-RFQ-0159-V009,V009,2025-04-10,2025-04-10,0,True,accepted,False,19146.82,14
DEL-PO-RFQ-0160-V003,PO-RFQ-0160-V003,V003,2025-03-22,2025-03-22,0,True,accepted,False,40196.32,14
DEL-PO-RFQ-0160-V015,PO-RFQ-0160-V015,V015,2025-04-05,2025-04-05,0,True,accepted_with_note,False,41771.94,14
DEL-PO-RFQ-0160-V005,PO-RFQ-0160-V005,V005,2025-04-14,2025-05-03,19,False,accepted,False,33239.39,14
DEL-PO-RFQ-0160-V008,PO-RFQ-0160-V008,V008,2025-04-14,2025-04-14,0,True,accepted,False,40179.9,14
DEL-PO-RFQ-0160-V012,PO-RFQ-0160-V012,V012,2025-04-27,2025-04-27,0,True,accepted,False,43573.22,14
DEL-PO-RFQ-0161-V013,PO-RFQ-0161-V013,V013,2025-03-10,2025-03-14,4,False,accepted,False,163413.69,14
DEL-PO-RFQ-0161-V006,PO-RFQ-0161-V006,V006,2025-03-16,2025-03-16,0,True,accepted,False,160321.59,14
DEL-PO-RFQ-0161-V021,PO-RFQ-0161-V021,V021,2025-04-03,2025-04-03,0,True,accepted,False,162550.07,14
DEL-PO-RFQ-0161-V018,PO-RFQ-0161-V018,V018,2025-04-01,2025-04-01,0,True,accepted,False,179836.92,14
DEL-PO-RFQ-0162-V002,PO-RFQ-0162-V002,V002,2025-03-15,2025-03-15,0,True,accepted_with_note,True,167575.99,14
DEL-PO-RFQ-0162-V006,PO-RFQ-0162-V006,V006,2025-03-24,2025-03-24,0,True,accepted_with_note,False,154414.18,14
DEL-PO-RFQ-0162-V013,PO-RFQ-0162-V013,V013,2025-04-03,2025-04-03,0,True,accepted_with_note,False,170852.14,14
DEL-PO-RFQ-0162-V016,PO-RFQ-0162-V016,V016,2025-04-19,2025-04-19,0,True,accepted,False,140574.63,14
DEL-PO-RFQ-0162-V011,PO-RFQ-0162-V011,V011,2025-03-30,2025-03-30,0,True,accepted,False,176115.44,14
DEL-PO-RFQ-0163-V022,PO-RFQ-0163-V022,V022,2025-03-19,2025-03-19,0,True,accepted,False,56163.03,14
DEL-PO-RFQ-0163-V001,PO-RFQ-0163-V001,V001,2025-03-27,2025-03-27,0,True,accepted,False,59973.04,14
DEL-PO-RFQ-0163-V009,PO-RFQ-0163-V009,V009,2025-04-09,2025-04-09,0,True,accepted,False,57586.68,14
DEL-PO-RFQ-0163-V004,PO-RFQ-0163-V004,V004,2025-04-13,2025-04-13,0,True,accepted,False,58331.5,14
DEL-PO-RFQ-0163-V010,PO-RFQ-0163-V010,V010,2025-04-06,2025-04-06,0,True,rejected,False,54000.78,14
DEL-PO-RFQ-0164-V002,PO-RFQ-0164-V002,V002,2025-04-24,2025-05-04,10,False,accepted,False,143152.41,15
DEL-PO-RFQ-0164-V021,PO-RFQ-0164-V021,V021,2025-04-19,2025-04-19,0,True,accepted,False,140142.06,15
DEL-PO-RFQ-0164-V013,PO-RFQ-0164-V013,V013,2025-05-01,2025-05-01,0,True,accepted,False,138860.52,15
DEL-PO-RFQ-0164-V018,PO-RFQ-0164-V018,V018,2025-05-22,2025-05-22,0,True,accepted,True,154418.75,15
DEL-PO-RFQ-0165-V011,PO-RFQ-0165-V011,V011,2025-04-17,2025-04-17,0,True,accepted,False,102849.41,15
DEL-PO-RFQ-0165-V016,PO-RFQ-0165-V016,V016,2025-04-23,2025-05-10,17,False,accepted,False,86846.0,15
DEL-PO-RFQ-0165-V006,PO-RFQ-0165-V006,V006,2025-04-19,2025-04-22,3,False,accepted,False,99929.12,15
DEL-PO-RFQ-0165-V002,PO-RFQ-0165-V002,V002,2025-05-10,2025-05-10,0,True,accepted,False,107239.62,15
DEL-PO-RFQ-0165-V013,PO-RFQ-0165-V013,V013,2025-05-15,2025-05-15,0,True,accepted,False,102658.33,15
DEL-PO-RFQ-0166-V013,PO-RFQ-0166-V013,V013,2025-04-28,2025-04-28,0,True,accepted,False,16366.96,15
DEL-PO-RFQ-0166-V002,PO-RFQ-0166-V002,V002,2025-05-01,2025-05-01,0,True,accepted,False,16677.13,15
DEL-PO-RFQ-0166-V021,PO-RFQ-0166-V021,V021,2025-05-08,2025-05-08,0,True,accepted,False,16801.03,15
DEL-PO-RFQ-0166-V016,PO-RFQ-0166-V016,V016,2025-05-22,2025-05-22,0,True,accepted,False,14244.29,15
DEL-PO-RFQ-0166-V018,PO-RFQ-0166-V018,V018,2025-05-10,2025-05-10,0,True,accepted,False,18222.0,15
DEL-PO-RFQ-0167-V002,PO-RFQ-0167-V002,V002,2025-04-16,2025-04-16,0,True,accepted_with_note,False,33386.41,15
DEL-PO-RFQ-0167-V011,PO-RFQ-0167-V011,V011,2025-05-01,2025-05-01,0,True,accepted,False,31093.85,15
DEL-PO-RFQ-0167-V006,PO-RFQ-0167-V006,V006,2025-05-01,2025-05-22,21,False,accepted,True,33240.39,15
DEL-PO-RFQ-0167-V013,PO-RFQ-0167-V013,V013,2025-05-15,2025-05-15,0,True,accepted,False,32782.47,15
DEL-PO-RFQ-0167-V018,PO-RFQ-0167-V018,V018,2025-04-22,2025-04-22,0,True,accepted,False,33991.59,15
DEL-PO-RFQ-0168-V002,PO-RFQ-0168-V002,V002,2025-04-16,2025-04-16,0,True,rejected,False,82947.97,15
DEL-PO-RFQ-0168-V013,PO-RFQ-0168-V013,V013,2025-04-22,2025-04-22,0,True,accepted,False,81878.6,15
DEL-PO-RFQ-0168-V006,PO-RFQ-0168-V006,V006,2025-04-26,2025-05-10,14,False,accepted,False,73224.38,15
DEL-PO-RFQ-0168-V021,PO-RFQ-0168-V021,V021,2025-04-25,2025-04-25,0,True,accepted,False,78917.13,15
DEL-PO-RFQ-0168-V011,PO-RFQ-0168-V011,V011,2025-05-25,2025-05-25,0,True,accepted,False,67582.64,15
DEL-PO-RFQ-0169-V013,PO-RFQ-0169-V013,V013,2025-04-20,2025-04-20,0,True,accepted,False,70511.33,15
DEL-PO-RFQ-0169-V006,PO-RFQ-0169-V006,V006,2025-04-21,2025-04-21,0,True,accepted,False,66395.41,15
DEL-PO-RFQ-0169-V002,PO-RFQ-0169-V002,V002,2025-05-06,2025-05-06,0,True,accepted,False,70277.13,15
DEL-PO-RFQ-0169-V011,PO-RFQ-0169-V011,V011,2025-04-27,2025-04-27,0,True,accepted,False,70685.28,15
DEL-PO-RFQ-0170-V004,PO-RFQ-0170-V004,V004,2025-04-12,2025-04-12,0,True,accepted,False,50828.6,15
DEL-PO-RFQ-0170-V017,PO-RFQ-0170-V017,V017,2025-04-13,2025-04-13,0,True,rejected,False,48313.82,15
DEL-PO-RFQ-0170-V007,PO-RFQ-0170-V007,V007,2025-04-26,2025-04-26,0,True,accepted,False,54516.9,15
DEL-PO-RFQ-0170-V009,PO-RFQ-0170-V009,V009,2025-05-17,2025-05-17,0,True,accepted,False,48767.2,15
DEL-PO-RFQ-0170-V010,PO-RFQ-0170-V010,V010,2025-05-02,2025-05-02,0,True,accepted_with_note,False,43405.32,15
DEL-PO-RFQ-0171-V009,PO-RFQ-0171-V009,V009,2025-04-22,2025-04-22,0,True,accepted,False,18001.97,15
DEL-PO-RFQ-0171-V010,PO-RFQ-0171-V010,V010,2025-04-26,2025-04-26,0,True,accepted,False,17374.88,15
DEL-PO-RFQ-0171-V004,PO-RFQ-0171-V004,V004,2025-05-18,2025-05-18,0,True,accepted,False,17809.02,15
DEL-PO-RFQ-0171-V022,PO-RFQ-0171-V022,V022,2025-05-05,2025-05-05,0,True,accepted,False,16664.16,15
DEL-PO-RFQ-0171-V019,PO-RFQ-0171-V019,V019,2025-05-12,2025-05-12,0,True,accepted,False,20333.44,15
DEL-PO-RFQ-0172-V002,PO-RFQ-0172-V002,V002,2025-04-20,2025-04-20,0,True,accepted,False,177980.88,15
DEL-PO-RFQ-0172-V021,PO-RFQ-0172-V021,V021,2025-05-01,2025-05-01,0,True,accepted,False,187573.95,15
DEL-PO-RFQ-0172-V013,PO-RFQ-0172-V013,V013,2025-05-20,2025-05-20,0,True,accepted,False,178571.89,15
DEL-PO-RFQ-0172-V016,PO-RFQ-0172-V016,V016,2025-05-22,2025-05-22,0,True,accepted,False,184353.75,15
DEL-PO-RFQ-0173-V018,PO-RFQ-0173-V018,V018,2025-04-10,2025-04-10,0,True,accepted,False,181582.4,15
DEL-PO-RFQ-0173-V016,PO-RFQ-0173-V016,V016,2025-04-19,2025-04-19,0,True,accepted,False,143833.63,15
DEL-PO-RFQ-0173-V013,PO-RFQ-0173-V013,V013,2025-05-11,2025-05-11,0,True,accepted,False,161738.09,15
DEL-PO-RFQ-0173-V006,PO-RFQ-0173-V006,V006,2025-05-09,2025-05-11,2,False,accepted_with_note,False,158453.23,15
DEL-PO-RFQ-0173-V011,PO-RFQ-0173-V011,V011,2025-05-05,2025-05-13,8,False,accepted_with_note,False,165072.1,15
DEL-PO-RFQ-0174-V013,PO-RFQ-0174-V013,V013,2025-04-24,2025-04-24,0,True,accepted,True,124927.11,15
DEL-PO-RFQ-0174-V011,PO-RFQ-0174-V011,V011,2025-05-02,2025-05-02,0,True,accepted,False,109621.73,15
DEL-PO-RFQ-0174-V006,PO-RFQ-0174-V006,V006,2025-04-24,2025-05-03,9,False,accepted,False,129093.05,15
DEL-PO-RFQ-0174-V016,PO-RFQ-0174-V016,V016,2025-04-29,2025-05-07,8,False,accepted_with_note,False,131016.71,15
DEL-PO-RFQ-0174-V002,PO-RFQ-0174-V002,V002,2025-05-24,2025-05-24,0,True,accepted,False,126844.37,15
DEL-PO-RFQ-0175-V022,PO-RFQ-0175-V022,V022,2025-04-09,2025-04-09,0,True,accepted,False,63668.11,15
DEL-PO-RFQ-0175-V007,PO-RFQ-0175-V007,V007,2025-04-16,2025-04-16,0,True,accepted,False,77946.42,15
DEL-PO-RFQ-0175-V009,PO-RFQ-0175-V009,V009,2025-04-24,2025-05-13,19,False,accepted,False,67349.23,15
DEL-PO-RFQ-0175-V017,PO-RFQ-0175-V017,V017,2025-04-14,2025-04-24,10,False,accepted,False,69595.61,15
DEL-PO-RFQ-0175-V019,PO-RFQ-0175-V019,V019,2025-04-23,2025-04-23,0,True,accepted,False,74166.05,15
DEL-PO-RFQ-0176-V021,PO-RFQ-0176-V021,V021,2025-05-24,2025-05-24,0,True,accepted,False,56471.4,16
DEL-PO-RFQ-0176-V013,PO-RFQ-0176-V013,V013,2025-06-09,2025-06-09,0,True,accepted,False,59702.33,16
DEL-PO-RFQ-0176-V018,PO-RFQ-0176-V018,V018,2025-05-28,2025-05-28,0,True,accepted,False,66014.62,16
DEL-PO-RFQ-0177-V013,PO-RFQ-0177-V013,V013,2025-05-18,2025-05-18,0,True,accepted,False,24510.87,16
DEL-PO-RFQ-0177-V002,PO-RFQ-0177-V002,V002,2025-05-31,2025-05-31,0,True,accepted,False,24181.58,16
DEL-PO-RFQ-0177-V021,PO-RFQ-0177-V021,V021,2025-05-23,2025-05-23,0,True,accepted,False,24344.76,16
DEL-PO-RFQ-0177-V011,PO-RFQ-0177-V011,V011,2025-06-03,2025-06-03,0,True,accepted,True,21839.72,16
DEL-PO-RFQ-0177-V006,PO-RFQ-0177-V006,V006,2025-06-18,2025-06-18,0,True,accepted,False,25037.83,16
DEL-PO-RFQ-0178-V016,PO-RFQ-0178-V016,V016,2025-05-21,2025-05-21,0,True,rejected,False,32404.61,16
DEL-PO-RFQ-0178-V013,PO-RFQ-0178-V013,V013,2025-05-22,2025-05-22,0,True,accepted,False,38598.62,16
DEL-PO-RFQ-0178-V002,PO-RFQ-0178-V002,V002,2025-06-07,2025-06-07,0,True,accepted,False,38056.18,16
DEL-PO-RFQ-0178-V021,PO-RFQ-0178-V021,V021,2025-06-22,2025-06-22,0,True,accepted,False,38410.47,16
DEL-PO-RFQ-0178-V006,PO-RFQ-0178-V006,V006,2025-06-23,2025-06-23,0,True,accepted,False,39376.46,16
DEL-PO-RFQ-0179-V009,PO-RFQ-0179-V009,V009,2025-05-29,2025-05-29,0,True,accepted,False,54923.36,16
DEL-PO-RFQ-0179-V007,PO-RFQ-0179-V007,V007,2025-05-25,2025-05-25,0,True,accepted,False,57149.15,16
DEL-PO-RFQ-0179-V017,PO-RFQ-0179-V017,V017,2025-06-20,2025-06-20,0,True,accepted,False,51575.72,16
DEL-PO-RFQ-0179-V010,PO-RFQ-0179-V010,V010,2025-06-14,2025-06-14,0,True,accepted_with_note,False,51576.75,16
DEL-PO-RFQ-0179-V019,PO-RFQ-0179-V019,V019,2025-06-26,2025-06-26,0,True,rejected,False,57379.18,16
DEL-PO-RFQ-0180-V021,PO-RFQ-0180-V021,V021,2025-05-12,2025-05-12,0,True,accepted_with_note,False,44775.47,16
DEL-PO-RFQ-0180-V013,PO-RFQ-0180-V013,V013,2025-05-31,2025-05-31,0,True,accepted,False,46267.34,16
DEL-PO-RFQ-0180-V016,PO-RFQ-0180-V016,V016,2025-05-29,2025-05-29,0,True,accepted_with_note,False,40994.42,16
DEL-PO-RFQ-0180-V002,PO-RFQ-0180-V002,V002,2025-06-18,2025-06-19,1,False,accepted,False,46386.25,16
DEL-PO-RFQ-0180-V018,PO-RFQ-0180-V018,V018,2025-05-25,2025-06-10,16,False,accepted_with_note,False,46366.42,16
DEL-PO-RFQ-0181-V002,PO-RFQ-0181-V002,V002,2025-05-19,2025-05-19,0,True,accepted,False,26014.54,16
DEL-PO-RFQ-0181-V013,PO-RFQ-0181-V013,V013,2025-06-17,2025-06-17,0,True,accepted,False,26312.69,16
DEL-PO-RFQ-0181-V021,PO-RFQ-0181-V021,V021,2025-06-02,2025-06-02,0,True,accepted,False,27865.15,16
DEL-PO-RFQ-0181-V006,PO-RFQ-0181-V006,V006,2025-06-03,2025-06-03,0,True,accepted,False,29347.78,16
DEL-PO-RFQ-0182-V009,PO-RFQ-0182-V009,V009,2025-05-12,2025-05-12,0,True,accepted,False,15354.15,16
DEL-PO-RFQ-0182-V001,PO-RFQ-0182-V001,V001,2025-06-01,2025-06-01,0,True,accepted,False,16574.76,16
DEL-PO-RFQ-0182-V019,PO-RFQ-0182-V019,V019,2025-05-27,2025-05-27,0,True,accepted_with_note,False,17011.05,16
DEL-PO-RFQ-0182-V007,PO-RFQ-0182-V007,V007,2025-06-12,2025-06-12,0,True,rejected,False,17177.18,16
DEL-PO-RFQ-0182-V017,PO-RFQ-0182-V017,V017,2025-06-16,2025-06-30,14,False,accepted,False,15041.91,16
DEL-PO-RFQ-0183-V016,PO-RFQ-0183-V016,V016,2025-05-25,2025-06-11,17,False,accepted,False,30478.2,16
DEL-PO-RFQ-0183-V013,PO-RFQ-0183-V013,V013,2025-06-11,2025-06-12,1,False,accepted,False,36285.03,16
DEL-PO-RFQ-0183-V002,PO-RFQ-0183-V002,V002,2025-06-17,2025-06-17,0,True,accepted,False,36082.52,16
DEL-PO-RFQ-0183-V018,PO-RFQ-0183-V018,V018,2025-05-22,2025-06-10,19,False,accepted,True,40883.77,16
DEL-PO-RFQ-0183-V021,PO-RFQ-0183-V021,V021,2025-06-18,2025-06-18,0,True,accepted,False,35468.1,16
DEL-PO-RFQ-0184-V007,PO-RFQ-0184-V007,V007,2025-05-28,2025-05-28,0,True,accepted,False,64192.24,16
DEL-PO-RFQ-0184-V024,PO-RFQ-0184-V024,V024,2025-05-23,2025-05-23,0,True,rejected,False,58773.76,16
DEL-PO-RFQ-0184-V009,PO-RFQ-0184-V009,V009,2025-06-01,2025-06-01,0,True,accepted,False,56540.77,16
DEL-PO-RFQ-0184-V001,PO-RFQ-0184-V001,V001,2025-06-04,2025-06-04,0,True,accepted,False,58141.29,16
DEL-PO-RFQ-0184-V004,PO-RFQ-0184-V004,V004,2025-06-06,2025-06-06,0,True,accepted,False,58263.97,16
DEL-PO-RFQ-0185-V006,PO-RFQ-0185-V006,V006,2025-05-20,2025-06-03,14,False,accepted,False,47778.72,16
DEL-PO-RFQ-0185-V013,PO-RFQ-0185-V013,V013,2025-05-31,2025-05-31,0,True,accepted,False,57498.53,16
DEL-PO-RFQ-0185-V021,PO-RFQ-0185-V021,V021,2025-05-23,2025-05-23,0,True,accepted,False,61020.42,16
DEL-PO-RFQ-0185-V016,PO-RFQ-0185-V016,V016,2025-06-25,2025-06-25,0,True,accepted,False,54254.9,16
DEL-PO-RFQ-0186-V003,PO-RFQ-0186-V003,V003,2025-06-02,2025-06-02,0,True,accepted,False,36243.15,16
DEL-PO-RFQ-0186-V020,PO-RFQ-0186-V020,V020,2025-06-02,2025-06-02,0,True,accepted,False,34354.11,16
DEL-PO-RFQ-0186-V014,PO-RFQ-0186-V014,V014,2025-06-04,2025-06-04,0,True,accepted,True,35722.58,16
DEL-PO-RFQ-0186-V012,PO-RFQ-0186-V012,V012,2025-06-26,2025-06-26,0,True,accepted,False,35814.19,16
DEL-PO-RFQ-0186-V023,PO-RFQ-0186-V023,V023,2025-06-05,2025-06-05,0,True,accepted,False,37986.41,16
DEL-PO-RFQ-0187-V014,PO-RFQ-0187-V014,V014,2025-05-22,2025-05-22,0,True,accepted,False,14485.83,16
DEL-PO-RFQ-0187-V012,PO-RFQ-0187-V012,V012,2025-05-24,2025-05-24,0,True,accepted,False,15140.14,16
DEL-PO-RFQ-0187-V003,PO-RFQ-0187-V003,V003,2025-05-30,2025-05-30,0,True,accepted,False,15106.74,16
DEL-PO-RFQ-0187-V015,PO-RFQ-0187-V015,V015,2025-06-26,2025-06-26,0,True,accepted,False,14980.21,16
DEL-PO-RFQ-0187-V008,PO-RFQ-0187-V008,V008,2025-06-20,2025-06-20,0,True,accepted,False,14260.13,16
DEL-PO-RFQ-0188-V001,PO-RFQ-0188-V001,V001,2025-05-11,2025-05-11,0,True,accepted_with_note,False,32035.35,16
DEL-PO-RFQ-0188-V010,PO-RFQ-0188-V010,V010,2025-05-29,2025-06-11,13,False,accepted,False,27794.68,16
DEL-PO-RFQ-0188-V007,PO-RFQ-0188-V007,V007,2025-06-06,2025-06-06,0,True,rejected,False,34896.91,16
DEL-PO-RFQ-0188-V019,PO-RFQ-0188-V019,V019,2025-06-07,2025-06-07,0,True,accepted,False,34780.93,16
DEL-PO-RFQ-0188-V024,PO-RFQ-0188-V024,V024,2025-06-14,2025-06-17,3,False,accepted_with_note,False,31248.05,16
DEL-PO-RFQ-0189-V009,PO-RFQ-0189-V009,V009,2025-06-16,2025-06-16,0,True,accepted,False,17730.41,17
DEL-PO-RFQ-0189-V007,PO-RFQ-0189-V007,V007,2025-06-16,2025-06-16,0,True,accepted,False,18981.73,17
DEL-PO-RFQ-0189-V004,PO-RFQ-0189-V004,V004,2025-06-23,2025-06-23,0,True,accepted,False,17704.64,17
DEL-PO-RFQ-0189-V001,PO-RFQ-0189-V001,V001,2025-07-09,2025-07-09,0,True,accepted,False,18536.32,17
DEL-PO-RFQ-0189-V010,PO-RFQ-0189-V010,V010,2025-07-09,2025-07-09,0,True,accepted,False,16407.07,17
DEL-PO-RFQ-0190-V013,PO-RFQ-0190-V013,V013,2025-06-14,2025-06-14,0,True,accepted,False,177281.8,17
DEL-PO-RFQ-0190-V002,PO-RFQ-0190-V002,V002,2025-06-19,2025-06-19,0,True,accepted,False,178636.28,17
DEL-PO-RFQ-0190-V021,PO-RFQ-0190-V021,V021,2025-06-26,2025-06-26,0,True,accepted,False,181557.23,17
DEL-PO-RFQ-0190-V011,PO-RFQ-0190-V011,V011,2025-07-01,2025-07-01,0,True,accepted,False,187113.64,17
DEL-PO-RFQ-0190-V006,PO-RFQ-0190-V006,V006,2025-07-12,2025-07-12,0,True,accepted,False,173042.65,17
DEL-PO-RFQ-0191-V011,PO-RFQ-0191-V011,V011,2025-06-15,2025-06-15,0,True,accepted_with_note,False,124367.69,17
DEL-PO-RFQ-0191-V002,PO-RFQ-0191-V002,V002,2025-06-26,2025-07-09,13,False,accepted,False,127407.74,17
DEL-PO-RFQ-0191-V021,PO-RFQ-0191-V021,V021,2025-06-21,2025-06-21,0,True,accepted,False,122382.38,17
DEL-PO-RFQ-0191-V006,PO-RFQ-0191-V006,V006,2025-06-25,2025-06-25,0,True,accepted_with_note,False,118196.89,17
DEL-PO-RFQ-0191-V013,PO-RFQ-0191-V013,V013,2025-07-12,2025-07-12,0,True,rejected,False,127380.81,17
DEL-PO-RFQ-0192-V002,PO-RFQ-0192-V002,V002,2025-07-03,2025-07-03,0,True,accepted,False,89874.35,17
DEL-PO-RFQ-0192-V016,PO-RFQ-0192-V016,V016,2025-06-26,2025-07-01,5,False,accepted,False,81251.58,17
DEL-PO-RFQ-0192-V013,PO-RFQ-0192-V013,V013,2025-06-26,2025-06-26,0,True,accepted_with_note,False,95784.82,17
DEL-PO-RFQ-0192-V011,PO-RFQ-0192-V011,V011,2025-07-05,2025-07-17,12,False,accepted,False,99064.83,17
DEL-PO-RFQ-0192-V021,PO-RFQ-0192-V021,V021,2025-07-22,2025-07-22,0,True,accepted_with_note,False,94569.61,17
DEL-PO-RFQ-0193-V012,PO-RFQ-0193-V012,V012,2025-06-27,2025-06-27,0,True,accepted,False,47118.28,17
DEL-PO-RFQ-0193-V015,PO-RFQ-0193-V015,V015,2025-07-08,2025-07-08,0,True,accepted,False,45408.93,17
DEL-PO-RFQ-0193-V014,PO-RFQ-0193-V014,V014,2025-07-09,2025-07-09,0,True,accepted_with_note,False,47242.41,17
DEL-PO-RFQ-0193-V003,PO-RFQ-0193-V003,V003,2025-07-14,2025-07-14,0,True,accepted,False,46878.88,17
DEL-PO-RFQ-0193-V020,PO-RFQ-0193-V020,V020,2025-07-07,2025-07-07,0,True,accepted,True,49679.51,17
DEL-PO-RFQ-0194-V017,PO-RFQ-0194-V017,V017,2025-06-16,2025-06-28,12,False,accepted,False,47575.78,17
DEL-PO-RFQ-0194-V022,PO-RFQ-0194-V022,V022,2025-06-16,2025-06-16,0,True,rejected,False,44773.18,17
DEL-PO-RFQ-0194-V004,PO-RFQ-0194-V004,V004,2025-06-25,2025-07-04,9,False,accepted,False,50812.84,17
DEL-PO-RFQ-0194-V010,PO-RFQ-0194-V010,V010,2025-06-29,2025-06-29,0,True,accepted,False,39436.67,17
DEL-PO-RFQ-0194-V007,PO-RFQ-0194-V007,V007,2025-06-30,2025-07-21,21,False,accepted,False,50028.66,17
DEL-PO-RFQ-0195-V017,PO-RFQ-0195-V017,V017,2025-06-13,2025-06-13,0,True,accepted,True,34786.54,17
DEL-PO-RFQ-0195-V004,PO-RFQ-0195-V004,V004,2025-06-23,2025-06-23,0,True,accepted,False,36567.8,17
DEL-PO-RFQ-0195-V001,PO-RFQ-0195-V001,V001,2025-06-23,2025-06-23,0,True,accepted,False,35938.87,17
DEL-PO-RFQ-0195-V007,PO-RFQ-0195-V007,V007,2025-06-20,2025-06-20,0,True,accepted,False,39150.33,17
DEL-PO-RFQ-0195-V009,PO-RFQ-0195-V009,V009,2025-06-24,2025-06-28,4,False,accepted,False,36276.57,17
DEL-PO-RFQ-0196-V006,PO-RFQ-0196-V006,V006,2025-06-13,2025-06-26,13,False,accepted,True,1852.62,17
DEL-PO-RFQ-0196-V002,PO-RFQ-0196-V002,V002,2025-06-22,2025-06-22,0,True,accepted,False,2077.94,17
DEL-PO-RFQ-0196-V018,PO-RFQ-0196-V018,V018,2025-06-25,2025-06-30,5,False,accepted_with_note,False,2026.84,17
DEL-PO-RFQ-0196-V011,PO-RFQ-0196-V011,V011,2025-07-14,2025-07-29,15,False,accepted_with_note,False,2159.92,17
DEL-PO-RFQ-0197-V013,PO-RFQ-0197-V013,V013,2025-06-10,2025-06-10,0,True,accepted_with_note,False,66719.62,17
DEL-PO-RFQ-0197-V002,PO-RFQ-0197-V002,V002,2025-06-30,2025-06-30,0,True,accepted,False,68281.68,17
DEL-PO-RFQ-0197-V021,PO-RFQ-0197-V021,V021,2025-07-09,2025-07-09,0,True,accepted,False,70223.77,17
DEL-PO-RFQ-0198-V007,PO-RFQ-0198-V007,V007,2025-06-15,2025-06-15,0,True,accepted,False,21494.26,17
DEL-PO-RFQ-0198-V009,PO-RFQ-0198-V009,V009,2025-07-08,2025-07-13,5,False,accepted,False,19041.22,17
DEL-PO-RFQ-0198-V001,PO-RFQ-0198-V001,V001,2025-07-13,2025-07-13,0,True,accepted,False,19258.51,17
DEL-PO-RFQ-0198-V004,PO-RFQ-0198-V004,V004,2025-07-22,2025-07-22,0,True,accepted,False,18790.93,17
DEL-PO-RFQ-0198-V019,PO-RFQ-0198-V019,V019,2025-07-06,2025-07-06,0,True,accepted,False,19844.76,17
DEL-PO-RFQ-0199-V007,PO-RFQ-0199-V007,V007,2025-06-13,2025-06-13,0,True,accepted,False,14105.01,17
DEL-PO-RFQ-0199-V010,PO-RFQ-0199-V010,V010,2025-06-19,2025-06-28,9,False,accepted,False,11689.67,17
DEL-PO-RFQ-0199-V009,PO-RFQ-0199-V009,V009,2025-06-21,2025-06-21,0,True,accepted,False,12954.08,17
DEL-PO-RFQ-0199-V019,PO-RFQ-0199-V019,V019,2025-06-17,2025-06-17,0,True,accepted,False,13539.97,17
DEL-PO-RFQ-0199-V001,PO-RFQ-0199-V001,V001,2025-07-05,2025-07-19,14,False,accepted,False,13492.1,17
DEL-PO-RFQ-0200-V006,PO-RFQ-0200-V006,V006,2025-06-13,2025-06-30,17,False,accepted_with_note,False,54217.11,17
DEL-PO-RFQ-0200-V021,PO-RFQ-0200-V021,V021,2025-06-18,2025-06-18,0,True,accepted,False,57439.12,17
DEL-PO-RFQ-0200-V002,PO-RFQ-0200-V002,V002,2025-07-14,2025-07-14,0,True,accepted,False,59124.49,17
DEL-PO-RFQ-0200-V011,PO-RFQ-0200-V011,V011,2025-06-28,2025-06-28,0,True,accepted,False,56478.1,17
DEL-PO-RFQ-0200-V016,PO-RFQ-0200-V016,V016,2025-07-17,2025-07-17,0,True,accepted,False,55474.62,17
DEL-PO-RFQ-0201-V001,PO-RFQ-0201-V001,V001,2025-06-10,2025-06-10,0,True,accepted,False,23668.08,17
DEL-PO-RFQ-0201-V007,PO-RFQ-0201-V007,V007,2025-06-21,2025-06-21,0,True,accepted,False,26231.0,17
DEL-PO-RFQ-0201-V004,PO-RFQ-0201-V004,V004,2025-07-06,2025-07-20,14,False,accepted,False,24261.1,17
DEL-PO-RFQ-0201-V019,PO-RFQ-0201-V019,V019,2025-06-29,2025-06-29,0,True,accepted,False,25405.1,17
DEL-PO-RFQ-0201-V017,PO-RFQ-0201-V017,V017,2025-06-28,2025-07-05,7,False,accepted,False,23472.36,17
DEL-PO-RFQ-0202-V016,PO-RFQ-0202-V016,V016,2025-06-11,2025-06-11,0,True,accepted,False,15340.74,17
DEL-PO-RFQ-0202-V002,PO-RFQ-0202-V002,V002,2025-07-08,2025-07-11,3,False,accepted,False,17712.87,17
DEL-PO-RFQ-0202-V013,PO-RFQ-0202-V013,V013,2025-07-24,2025-07-24,0,True,accepted_with_note,False,17972.67,17
DEL-PO-RFQ-0202-V006,PO-RFQ-0202-V006,V006,2025-07-06,2025-07-06,0,True,accepted,False,17011.59,17
DEL-PO-RFQ-0202-V011,PO-RFQ-0202-V011,V011,2025-07-16,2025-07-16,0,True,accepted,False,16623.62,17
