burden_id,rfq_id,vendor_id,responded,clarification_rounds,days_to_respond,spec_complete_flag,bid_submitted,month_index
BUR-RFQ-0001-V018,RFQ-0001,V018,True,0,14.0,True,True,0
BUR-RFQ-0001-V011,RFQ-0001,V011,True,1,13.0,True,True,0
BUR-RFQ-0001-V006,RFQ-0001,V006,True,1,11.0,True,True,0
BUR-RFQ-0001-V016,RFQ-0001,V016,True,1,14.0,True,True,0
BUR-RFQ-0001-V002,RFQ-0001,V002,False,0,,True,False,0
BUR-RFQ-0001-V013,RFQ-0001,V013,False,0,,True,False,0
BUR-RFQ-0001-V021,RFQ-0001,V021,False,0,,True,False,0
BUR-RFQ-0002-V006,RFQ-0002,V006,True,2,11.0,True,True,0
BUR-RFQ-0002-V018,RFQ-0002,V018,True,0,13.0,True,True,0
BUR-RFQ-0002-V016,RFQ-0002,V016,True,1,11.0,False,True,0
BUR-RFQ-0002-V002,RFQ-0002,V002,True,1,12.0,False,True,0
BUR-RFQ-0002-V011,RFQ-0002,V011,False,0,,True,False,0
BUR-RFQ-0002-V013,RFQ-0002,V013,True,0,11.0,True,True,0
BUR-RFQ-0002-V021,RFQ-0002,V021,False,0,,True,False,0
BUR-RFQ-0003-V015,RFQ-0003,V015,True,1,13.0,False,True,0
BUR-RFQ-0003-V008,RFQ-0003,V008,True,2,13.0,False,True,0
BUR-RFQ-0003-V014,RFQ-0003,V014,False,0,,True,False,0
BUR-RFQ-0003-V005,RFQ-0003,V005,True,0,14.0,True,True,0
BUR-RFQ-0003-V020,RFQ-0003,V020,True,0,14.0,True,True,0
BUR-RFQ-0003-V012,RFQ-0003,V012,True,1,14.0,False,True,0
BUR-RFQ-0003-V003,RFQ-0003,V003,True,0,12.0,True,True,0
BUR-RFQ-0003-V023,RFQ-0003,V023,False,0,,True,False,0
BUR-RFQ-0004-V002,RFQ-0004,V002,True,0,11.0,True,True,0
BUR-RFQ-0004-V016,RFQ-0004,V016,False,0,,True,False,0
BUR-RFQ-0004-V013,RFQ-0004,V013,True,2,12.0,False,True,0
BUR-RFQ-0004-V006,RFQ-0004,V006,True,2,11.0,True,True,0
BUR-RFQ-0004-V018,RFQ-0004,V018,True,2,10.0,False,True,0
BUR-RFQ-0004-V011,RFQ-0004,V011,True,1,9.0,True,True,0
BUR-RFQ-0004-V021,RFQ-0004,V021,False,0,,True,False,0
BUR-RFQ-0005-V016,RFQ-0005,V016,True,1,13.0,True,True,0
BUR-RFQ-0005-V018,RFQ-0005,V018,True,0,13.0,True,True,0
BUR-RFQ-0005-V002,RFQ-0005,V002,True,0,14.0,True,True,0
BUR-RFQ-0005-V011,RFQ-0005,V011,True,1,12.0,False,True,0
BUR-RFQ-0005-V006,RFQ-0005,V006,False,0,,False,False,0
BUR-RFQ-0005-V021,RFQ-0005,V021,False,0,,True,False,0
BUR-RFQ-0005-V013,RFQ-0005,V013,True,0,11.0,True,True,0
BUR-RFQ-0006-V016,RFQ-0006,V016,True,2,12.0,True,True,0
BUR-RFQ-0006-V006,RFQ-0006,V006,True,1,11.0,True,True,0
BUR-RFQ-0006-V021,RFQ-0006,V021,False,0,,False,False,0
BUR-RFQ-0006-V018,RFQ-0006,V018,True,0,14.0,True,True,0
BUR-RFQ-0006-V002,RFQ-0006,V002,True,0,12.0,True,True,0
BUR-RFQ-0006-V013,RFQ-0006,V013,False,0,,True,False,0
BUR-RFQ-0006-V011,RFQ-0006,V011,True,2,11.0,True,True,0
BUR-RFQ-0007-V018,RFQ-0007,V018,True,1,13.0,False,True,0
BUR-RFQ-0007-V011,RFQ-0007,V011,True,1,12.0,False,True,0
BUR-RFQ-0007-V006,RFQ-0007,V006,True,2,13.0,True,True,0
BUR-RFQ-0007-V002,RFQ-0007,V002,True,0,12.0,True,True,0
BUR-RFQ-0007-V013,RFQ-0007,V013,True,0,14.0,True,True,0
BUR-RFQ-0007-V016,RFQ-0007,V016,True,1,14.0,True,True,0
BUR-RFQ-0007-V021,RFQ-0007,V021,False,0,,True,False,0
BUR-RFQ-0008-V002,RFQ-0008,V002,True,0,4.0,True,True,0
BUR-RFQ-0008-V018,RFQ-0008,V018,True,0,5.0,True,True,0
BUR-RFQ-0008-V016,RFQ-0008,V016,False,0,,True,False,0
BUR-RFQ-0008-V006,RFQ-0008,V006,True,2,7.0,False,True,0
BUR-RFQ-0008-V013,RFQ-0008,V013,True,0,6.0,True,True,0
BUR-RFQ-0008-V011,RFQ-0008,V011,False,0,,True,False,0
BUR-RFQ-0008-V021,RFQ-0008,V021,False,0,,True,False,0
BUR-RFQ-0009-V011,RFQ-0009,V011,True,2,6.0,True,True,0
BUR-RFQ-0009-V018,RFQ-0009,V018,True,1,5.0,False,True,0
BUR-RFQ-0009-V013,RFQ-0009,V013,False,0,,True,False,0
BUR-RFQ-0009-V002,RFQ-0009,V002,True,0,4.0,True,True,0
BUR-RFQ-0009-V006,RFQ-0009,V006,True,2,6.0,True,True,0
BUR-RFQ-0009-V016,RFQ-0009,V016,False,0,,True,False,0
BUR-RFQ-0009-V021,RFQ-0009,V021,False,0,,True,False,0
BUR-RFQ-0010-V019,RFQ-0010,V019,True,0,11.0,True,True,0
BUR-RFQ-0010-V004,RFQ-0010,V004,True,0,11.0,True,True,0
BUR-RFQ-0010-V010,RFQ-0010,V010,True,1,13.0,False,True,0
BUR-RFQ-0010-V007,RFQ-0010,V007,True,0,13.0,True,True,0
BUR-RFQ-0010-V001,RFQ-0010,V001,True,0,12.0,True,True,0
BUR-RFQ-0010-V017,RFQ-0010,V017,True,1,12.0,False,True,0
BUR-RFQ-0010-V009,RFQ-0010,V009,True,0,12.0,True,True,0
BUR-RFQ-0010-V022,RFQ-0010,V022,False,0,,True,False,0
BUR-RFQ-0011-V003,RFQ-0011,V003,True,0,10.0,True,True,1
BUR-RFQ-0011-V012,RFQ-0011,V012,True,0,8.0,True,True,1
BUR-RFQ-0011-V015,RFQ-0011,V015,False,0,,True,False,1
BUR-RFQ-0011-V008,RFQ-0011,V008,True,0,8.0,True,True,1
BUR-RFQ-0011-V014,RFQ-0011,V014,False,0,,True,False,1
BUR-RFQ-0011-V020,RFQ-0011,V020,True,2,10.0,False,True,1
BUR-RFQ-0011-V005,RFQ-0011,V005,True,0,11.0,True,True,1
BUR-RFQ-0011-V023,RFQ-0011,V023,False,0,,True,False,1
BUR-RFQ-0012-V018,RFQ-0012,V018,True,2,3.0,False,True,1
BUR-RFQ-0012-V002,RFQ-0012,V002,False,0,,True,False,1
BUR-RFQ-0012-V013,RFQ-0012,V013,True,2,2.0,False,True,1
BUR-RFQ-0012-V016,RFQ-0012,V016,True,1,3.0,True,True,1
BUR-RFQ-0012-V006,RFQ-0012,V006,False,0,,True,False,1
BUR-RFQ-0012-V011,RFQ-0012,V011,True,2,2.0,True,True,1
BUR-RFQ-0012-V021,RFQ-0012,V021,False,0,,True,False,1
BUR-RFQ-0013-V017,RFQ-0013,V017,True,0,7.0,True,True,1
BUR-RFQ-0013-V001,RFQ-0013,V001,True,0,7.0,True,True,1
BUR-RFQ-0013-V007,RFQ-0013,V007,True,0,7.0,True,True,1
BUR-RFQ-0013-V009,RFQ-0013,V009,False,0,,True,False,1
BUR-RFQ-0013-V004,RFQ-0013,V004,True,0,6.0,True,True,1
BUR-RFQ-0013-V019,RFQ-0013,V019,True,1,4.0,False,True,1
BUR-RFQ-0013-V010,RFQ-0013,V010,True,0,5.0,True,True,1
BUR-RFQ-0013-V022,RFQ-0013,V022,False,0,,True,False,1
BUR-RFQ-0014-V006,RFQ-0014,V006,True,2,4.0,True,True,1
BUR-RFQ-0014-V002,RFQ-0014,V002,True,0,5.0,True,True,1
BUR-RFQ-0014-V013,RFQ-0014,V013,True,0,5.0,True,True,1
BUR-RFQ-0014-V016,RFQ-0014,V016,True,1,6.0,True,True,1
BUR-RFQ-0014-V018,RFQ-0014,V018,True,0,7.0,True,True,1
BUR-RFQ-0014-V011,RFQ-0014,V011,True,2,5.0,True,True,1
BUR-RFQ-0014-V021,RFQ-0014,V021,False,0,,True,False,1
BUR-RFQ-0015-V016,RFQ-0015,V016,False,0,,True,False,1
BUR-RFQ-0015-V018,RFQ-0015,V018,True,0,13.0,True,True,1
BUR-RFQ-0015-V006,RFQ-0015,V006,True,2,11.0,True,True,1
BUR-RFQ-0015-V013,RFQ-0015,V013,True,0,12.0,True,True,1
BUR-RFQ-0015-V011,RFQ-0015,V011,False,0,,True,False,1
BUR-RFQ-0015-V002,RFQ-0015,V002,True,0,11.0,True,True,1
BUR-RFQ-0015-V021,RFQ-0015,V021,False,0,,True,False,1
BUR-RFQ-0016-V016,RFQ-0016,V016,True,1,13.0,True,True,1
BUR-RFQ-0016-V002,RFQ-0016,V002,True,0,10.0,True,True,1
BUR-RFQ-0016-V013,RFQ-0016,V013,False,0,,True,False,1
BUR-RFQ-0016-V011,RFQ-0016,V011,True,2,10.0,True,True,1
BUR-RFQ-0016-V018,RFQ-0016,V018,False,0,,False,False,1
BUR-RFQ-0016-V006,RFQ-0016,V006,False,0,,True,False,1
BUR-RFQ-0016-V021,RFQ-0016,V021,False,0,,False,False,1
BUR-RFQ-0017-V008,RFQ-0017,V008,True,0,7.0,True,True,1
BUR-RFQ-0017-V014,RFQ-0017,V014,True,2,9.0,False,True,1
BUR-RFQ-0017-V005,RFQ-0017,V005,True,0,7.0,True,True,1
BUR-RFQ-0017-V003,RFQ-0017,V003,False,0,,True,False,1
BUR-RFQ-0017-V020,RFQ-0017,V020,True,0,8.0,True,True,1
BUR-RFQ-0017-V012,RFQ-0017,V012,True,0,6.0,True,True,1
BUR-RFQ-0017-V015,RFQ-0017,V015,True,1,9.0,False,True,1
BUR-RFQ-0017-V023,RFQ-0017,V023,False,0,,True,False,1
BUR-RFQ-0018-V001,RFQ-0018,V001,True,1,8.0,False,True,1
BUR-RFQ-0018-V004,RFQ-0018,V004,True,1,8.0,False,True,1
BUR-RFQ-0018-V019,RFQ-0018,V019,True,1,6.0,False,True,1
BUR-RFQ-0018-V009,RFQ-0018,V009,False,0,,True,False,1
BUR-RFQ-0018-V017,RFQ-0018,V017,False,0,,True,False,1
BUR-RFQ-0018-V007,RFQ-0018,V007,True,0,6.0,True,True,1
BUR-RFQ-0018-V010,RFQ-0018,V010,False,0,,True,False,1
BUR-RFQ-0018-V022,RFQ-0018,V022,False,0,,False,False,1
BUR-RFQ-0019-V018,RFQ-0019,V018,True,0,6.0,True,True,1
BUR-RFQ-0019-V006,RFQ-0019,V006,True,1,6.0,False,True,1
BUR-RFQ-0019-V013,RFQ-0019,V013,True,0,7.0,True,True,1
BUR-RFQ-0019-V016,RFQ-0019,V016,False,0,,True,False,1
BUR-RFQ-0019-V011,RFQ-0019,V011,True,1,6.0,True,True,1
BUR-RFQ-0019-V002,RFQ-0019,V002,True,0,7.0,True,True,1
BUR-RFQ-0019-V021,RFQ-0019,V021,False,0,,True,False,1
BUR-RFQ-0020-V006,RFQ-0020,V006,True,1,10.0,True,True,1
BUR-RFQ-0020-V002,RFQ-0020,V002,True,0,9.0,True,True,1
BUR-RFQ-0020-V016,RFQ-0020,V016,True,1,10.0,True,True,1
BUR-RFQ-0020-V018,RFQ-0020,V018,True,2,10.0,False,True,1
BUR-RFQ-0020-V011,RFQ-0020,V011,False,0,,True,False,1
BUR-RFQ-0020-V013,RFQ-0020,V013,True,2,8.0,False,True,1
BUR-RFQ-0020-V021,RFQ-0020,V021,False,0,,False,False,1
BUR-RFQ-0021-V019,RFQ-0021,V019,True,0,10.0,True,True,2
BUR-RFQ-0021-V004,RFQ-0021,V004,True,0,8.0,True,True,2
BUR-RFQ-0021-V017,RFQ-0021,V017,True,0,9.0,True,True,2
BUR-RFQ-0021-V001,RFQ-0021,V001,True,0,8.0,True,True,2
BUR-RFQ-0021-V007,RFQ-0021,V007,True,0,10.0,True,True,2
BUR-RFQ-0021-V010,RFQ-0021,V010,True,0,10.0,True,True,2
BUR-RFQ-0021-V009,RFQ-0021,V009,True,0,10.0,True,True,2
BUR-RFQ-0021-V024,RFQ-0021,V024,False,0,,True,False,2
BUR-RFQ-0022-V019,RFQ-0022,V019,False,0,,False,False,2
BUR-RFQ-0022-V007,RFQ-0022,V007,True,0,14.0,True,True,2
BUR-RFQ-0022-V009,RFQ-0022,V009,True,0,13.0,True,True,2
BUR-RFQ-0022-V004,RFQ-0022,V004,True,1,12.0,False,True,2
BUR-RFQ-0022-V010,RFQ-0022,V010,True,0,11.0,True,True,2
BUR-RFQ-0022-V001,RFQ-0022,V001,False,0,,True,False,2
BUR-RFQ-0022-V017,RFQ-0022,V017,True,0,14.0,True,True,2
BUR-RFQ-0022-V022,RFQ-0022,V022,False,0,,True,False,2
BUR-RFQ-0023-V010,RFQ-0023,V010,True,0,13.0,True,True,2
BUR-RFQ-0023-V007,RFQ-0023,V007,True,0,12.0,True,True,2
BUR-RFQ-0023-V001,RFQ-0023,V001,True,0,14.0,True,True,2
BUR-RFQ-0023-V019,RFQ-0023,V019,True,0,13.0,True,True,2
BUR-RFQ-0023-V017,RFQ-0023,V017,True,0,14.0,True,True,2
BUR-RFQ-0023-V004,RFQ-0023,V004,True,0,12.0,True,True,2
BUR-RFQ-0023-V009,RFQ-0023,V009,True,1,13.0,False,True,2
BUR-RFQ-0023-V022,RFQ-0023,V022,False,0,,False,False,2
BUR-RFQ-0024-V001,RFQ-0024,V001,False,0,,True,False,2
BUR-RFQ-0024-V017,RFQ-0024,V017,True,0,8.0,True,True,2
BUR-RFQ-0024-V009,RFQ-0024,V009,True,0,6.0,True,True,2
BUR-RFQ-0024-V004,RFQ-0024,V004,True,2,6.0,False,True,2
BUR-RFQ-0024-V019,RFQ-0024,V019,True,2,6.0,False,True,2
BUR-RFQ-0024-V007,RFQ-0024,V007,False,0,,True,False,2
BUR-RFQ-0024-V010,RFQ-0024,V010,True,0,9.0,True,True,2
BUR-RFQ-0024-V024,RFQ-0024,V024,False,0,,False,False,2
BUR-RFQ-0025-V002,RFQ-0025,V002,True,1,13.0,False,True,2
BUR-RFQ-0025-V016,RFQ-0025,V016,True,1,13.0,True,True,2
BUR-RFQ-0025-V006,RFQ-0025,V006,True,1,12.0,True,True,2
BUR-RFQ-0025-V018,RFQ-0025,V018,True,2,13.0,False,True,2
BUR-RFQ-0025-V011,RFQ-0025,V011,False,0,,True,False,2
BUR-RFQ-0025-V021,RFQ-0025,V021,False,0,,True,False,2
BUR-RFQ-0025-V013,RFQ-0025,V013,True,0,11.0,True,True,2
BUR-RFQ-0026-V016,RFQ-0026,V016,False,0,,True,False,2
BUR-RFQ-0026-V013,RFQ-0026,V013,True,2,12.0,False,True,2
BUR-RFQ-0026-V018,RFQ-0026,V018,True,0,12.0,True,True,2
BUR-RFQ-0026-V002,RFQ-0026,V002,True,2,13.0,False,True,2
BUR-RFQ-0026-V006,RFQ-0026,V006,True,2,11.0,False,True,2
BUR-RFQ-0026-V011,RFQ-0026,V011,True,2,14.0,True,True,2
BUR-RFQ-0026-V021,RFQ-0026,V021,False,0,,True,False,2
BUR-RFQ-0027-V010,RFQ-0027,V010,True,0,11.0,True,True,2
BUR-RFQ-0027-V001,RFQ-0027,V001,True,1,11.0,False,True,2
BUR-RFQ-0027-V017,RFQ-0027,V017,True,0,13.0,True,True,2
BUR-RFQ-0027-V007,RFQ-0027,V007,True,2,12.0,False,True,2
BUR-RFQ-0027-V009,RFQ-0027,V009,True,0,12.0,True,True,2
BUR-RFQ-0027-V004,RFQ-0027,V004,True,0,11.0,True,True,2
BUR-RFQ-0027-V019,RFQ-0027,V019,True,0,12.0,True,True,2
BUR-RFQ-0027-V024,RFQ-0027,V024,False,0,,False,False,2
BUR-RFQ-0028-V006,RFQ-0028,V006,False,0,,False,False,2
BUR-RFQ-0028-V013,RFQ-0028,V013,True,0,9.0,True,True,2
BUR-RFQ-0028-V011,RFQ-0028,V011,True,2,6.0,True,True,2
BUR-RFQ-0028-V016,RFQ-0028,V016,True,1,9.0,True,True,2
BUR-RFQ-0028-V018,RFQ-0028,V018,True,0,7.0,True,True,2
BUR-RFQ-0028-V002,RFQ-0028,V002,True,0,7.0,True,True,2
BUR-RFQ-0028-V021,RFQ-0028,V021,False,0,,False,False,2
BUR-RFQ-0029-V020,RFQ-0029,V020,True,0,7.0,True,True,2
BUR-RFQ-0029-V015,RFQ-0029,V015,True,2,5.0,False,True,2
BUR-RFQ-0029-V023,RFQ-0029,V023,False,0,,True,False,2
BUR-RFQ-0029-V012,RFQ-0029,V012,False,0,,True,False,2
BUR-RFQ-0029-V003,RFQ-0029,V003,False,0,,True,False,2
BUR-RFQ-0029-V008,RFQ-0029,V008,True,0,6.0,True,True,2
BUR-RFQ-0029-V005,RFQ-0029,V005,True,0,7.0,True,True,2
BUR-RFQ-0029-V014,RFQ-0029,V014,False,0,,False,False,2
BUR-RFQ-0030-V009,RFQ-0030,V009,True,0,14.0,True,True,2
BUR-RFQ-0030-V010,RFQ-0030,V010,False,0,,True,False,2
BUR-RFQ-0030-V001,RFQ-0030,V001,True,0,13.0,True,True,2
BUR-RFQ-0030-V019,RFQ-0030,V019,True,2,12.0,False,True,2
BUR-RFQ-0030-V004,RFQ-0030,V004,True,0,14.0,True,True,2
BUR-RFQ-0030-V017,RFQ-0030,V017,True,0,14.0,True,True,2
BUR-RFQ-0030-V022,RFQ-0030,V022,False,0,,False,False,2
BUR-RFQ-0030-V024,RFQ-0030,V024,False,0,,True,False,2
BUR-RFQ-0031-V013,RFQ-0031,V013,True,2,8.0,False,True,3
BUR-RFQ-0031-V006,RFQ-0031,V006,True,2,7.0,True,True,3
BUR-RFQ-0031-V018,RFQ-0031,V018,True,0,7.0,True,True,3
BUR-RFQ-0031-V002,RFQ-0031,V002,True,0,6.0,True,True,3
BUR-RFQ-0031-V011,RFQ-0031,V011,False,0,,False,False,3
BUR-RFQ-0031-V016,RFQ-0031,V016,False,0,,True,False,3
BUR-RFQ-0031-V021,RFQ-0031,V021,False,0,,True,False,3
BUR-RFQ-0032-V001,RFQ-0032,V001,True,0,11.0,True,True,3
BUR-RFQ-0032-V017,RFQ-0032,V017,True,0,11.0,True,True,3
BUR-RFQ-0032-V007,RFQ-0032,V007,False,0,,True,False,3
BUR-RFQ-0032-V009,RFQ-0032,V009,True,0,11.0,True,True,3
BUR-RFQ-0032-V019,RFQ-0032,V019,True,0,13.0,True,True,3
BUR-RFQ-0032-V004,RFQ-0032,V004,True,0,14.0,True,True,3
BUR-RFQ-0032-V010,RFQ-0032,V010,True,0,14.0,True,True,3
BUR-RFQ-0032-V024,RFQ-0032,V024,False,0,,False,False,3
BUR-RFQ-0033-V013,RFQ-0033,V013,True,0,13.0,True,True,3
BUR-RFQ-0033-V011,RFQ-0033,V011,False,0,,True,False,3
BUR-RFQ-0033-V002,RFQ-0033,V002,True,0,11.0,True,True,3
BUR-RFQ-0033-V016,RFQ-0033,V016,True,1,10.0,True,True,3
BUR-RFQ-0033-V018,RFQ-0033,V018,True,1,10.0,False,True,3
BUR-RFQ-0033-V006,RFQ-0033,V006,True,2,11.0,True,True,3
BUR-RFQ-0033-V021,RFQ-0033,V021,False,0,,True,False,3
BUR-RFQ-0034-V001,RFQ-0034,V001,True,0,8.0,True,True,3
BUR-RFQ-0034-V007,RFQ-0034,V007,True,0,9.0,True,True,3
BUR-RFQ-0034-V019,RFQ-0034,V019,False,0,,True,False,3
BUR-RFQ-0034-V010,RFQ-0034,V010,True,0,8.0,True,True,3
BUR-RFQ-0034-V004,RFQ-0034,V004,True,0,9.0,True,True,3
BUR-RFQ-0034-V017,RFQ-0034,V017,True,0,10.0,True,True,3
BUR-RFQ-0034-V009,RFQ-0034,V009,True,0,8.0,True,True,3
BUR-RFQ-0034-V022,RFQ-0034,V022,False,0,,False,False,3
BUR-RFQ-0035-V009,RFQ-0035,V009,True,0,6.0,True,True,3
BUR-RFQ-0035-V019,RFQ-0035,V019,True,0,6.0,True,True,3
BUR-RFQ-0035-V007,RFQ-0035,V007,True,0,7.0,True,True,3
BUR-RFQ-0035-V017,RFQ-0035,V017,True,0,8.0,True,True,3
BUR-RFQ-0035-V004,RFQ-0035,V004,True,0,6.0,True,True,3
BUR-RFQ-0035-V010,RFQ-0035,V010,True,0,7.0,True,True,3
BUR-RFQ-0035-V001,RFQ-0035,V001,True,0,7.0,True,True,3
BUR-RFQ-0035-V022,RFQ-0035,V022,False,0,,True,False,3
BUR-RFQ-0036-V002,RFQ-0036,V002,True,0,7.0,True,True,3
BUR-RFQ-0036-V018,RFQ-0036,V018,True,0,7.0,True,True,3
BUR-RFQ-0036-V006,RFQ-0036,V006,True,1,6.0,True,True,3
BUR-RFQ-0036-V011,RFQ-0036,V011,False,0,,True,False,3
BUR-RFQ-0036-V013,RFQ-0036,V013,True,0,7.0,True,True,3
BUR-RFQ-0036-V016,RFQ-0036,V016,True,1,7.0,True,True,3
BUR-RFQ-0036-V021,RFQ-0036,V021,False,0,,True,False,3
BUR-RFQ-0037-V013,RFQ-0037,V013,True,1,6.0,False,True,3
BUR-RFQ-0037-V002,RFQ-0037,V002,True,0,7.0,True,True,3
BUR-RFQ-0037-V016,RFQ-0037,V016,True,2,6.0,True,True,3
BUR-RFQ-0037-V006,RFQ-0037,V006,False,0,,False,False,3
BUR-RFQ-0037-V011,RFQ-0037,V011,False,0,,True,False,3
BUR-RFQ-0037-V018,RFQ-0037,V018,True,0,9.0,True,True,3
BUR-RFQ-0037-V021,RFQ-0037,V021,False,0,,True,False,3
BUR-RFQ-0038-V006,RFQ-0038,V006,False,0,,True,False,3
BUR-RFQ-0038-V013,RFQ-0038,V013,True,0,8.0,True,True,3
BUR-RFQ-0038-V011,RFQ-0038,V011,True,2,8.0,False,True,3
BUR-RFQ-0038-V002,RFQ-0038,V002,False,0,,False,False,3
BUR-RFQ-0038-V016,RFQ-0038,V016,False,0,,True,False,3
BUR-RFQ-0038-V018,RFQ-0038,V018,True,1,10.0,False,True,3
BUR-RFQ-0038-V021,RFQ-0038,V021,False,0,,True,False,3
BUR-RFQ-0039-V007,RFQ-0039,V007,True,0,13.0,True,True,3
BUR-RFQ-0039-V009,RFQ-0039,V009,True,0,12.0,True,True,3
BUR-RFQ-0039-V017,RFQ-0039,V017,True,2,12.0,False,True,3
BUR-RFQ-0039-V010,RFQ-0039,V010,False,0,,True,False,3
BUR-RFQ-0039-V001,RFQ-0039,V001,True,0,13.0,True,True,3
BUR-RFQ-0039-V004,RFQ-0039,V004,True,1,14.0,False,True,3
BUR-RFQ-0039-V019,RFQ-0039,V019,True,1,12.0,False,True,3
BUR-RFQ-0039-V024,RFQ-0039,V024,False,0,,True,False,3
BUR-RFQ-0040-V013,RFQ-0040,V013,True,0,11.0,True,True,3
BUR-RFQ-0040-V006,RFQ-0040,V006,True,2,11.0,True,True,3
BUR-RFQ-0040-V016,RFQ-0040,V016,False,0,,True,False,3
BUR-RFQ-0040-V002,RFQ-0040,V002,False,0,,True,False,3
BUR-RFQ-0040-V018,RFQ-0040,V018,True,0,12.0,True,True,3
BUR-RFQ-0040-V011,RFQ-0040,V011,False,0,,True,False,3
BUR-RFQ-0040-V021,RFQ-0040,V021,False,0,,True,False,3
BUR-RFQ-0041-V001,RFQ-0041,V001,True,0,9.0,True,True,4
BUR-RFQ-0041-V022,RFQ-0041,V022,True,0,10.0,True,True,4
BUR-RFQ-0041-V017,RFQ-0041,V017,False,0,,True,False,4
BUR-RFQ-0041-V010,RFQ-0041,V010,True,1,10.0,False,True,4
BUR-RFQ-0041-V024,RFQ-0041,V024,True,1,10.0,False,True,4
BUR-RFQ-0041-V019,RFQ-0041,V019,True,1,10.0,False,True,4
BUR-RFQ-0041-V009,RFQ-0041,V009,True,2,8.0,False,True,4
BUR-RFQ-0041-V004,RFQ-0041,V004,True,0,7.0,True,True,4
BUR-RFQ-0042-V024,RFQ-0042,V024,True,0,11.0,True,True,4
BUR-RFQ-0042-V001,RFQ-0042,V001,True,0,9.0,True,True,4
BUR-RFQ-0042-V017,RFQ-0042,V017,True,0,11.0,True,True,4
BUR-RFQ-0042-V010,RFQ-0042,V010,True,0,10.0,True,True,4
BUR-RFQ-0042-V022,RFQ-0042,V022,True,0,12.0,True,True,4
BUR-RFQ-0042-V007,RFQ-0042,V007,True,0,12.0,True,True,4
BUR-RFQ-0042-V004,RFQ-0042,V004,True,0,9.0,True,True,4
BUR-RFQ-0042-V019,RFQ-0042,V019,True,0,9.0,True,True,4
BUR-RFQ-0043-V007,RFQ-0043,V007,False,0,,False,False,4
BUR-RFQ-0043-V009,RFQ-0043,V009,True,0,11.0,True,True,4
BUR-RFQ-0043-V019,RFQ-0043,V019,True,1,14.0,False,True,4
BUR-RFQ-0043-V004,RFQ-0043,V004,True,0,11.0,True,True,4
BUR-RFQ-0043-V024,RFQ-0043,V024,False,0,,True,False,4
BUR-RFQ-0043-V017,RFQ-0043,V017,True,0,11.0,True,True,4
BUR-RFQ-0043-V010,RFQ-0043,V010,True,0,12.0,True,True,4
BUR-RFQ-0043-V022,RFQ-0043,V022,True,0,11.0,True,True,4
BUR-RFQ-0044-V016,RFQ-0044,V016,False,0,,True,False,4
BUR-RFQ-0044-V021,RFQ-0044,V021,True,0,9.0,True,True,4
BUR-RFQ-0044-V018,RFQ-0044,V018,False,0,,True,False,4
BUR-RFQ-0044-V011,RFQ-0044,V011,True,1,12.0,True,True,4
BUR-RFQ-0044-V006,RFQ-0044,V006,True,2,10.0,False,True,4
BUR-RFQ-0044-V002,RFQ-0044,V002,True,0,11.0,True,True,4
BUR-RFQ-0044-V013,RFQ-0044,V013,True,0,9.0,True,True,4
BUR-RFQ-0045-V007,RFQ-0045,V007,False,0,,False,False,4
BUR-RFQ-0045-V022,RFQ-0045,V022,True,0,9.0,True,True,4
BUR-RFQ-0045-V024,RFQ-0045,V024,True,2,6.0,False,True,4
BUR-RFQ-0045-V019,RFQ-0045,V019,True,1,8.0,False,True,4
BUR-RFQ-0045-V001,RFQ-0045,V001,True,1,6.0,False,True,4
BUR-RFQ-0045-V010,RFQ-0045,V010,True,1,9.0,False,True,4
BUR-RFQ-0045-V017,RFQ-0045,V017,True,2,6.0,False,True,4
BUR-RFQ-0045-V004,RFQ-0045,V004,True,0,6.0,True,True,4
BUR-RFQ-0046-V002,RFQ-0046,V002,True,2,14.0,False,True,4
BUR-RFQ-0046-V018,RFQ-0046,V018,True,2,13.0,False,True,4
BUR-RFQ-0046-V013,RFQ-0046,V013,True,0,11.0,True,True,4
BUR-RFQ-0046-V021,RFQ-0046,V021,True,0,12.0,True,True,4
BUR-RFQ-0046-V006,RFQ-0046,V006,True,2,11.0,False,True,4
BUR-RFQ-0046-V016,RFQ-0046,V016,False,0,,True,False,4
BUR-RFQ-0046-V011,RFQ-0046,V011,True,1,13.0,True,True,4
BUR-RFQ-0047-V009,RFQ-0047,V009,True,0,11.0,True,True,4
BUR-RFQ-0047-V001,RFQ-0047,V001,True,0,12.0,True,True,4
BUR-RFQ-0047-V017,RFQ-0047,V017,True,0,14.0,True,True,4
BUR-RFQ-0047-V024,RFQ-0047,V024,True,1,12.0,False,True,4
BUR-RFQ-0047-V010,RFQ-0047,V010,True,2,11.0,False,True,4
BUR-RFQ-0047-V007,RFQ-0047,V007,True,1,14.0,False,True,4
BUR-RFQ-0047-V022,RFQ-0047,V022,False,0,,False,False,4
BUR-RFQ-0047-V019,RFQ-0047,V019,True,0,11.0,True,True,4
BUR-RFQ-0048-V024,RFQ-0048,V024,True,0,9.0,True,True,4
BUR-RFQ-0048-V001,RFQ-0048,V001,True,0,10.0,True,True,4
BUR-RFQ-0048-V017,RFQ-0048,V017,True,0,11.0,True,True,4
BUR-RFQ-0048-V019,RFQ-0048,V019,True,2,12.0,False,True,4
BUR-RFQ-0048-V004,RFQ-0048,V004,True,1,10.0,False,True,4
BUR-RFQ-0048-V010,RFQ-0048,V010,False,0,,True,False,4
BUR-RFQ-0048-V007,RFQ-0048,V007,True,1,10.0,False,True,4
BUR-RFQ-0048-V009,RFQ-0048,V009,True,0,10.0,True,True,4
BUR-RFQ-0049-V006,RFQ-0049,V006,False,0,,True,False,4
BUR-RFQ-0049-V013,RFQ-0049,V013,True,2,12.0,False,True,4
BUR-RFQ-0049-V018,RFQ-0049,V018,False,0,,False,False,4
BUR-RFQ-0049-V002,RFQ-0049,V002,True,0,12.0,True,True,4
BUR-RFQ-0049-V016,RFQ-0049,V016,True,2,13.0,True,True,4
BUR-RFQ-0049-V021,RFQ-0049,V021,False,0,,True,False,4
BUR-RFQ-0049-V011,RFQ-0049,V011,True,1,14.0,True,True,4
BUR-RFQ-0050-V019,RFQ-0050,V019,True,1,12.0,False,True,4
BUR-RFQ-0050-V001,RFQ-0050,V001,True,0,13.0,True,True,4
BUR-RFQ-0050-V022,RFQ-0050,V022,True,0,14.0,True,True,4
BUR-RFQ-0050-V024,RFQ-0050,V024,False,0,,True,False,4
BUR-RFQ-0050-V007,RFQ-0050,V007,True,0,11.0,True,True,4
BUR-RFQ-0050-V004,RFQ-0050,V004,True,0,11.0,True,True,4
BUR-RFQ-0050-V017,RFQ-0050,V017,True,0,13.0,True,True,4
BUR-RFQ-0050-V009,RFQ-0050,V009,True,0,13.0,True,True,4
BUR-RFQ-0051-V017,RFQ-0051,V017,True,0,3.0,True,True,4
BUR-RFQ-0051-V001,RFQ-0051,V001,True,0,4.0,True,True,4
BUR-RFQ-0051-V019,RFQ-0051,V019,True,0,3.0,True,True,4
BUR-RFQ-0051-V007,RFQ-0051,V007,False,0,,True,False,4
BUR-RFQ-0051-V010,RFQ-0051,V010,False,0,,True,False,4
BUR-RFQ-0051-V004,RFQ-0051,V004,True,0,4.0,True,True,4
BUR-RFQ-0051-V009,RFQ-0051,V009,False,0,,False,False,4
BUR-RFQ-0051-V024,RFQ-0051,V024,True,0,5.0,True,True,4
BUR-RFQ-0052-V013,RFQ-0052,V013,True,0,11.0,True,True,5
BUR-RFQ-0052-V018,RFQ-0052,V018,False,0,,True,False,5
BUR-RFQ-0052-V016,RFQ-0052,V016,True,1,13.0,True,True,5
BUR-RFQ-0052-V006,RFQ-0052,V006,True,1,13.0,True,True,5
BUR-RFQ-0052-V002,RFQ-0052,V002,True,0,11.0,True,True,5
BUR-RFQ-0052-V021,RFQ-0052,V021,True,0,13.0,True,True,5
BUR-RFQ-0052-V011,RFQ-0052,V011,True,2,14.0,True,True,5
BUR-RFQ-0053-V001,RFQ-0053,V001,True,0,14.0,True,True,5
BUR-RFQ-0053-V022,RFQ-0053,V022,True,0,11.0,True,True,5
BUR-RFQ-0053-V009,RFQ-0053,V009,True,0,14.0,True,True,5
BUR-RFQ-0053-V017,RFQ-0053,V017,True,0,13.0,True,True,5
BUR-RFQ-0053-V024,RFQ-0053,V024,True,0,12.0,True,True,5
BUR-RFQ-0053-V019,RFQ-0053,V019,True,1,12.0,False,True,5
BUR-RFQ-0053-V004,RFQ-0053,V004,True,0,11.0,True,True,5
BUR-RFQ-0053-V007,RFQ-0053,V007,False,0,,True,False,5
BUR-RFQ-0054-V018,RFQ-0054,V018,True,0,6.0,True,True,5
BUR-RFQ-0054-V013,RFQ-0054,V013,True,0,8.0,True,True,5
BUR-RFQ-0054-V011,RFQ-0054,V011,False,0,,True,False,5
BUR-RFQ-0054-V016,RFQ-0054,V016,True,1,7.0,False,True,5
BUR-RFQ-0054-V021,RFQ-0054,V021,True,0,9.0,True,True,5
BUR-RFQ-0054-V006,RFQ-0054,V006,False,0,,False,False,5
BUR-RFQ-0054-V002,RFQ-0054,V002,True,0,7.0,True,True,5
BUR-RFQ-0055-V006,RFQ-0055,V006,True,2,8.0,True,True,5
BUR-RFQ-0055-V011,RFQ-0055,V011,True,1,7.0,False,True,5
BUR-RFQ-0055-V021,RFQ-0055,V021,True,0,7.0,True,True,5
BUR-RFQ-0055-V016,RFQ-0055,V016,True,1,10.0,True,True,5
BUR-RFQ-0055-V002,RFQ-0055,V002,True,0,8.0,True,True,5
BUR-RFQ-0055-V018,RFQ-0055,V018,True,0,7.0,True,True,5
BUR-RFQ-0055-V013,RFQ-0055,V013,True,0,9.0,True,True,5
BUR-RFQ-0056-V013,RFQ-0056,V013,False,0,,True,False,5
BUR-RFQ-0056-V006,RFQ-0056,V006,True,1,13.0,True,True,5
BUR-RFQ-0056-V018,RFQ-0056,V018,True,2,12.0,False,True,5
BUR-RFQ-0056-V002,RFQ-0056,V002,False,0,,True,False,5
BUR-RFQ-0056-V011,RFQ-0056,V011,True,2,13.0,True,True,5
BUR-RFQ-0056-V021,RFQ-0056,V021,False,0,,True,False,5
BUR-RFQ-0056-V016,RFQ-0056,V016,True,1,12.0,True,True,5
BUR-RFQ-0057-V007,RFQ-0057,V007,True,0,7.0,True,True,5
BUR-RFQ-0057-V010,RFQ-0057,V010,False,0,,False,False,5
BUR-RFQ-0057-V017,RFQ-0057,V017,True,0,4.0,True,True,5
BUR-RFQ-0057-V009,RFQ-0057,V009,False,0,,True,False,5
BUR-RFQ-0057-V001,RFQ-0057,V001,True,1,7.0,False,True,5
BUR-RFQ-0057-V004,RFQ-0057,V004,True,0,7.0,True,True,5
BUR-RFQ-0057-V019,RFQ-0057,V019,True,0,4.0,True,True,5
BUR-RFQ-0057-V022,RFQ-0057,V022,True,2,4.0,False,True,5
BUR-RFQ-0058-V015,RFQ-0058,V015,True,0,11.0,True,True,5
BUR-RFQ-0058-V023,RFQ-0058,V023,False,0,,False,False,5
BUR-RFQ-0058-V020,RFQ-0058,V020,True,0,12.0,True,True,5
BUR-RFQ-0058-V005,RFQ-0058,V005,True,0,13.0,True,True,5
BUR-RFQ-0058-V008,RFQ-0058,V008,True,0,11.0,True,True,5
BUR-RFQ-0058-V003,RFQ-0058,V003,True,0,12.0,True,True,5
BUR-RFQ-0058-V012,RFQ-0058,V012,True,0,12.0,True,True,5
BUR-RFQ-0058-V014,RFQ-0058,V014,True,0,14.0,True,True,5
BUR-RFQ-0059-V002,RFQ-0059,V002,False,0,,True,False,5
BUR-RFQ-0059-V011,RFQ-0059,V011,True,2,12.0,True,True,5
BUR-RFQ-0059-V021,RFQ-0059,V021,True,0,14.0,True,True,5
BUR-RFQ-0059-V016,RFQ-0059,V016,False,0,,True,False,5
BUR-RFQ-0059-V006,RFQ-0059,V006,True,2,11.0,True,True,5
BUR-RFQ-0059-V018,RFQ-0059,V018,True,0,14.0,True,True,5
BUR-RFQ-0059-V013,RFQ-0059,V013,True,0,14.0,True,True,5
BUR-RFQ-0060-V009,RFQ-0060,V009,True,0,12.0,True,True,5
BUR-RFQ-0060-V017,RFQ-0060,V017,True,0,12.0,True,True,5
BUR-RFQ-0060-V019,RFQ-0060,V019,True,0,11.0,True,True,5
BUR-RFQ-0060-V001,RFQ-0060,V001,True,1,13.0,False,True,5
BUR-RFQ-0060-V024,RFQ-0060,V024,False,0,,True,False,5
BUR-RFQ-0060-V004,RFQ-0060,V004,True,1,13.0,False,True,5
BUR-RFQ-0060-V007,RFQ-0060,V007,False,0,,True,False,5
BUR-RFQ-0060-V010,RFQ-0060,V010,True,2,12.0,False,True,5
BUR-RFQ-0061-V023,RFQ-0061,V023,True,3,7.0,False,True,5
BUR-RFQ-0061-V020,RFQ-0061,V020,True,0,6.0,True,True,5
BUR-RFQ-0061-V005,RFQ-0061,V005,True,0,8.0,True,True,5
BUR-RFQ-0061-V008,RFQ-0061,V008,True,0,6.0,True,True,5
BUR-RFQ-0061-V012,RFQ-0061,V012,False,0,,True,False,5
BUR-RFQ-0061-V014,RFQ-0061,V014,True,0,7.0,True,True,5
BUR-RFQ-0061-V003,RFQ-0061,V003,True,0,6.0,True,True,5
BUR-RFQ-0061-V015,RFQ-0061,V015,True,0,9.0,True,True,5
BUR-RFQ-0062-V009,RFQ-0062,V009,True,0,13.0,True,True,6
BUR-RFQ-0062-V001,RFQ-0062,V001,True,0,12.0,True,True,6
BUR-RFQ-0062-V004,RFQ-0062,V004,True,0,13.0,True,True,6
BUR-RFQ-0062-V007,RFQ-0062,V007,False,0,,True,False,6
BUR-RFQ-0062-V024,RFQ-0062,V024,True,0,11.0,True,True,6
BUR-RFQ-0062-V010,RFQ-0062,V010,True,2,13.0,False,True,6
BUR-RFQ-0062-V017,RFQ-0062,V017,True,0,11.0,True,True,6
BUR-RFQ-0062-V022,RFQ-0062,V022,True,0,11.0,True,True,6
BUR-RFQ-0063-V018,RFQ-0063,V018,True,0,12.0,True,True,6
BUR-RFQ-0063-V013,RFQ-0063,V013,True,0,12.0,True,True,6
BUR-RFQ-0063-V006,RFQ-0063,V006,True,2,11.0,True,True,6
BUR-RFQ-0063-V011,RFQ-0063,V011,False,0,,True,False,6
BUR-RFQ-0063-V021,RFQ-0063,V021,True,3,12.0,False,True,6
BUR-RFQ-0063-V002,RFQ-0063,V002,True,0,13.0,True,True,6
BUR-RFQ-0063-V016,RFQ-0063,V016,False,0,,True,False,6
BUR-RFQ-0064-V013,RFQ-0064,V013,True,0,7.0,True,True,6
BUR-RFQ-0064-V021,RFQ-0064,V021,False,0,,True,False,6
BUR-RFQ-0064-V016,RFQ-0064,V016,True,1,4.0,True,True,6
BUR-RFQ-0064-V011,RFQ-0064,V011,False,0,,True,False,6
BUR-RFQ-0064-V018,RFQ-0064,V018,False,0,,True,False,6
BUR-RFQ-0064-V006,RFQ-0064,V006,True,2,5.0,True,True,6
BUR-RFQ-0064-V002,RFQ-0064,V002,False,0,,True,False,6
BUR-RFQ-0065-V007,RFQ-0065,V007,True,2,6.0,False,True,6
BUR-RFQ-0065-V019,RFQ-0065,V019,True,0,7.0,True,True,6
BUR-RFQ-0065-V001,RFQ-0065,V001,True,0,6.0,True,True,6
BUR-RFQ-0065-V010,RFQ-0065,V010,True,0,8.0,True,True,6
BUR-RFQ-0065-V024,RFQ-0065,V024,True,2,9.0,False,True,6
BUR-RFQ-0065-V017,RFQ-0065,V017,False,0,,True,False,6
BUR-RFQ-0065-V009,RFQ-0065,V009,True,0,9.0,True,True,6
BUR-RFQ-0065-V004,RFQ-0065,V004,True,0,6.0,True,True,6
BUR-RFQ-0066-V016,RFQ-0066,V016,True,2,4.0,True,True,6
BUR-RFQ-0066-V021,RFQ-0066,V021,True,0,5.0,True,True,6
BUR-RFQ-0066-V013,RFQ-0066,V013,False,0,,True,False,6
BUR-RFQ-0066-V002,RFQ-0066,V002,True,0,7.0,True,True,6
BUR-RFQ-0066-V018,RFQ-0066,V018,True,1,4.0,False,True,6
BUR-RFQ-0066-V011,RFQ-0066,V011,False,0,,False,False,6
BUR-RFQ-0066-V006,RFQ-0066,V006,True,2,4.0,True,True,6
BUR-RFQ-0067-V018,RFQ-0067,V018,False,0,,False,False,6
BUR-RFQ-0067-V002,RFQ-0067,V002,False,0,,True,False,6
BUR-RFQ-0067-V011,RFQ-0067,V011,True,2,5.0,False,True,6
BUR-RFQ-0067-V006,RFQ-0067,V006,True,1,5.0,False,True,6
BUR-RFQ-0067-V021,RFQ-0067,V021,True,3,3.0,False,True,6
BUR-RFQ-0067-V016,RFQ-0067,V016,True,2,6.0,True,True,6
BUR-RFQ-0067-V013,RFQ-0067,V013,True,0,4.0,True,True,6
BUR-RFQ-0068-V013,RFQ-0068,V013,True,0,9.0,True,True,6
BUR-RFQ-0068-V011,RFQ-0068,V011,True,2,7.0,True,True,6
BUR-RFQ-0068-V021,RFQ-0068,V021,True,1,10.0,False,True,6
BUR-RFQ-0068-V016,RFQ-0068,V016,True,1,10.0,True,True,6
BUR-RFQ-0068-V002,RFQ-0068,V002,True,0,9.0,True,True,6
BUR-RFQ-0068-V006,RFQ-0068,V006,False,0,,True,False,6
BUR-RFQ-0068-V018,RFQ-0068,V018,True,0,7.0,True,True,6
BUR-RFQ-0069-V021,RFQ-0069,V021,True,0,14.0,True,True,6
BUR-RFQ-0069-V013,RFQ-0069,V013,True,0,11.0,True,True,6
BUR-RFQ-0069-V006,RFQ-0069,V006,True,1,14.0,True,True,6
BUR-RFQ-0069-V002,RFQ-0069,V002,False,0,,True,False,6
BUR-RFQ-0069-V016,RFQ-0069,V016,True,1,14.0,False,True,6
BUR-RFQ-0069-V011,RFQ-0069,V011,True,1,12.0,True,True,6
BUR-RFQ-0069-V018,RFQ-0069,V018,False,0,,True,False,6
BUR-RFQ-0070-V005,RFQ-0070,V005,True,0,11.0,True,True,6
BUR-RFQ-0070-V014,RFQ-0070,V014,True,0,14.0,True,True,6
BUR-RFQ-0070-V008,RFQ-0070,V008,True,0,11.0,True,True,6
BUR-RFQ-0070-V003,RFQ-0070,V003,True,0,13.0,True,True,6
BUR-RFQ-0070-V015,RFQ-0070,V015,True,0,11.0,True,True,6
BUR-RFQ-0070-V012,RFQ-0070,V012,False,0,,True,False,6
BUR-RFQ-0070-V023,RFQ-0070,V023,True,1,14.0,True,True,6
BUR-RFQ-0070-V020,RFQ-0070,V020,True,0,12.0,True,True,6
BUR-RFQ-0071-V009,RFQ-0071,V009,True,0,8.0,True,True,7
BUR-RFQ-0071-V024,RFQ-0071,V024,False,0,,True,False,7
BUR-RFQ-0071-V022,RFQ-0071,V022,False,0,,True,False,7
BUR-RFQ-0071-V007,RFQ-0071,V007,True,1,7.0,False,True,7
BUR-RFQ-0071-V001,RFQ-0071,V001,True,0,9.0,True,True,7
BUR-RFQ-0071-V010,RFQ-0071,V010,True,0,7.0,True,True,7
BUR-RFQ-0071-V017,RFQ-0071,V017,True,0,9.0,True,True,7
BUR-RFQ-0071-V019,RFQ-0071,V019,False,0,,True,False,7
BUR-RFQ-0072-V020,RFQ-0072,V020,False,0,,True,False,7
BUR-RFQ-0072-V003,RFQ-0072,V003,True,0,13.0,True,True,7
BUR-RFQ-0072-V015,RFQ-0072,V015,True,0,11.0,True,True,7
BUR-RFQ-0072-V014,RFQ-0072,V014,True,0,12.0,True,True,7
BUR-RFQ-0072-V012,RFQ-0072,V012,True,0,10.0,True,True,7
BUR-RFQ-0072-V005,RFQ-0072,V005,True,0,11.0,True,True,7
BUR-RFQ-0072-V008,RFQ-0072,V008,True,0,11.0,True,True,7
BUR-RFQ-0072-V023,RFQ-0072,V023,True,3,11.0,True,True,7
BUR-RFQ-0073-V013,RFQ-0073,V013,True,1,9.0,False,True,7
BUR-RFQ-0073-V011,RFQ-0073,V011,True,1,11.0,False,True,7
BUR-RFQ-0073-V016,RFQ-0073,V016,False,0,,False,False,7
BUR-RFQ-0073-V018,RFQ-0073,V018,True,0,10.0,True,True,7
BUR-RFQ-0073-V006,RFQ-0073,V006,True,1,11.0,True,True,7
BUR-RFQ-0073-V002,RFQ-0073,V002,True,2,8.0,False,True,7
BUR-RFQ-0073-V021,RFQ-0073,V021,True,0,8.0,True,True,7
BUR-RFQ-0074-V016,RFQ-0074,V016,True,1,13.0,False,True,7
BUR-RFQ-0074-V018,RFQ-0074,V018,True,2,13.0,False,True,7
BUR-RFQ-0074-V002,RFQ-0074,V002,True,0,14.0,True,True,7
BUR-RFQ-0074-V021,RFQ-0074,V021,False,0,,True,False,7
BUR-RFQ-0074-V006,RFQ-0074,V006,False,0,,True,False,7
BUR-RFQ-0074-V013,RFQ-0074,V013,True,0,14.0,True,True,7
BUR-RFQ-0074-V011,RFQ-0074,V011,False,0,,True,False,7
BUR-RFQ-0075-V021,RFQ-0075,V021,True,3,12.0,False,True,7
BUR-RFQ-0075-V016,RFQ-0075,V016,True,2,11.0,True,True,7
BUR-RFQ-0075-V011,RFQ-0075,V011,True,1,12.0,True,True,7
BUR-RFQ-0075-V006,RFQ-0075,V006,True,1,10.0,True,True,7
BUR-RFQ-0075-V002,RFQ-0075,V002,True,0,10.0,True,True,7
BUR-RFQ-0075-V013,RFQ-0075,V013,True,0,9.0,True,True,7
BUR-RFQ-0075-V018,RFQ-0075,V018,False,0,,True,False,7
BUR-RFQ-0076-V002,RFQ-0076,V002,True,0,9.0,True,True,7
BUR-RFQ-0076-V021,RFQ-0076,V021,True,0,8.0,True,True,7
BUR-RFQ-0076-V006,RFQ-0076,V006,True,1,8.0,True,True,7
BUR-RFQ-0076-V018,RFQ-0076,V018,False,0,,False,False,7
BUR-RFQ-0076-V011,RFQ-0076,V011,False,0,,True,False,7
BUR-RFQ-0076-V013,RFQ-0076,V013,True,0,9.0,True,True,7
BUR-RFQ-0076-V016,RFQ-0076,V016,True,2,9.0,True,True,7
BUR-RFQ-0077-V016,RFQ-0077,V016,False,0,,True,False,7
BUR-RFQ-0077-V011,RFQ-0077,V011,False,0,,True,False,7
BUR-RFQ-0077-V002,RFQ-0077,V002,True,0,12.0,True,True,7
BUR-RFQ-0077-V021,RFQ-0077,V021,True,1,13.0,False,True,7
BUR-RFQ-0077-V006,RFQ-0077,V006,True,2,13.0,True,True,7
BUR-RFQ-0077-V013,RFQ-0077,V013,True,0,12.0,True,True,7
BUR-RFQ-0077-V018,RFQ-0077,V018,False,0,,True,False,7
BUR-RFQ-0078-V015,RFQ-0078,V015,True,0,13.0,True,True,7
BUR-RFQ-0078-V014,RFQ-0078,V014,False,0,,False,False,7
BUR-RFQ-0078-V005,RFQ-0078,V005,True,2,12.0,False,True,7
BUR-RFQ-0078-V012,RFQ-0078,V012,True,0,13.0,True,True,7
BUR-RFQ-0078-V023,RFQ-0078,V023,True,2,11.0,True,True,7
BUR-RFQ-0078-V008,RFQ-0078,V008,True,1,11.0,False,True,7
BUR-RFQ-0078-V020,RFQ-0078,V020,True,0,14.0,True,True,7
BUR-RFQ-0078-V003,RFQ-0078,V003,True,1,13.0,False,True,7
BUR-RFQ-0079-V021,RFQ-0079,V021,True,3,13.0,False,True,7
BUR-RFQ-0079-V002,RFQ-0079,V002,True,0,12.0,True,True,7
BUR-RFQ-0079-V018,RFQ-0079,V018,True,0,12.0,True,True,7
BUR-RFQ-0079-V006,RFQ-0079,V006,True,2,13.0,True,True,7
BUR-RFQ-0079-V016,RFQ-0079,V016,True,1,13.0,True,True,7
BUR-RFQ-0079-V011,RFQ-0079,V011,True,2,12.0,True,True,7
BUR-RFQ-0079-V013,RFQ-0079,V013,True,0,13.0,True,True,7
BUR-RFQ-0080-V019,RFQ-0080,V019,True,0,13.0,True,True,7
BUR-RFQ-0080-V001,RFQ-0080,V001,True,0,11.0,True,True,7
BUR-RFQ-0080-V010,RFQ-0080,V010,False,0,,True,False,7
BUR-RFQ-0080-V022,RFQ-0080,V022,True,0,14.0,True,True,7
BUR-RFQ-0080-V024,RFQ-0080,V024,True,2,13.0,False,True,7
BUR-RFQ-0080-V009,RFQ-0080,V009,True,0,14.0,True,True,7
BUR-RFQ-0080-V007,RFQ-0080,V007,True,0,12.0,True,True,7
BUR-RFQ-0080-V017,RFQ-0080,V017,True,0,11.0,True,True,7
BUR-RFQ-0081-V024,RFQ-0081,V024,True,3,8.0,False,True,7
BUR-RFQ-0081-V007,RFQ-0081,V007,True,0,8.0,True,True,7
BUR-RFQ-0081-V017,RFQ-0081,V017,True,0,7.0,True,True,7
BUR-RFQ-0081-V001,RFQ-0081,V001,True,2,9.0,False,True,7
BUR-RFQ-0081-V022,RFQ-0081,V022,False,0,,False,False,7
BUR-RFQ-0081-V019,RFQ-0081,V019,True,1,9.0,False,True,7
BUR-RFQ-0081-V009,RFQ-0081,V009,True,0,6.0,True,True,7
BUR-RFQ-0081-V004,RFQ-0081,V004,True,0,9.0,True,True,7
BUR-RFQ-0082-V015,RFQ-0082,V015,False,0,,True,False,8
BUR-RFQ-0082-V020,RFQ-0082,V020,True,0,14.0,True,True,8
BUR-RFQ-0082-V023,RFQ-0082,V023,False,0,,True,False,8
BUR-RFQ-0082-V005,RFQ-0082,V005,True,0,12.0,True,True,8
BUR-RFQ-0082-V003,RFQ-0082,V003,True,0,14.0,True,True,8
BUR-RFQ-0082-V012,RFQ-0082,V012,False,0,,False,False,8
BUR-RFQ-0082-V008,RFQ-0082,V008,False,0,,True,False,8
BUR-RFQ-0082-V014,RFQ-0082,V014,True,0,12.0,True,True,8
BUR-RFQ-0083-V016,RFQ-0083,V016,False,0,,False,False,8
BUR-RFQ-0083-V006,RFQ-0083,V006,False,0,,True,False,8
BUR-RFQ-0083-V018,RFQ-0083,V018,True,0,12.0,True,True,8
BUR-RFQ-0083-V002,RFQ-0083,V002,True,0,13.0,True,True,8
BUR-RFQ-0083-V013,RFQ-0083,V013,False,0,,True,False,8
BUR-RFQ-0083-V011,RFQ-0083,V011,False,0,,True,False,8
BUR-RFQ-0083-V021,RFQ-0083,V021,True,3,12.0,False,True,8
BUR-RFQ-0084-V011,RFQ-0084,V011,True,1,13.0,True,True,8
BUR-RFQ-0084-V021,RFQ-0084,V021,True,1,12.0,False,True,8
BUR-RFQ-0084-V013,RFQ-0084,V013,True,0,10.0,True,True,8
BUR-RFQ-0084-V002,RFQ-0084,V002,True,0,11.0,True,True,8
BUR-RFQ-0084-V018,RFQ-0084,V018,False,0,,True,False,8
BUR-RFQ-0084-V006,RFQ-0084,V006,True,2,10.0,True,True,8
BUR-RFQ-0084-V016,RFQ-0084,V016,True,1,12.0,True,True,8
BUR-RFQ-0085-V003,RFQ-0085,V003,False,0,,True,False,8
BUR-RFQ-0085-V014,RFQ-0085,V014,False,0,,True,False,8
BUR-RFQ-0085-V023,RFQ-0085,V023,False,0,,False,False,8
BUR-RFQ-0085-V012,RFQ-0085,V012,True,1,10.0,False,True,8
BUR-RFQ-0085-V020,RFQ-0085,V020,True,2,11.0,False,True,8
BUR-RFQ-0085-V015,RFQ-0085,V015,True,0,10.0,True,True,8
BUR-RFQ-0085-V005,RFQ-0085,V005,True,0,9.0,True,True,8
BUR-RFQ-0085-V008,RFQ-0085,V008,False,0,,True,False,8
BUR-RFQ-0086-V001,RFQ-0086,V001,True,0,12.0,True,True,8
BUR-RFQ-0086-V009,RFQ-0086,V009,True,0,11.0,True,True,8
BUR-RFQ-0086-V022,RFQ-0086,V022,True,1,12.0,False,True,8
BUR-RFQ-0086-V004,RFQ-0086,V004,True,0,12.0,True,True,8
BUR-RFQ-0086-V024,RFQ-0086,V024,True,0,13.0,True,True,8
BUR-RFQ-0086-V019,RFQ-0086,V019,False,0,,True,False,8
BUR-RFQ-0086-V010,RFQ-0086,V010,True,1,13.0,False,True,8
BUR-RFQ-0086-V007,RFQ-0086,V007,True,2,12.0,False,True,8
BUR-RFQ-0087-V024,RFQ-0087,V024,True,1,11.0,False,True,8
BUR-RFQ-0087-V004,RFQ-0087,V004,True,0,10.0,True,True,8
BUR-RFQ-0087-V009,RFQ-0087,V009,False,0,,False,False,8
BUR-RFQ-0087-V001,RFQ-0087,V001,True,0,11.0,True,True,8
BUR-RFQ-0087-V019,RFQ-0087,V019,True,2,11.0,False,True,8
BUR-RFQ-0087-V010,RFQ-0087,V010,True,0,12.0,True,True,8
BUR-RFQ-0087-V007,RFQ-0087,V007,True,0,13.0,True,True,8
BUR-RFQ-0087-V022,RFQ-0087,V022,False,0,,True,False,8
BUR-RFQ-0088-V015,RFQ-0088,V015,True,0,12.0,True,True,8
BUR-RFQ-0088-V014,RFQ-0088,V014,False,0,,True,False,8
BUR-RFQ-0088-V012,RFQ-0088,V012,False,0,,True,False,8
BUR-RFQ-0088-V003,RFQ-0088,V003,True,0,14.0,True,True,8
BUR-RFQ-0088-V020,RFQ-0088,V020,True,1,11.0,False,True,8
BUR-RFQ-0088-V005,RFQ-0088,V005,True,0,13.0,True,True,8
BUR-RFQ-0088-V023,RFQ-0088,V023,True,1,13.0,True,True,8
BUR-RFQ-0088-V008,RFQ-0088,V008,False,0,,True,False,8
BUR-RFQ-0089-V020,RFQ-0089,V020,True,1,9.0,False,True,8
BUR-RFQ-0089-V005,RFQ-0089,V005,True,1,8.0,False,True,8
BUR-RFQ-0089-V015,RFQ-0089,V015,True,0,9.0,True,True,8
BUR-RFQ-0089-V014,RFQ-0089,V014,False,0,,True,False,8
BUR-RFQ-0089-V012,RFQ-0089,V012,False,0,,True,False,8
BUR-RFQ-0089-V023,RFQ-0089,V023,False,0,,True,False,8
BUR-RFQ-0089-V008,RFQ-0089,V008,False,0,,True,False,8
BUR-RFQ-0089-V003,RFQ-0089,V003,True,0,6.0,True,True,8
BUR-RFQ-0090-V020,RFQ-0090,V020,True,0,14.0,True,True,8
BUR-RFQ-0090-V008,RFQ-0090,V008,True,0,13.0,True,True,8
BUR-RFQ-0090-V015,RFQ-0090,V015,True,0,11.0,True,True,8
BUR-RFQ-0090-V003,RFQ-0090,V003,True,0,12.0,True,True,8
BUR-RFQ-0090-V014,RFQ-0090,V014,False,0,,False,False,8
BUR-RFQ-0090-V023,RFQ-0090,V023,False,0,,True,False,8
BUR-RFQ-0090-V005,RFQ-0090,V005,True,0,13.0,True,True,8
BUR-RFQ-0090-V012,RFQ-0090,V012,True,0,11.0,True,True,8
BUR-RFQ-0091-V013,RFQ-0091,V013,False,0,,True,False,8
BUR-RFQ-0091-V021,RFQ-0091,V021,True,3,10.0,False,True,8
BUR-RFQ-0091-V006,RFQ-0091,V006,True,1,11.0,False,True,8
BUR-RFQ-0091-V002,RFQ-0091,V002,False,0,,True,False,8
BUR-RFQ-0091-V018,RFQ-0091,V018,True,0,8.0,True,True,8
BUR-RFQ-0091-V011,RFQ-0091,V011,False,0,,True,False,8
BUR-RFQ-0091-V016,RFQ-0091,V016,False,0,,True,False,8
BUR-RFQ-0092-V022,RFQ-0092,V022,True,0,4.0,True,True,8
BUR-RFQ-0092-V019,RFQ-0092,V019,True,0,4.0,True,True,8
BUR-RFQ-0092-V009,RFQ-0092,V009,True,1,5.0,False,True,8
BUR-RFQ-0092-V007,RFQ-0092,V007,False,0,,False,False,8
BUR-RFQ-0092-V001,RFQ-0092,V001,True,2,4.0,False,True,8
BUR-RFQ-0092-V024,RFQ-0092,V024,True,0,5.0,True,True,8
BUR-RFQ-0092-V010,RFQ-0092,V010,True,0,4.0,True,True,8
BUR-RFQ-0092-V004,RFQ-0092,V004,True,0,2.0,True,True,8
BUR-RFQ-0093-V023,RFQ-0093,V023,True,3,9.0,True,True,9
BUR-RFQ-0093-V012,RFQ-0093,V012,True,0,10.0,True,True,9
BUR-RFQ-0093-V020,RFQ-0093,V020,True,0,9.0,True,True,9
BUR-RFQ-0093-V003,RFQ-0093,V003,True,0,11.0,True,True,9
BUR-RFQ-0093-V008,RFQ-0093,V008,False,0,,True,False,9
BUR-RFQ-0093-V005,RFQ-0093,V005,True,0,11.0,True,True,9
BUR-RFQ-0093-V015,RFQ-0093,V015,True,0,9.0,True,True,9
BUR-RFQ-0093-V014,RFQ-0093,V014,True,0,9.0,True,True,9
BUR-RFQ-0094-V014,RFQ-0094,V014,True,0,12.0,True,True,9
BUR-RFQ-0094-V003,RFQ-0094,V003,True,1,11.0,False,True,9
BUR-RFQ-0094-V012,RFQ-0094,V012,True,0,11.0,True,True,9
BUR-RFQ-0094-V015,RFQ-0094,V015,True,1,12.0,False,True,9
BUR-RFQ-0094-V020,RFQ-0094,V020,True,0,14.0,True,True,9
BUR-RFQ-0094-V005,RFQ-0094,V005,True,1,13.0,False,True,9
BUR-RFQ-0094-V008,RFQ-0094,V008,True,0,12.0,True,True,9
BUR-RFQ-0094-V023,RFQ-0094,V023,True,3,11.0,True,True,9
BUR-RFQ-0095-V002,RFQ-0095,V002,False,0,,True,False,9
BUR-RFQ-0095-V006,RFQ-0095,V006,False,0,,True,False,9
BUR-RFQ-0095-V013,RFQ-0095,V013,True,0,11.0,True,True,9
BUR-RFQ-0095-V021,RFQ-0095,V021,False,0,,True,False,9
BUR-RFQ-0095-V016,RFQ-0095,V016,True,2,12.0,True,True,9
BUR-RFQ-0095-V011,RFQ-0095,V011,False,0,,True,False,9
BUR-RFQ-0095-V018,RFQ-0095,V018,False,0,,False,False,9
BUR-RFQ-0096-V001,RFQ-0096,V001,True,1,11.0,False,True,9
BUR-RFQ-0096-V017,RFQ-0096,V017,False,0,,False,False,9
BUR-RFQ-0096-V007,RFQ-0096,V007,True,0,14.0,True,True,9
BUR-RFQ-0096-V024,RFQ-0096,V024,True,0,14.0,True,True,9
BUR-RFQ-0096-V019,RFQ-0096,V019,True,0,11.0,True,True,9
BUR-RFQ-0096-V004,RFQ-0096,V004,True,0,13.0,True,True,9
BUR-RFQ-0096-V009,RFQ-0096,V009,True,0,11.0,True,True,9
BUR-RFQ-0096-V010,RFQ-0096,V010,True,1,13.0,False,True,9
BUR-RFQ-0097-V017,RFQ-0097,V017,True,1,11.0,False,True,9
BUR-RFQ-0097-V019,RFQ-0097,V019,False,0,,True,False,9
BUR-RFQ-0097-V001,RFQ-0097,V001,True,0,8.0,True,True,9
BUR-RFQ-0097-V022,RFQ-0097,V022,False,0,,True,False,9
BUR-RFQ-0097-V010,RFQ-0097,V010,True,0,11.0,True,True,9
BUR-RFQ-0097-V007,RFQ-0097,V007,True,2,8.0,False,True,9
BUR-RFQ-0097-V009,RFQ-0097,V009,False,0,,True,False,9
BUR-RFQ-0097-V024,RFQ-0097,V024,False,0,,True,False,9
BUR-RFQ-0098-V013,RFQ-0098,V013,True,0,12.0,True,True,9
BUR-RFQ-0098-V016,RFQ-0098,V016,True,2,14.0,True,True,9
BUR-RFQ-0098-V021,RFQ-0098,V021,True,1,11.0,False,True,9
BUR-RFQ-0098-V006,RFQ-0098,V006,True,1,11.0,True,True,9
BUR-RFQ-0098-V002,RFQ-0098,V002,True,0,14.0,True,True,9
BUR-RFQ-0098-V011,RFQ-0098,V011,True,2,11.0,True,True,9
BUR-RFQ-0098-V018,RFQ-0098,V018,True,0,13.0,True,True,9
BUR-RFQ-0099-V006,RFQ-0099,V006,True,2,12.0,True,True,9
BUR-RFQ-0099-V021,RFQ-0099,V021,False,0,,False,False,9
BUR-RFQ-0099-V018,RFQ-0099,V018,True,0,14.0,True,True,9
BUR-RFQ-0099-V002,RFQ-0099,V002,True,0,11.0,True,True,9
BUR-RFQ-0099-V013,RFQ-0099,V013,True,0,11.0,True,True,9
BUR-RFQ-0099-V011,RFQ-0099,V011,True,2,12.0,True,True,9
BUR-RFQ-0099-V016,RFQ-0099,V016,False,0,,True,False,9
BUR-RFQ-0100-V012,RFQ-0100,V012,True,2,12.0,False,True,9
BUR-RFQ-0100-V015,RFQ-0100,V015,True,2,13.0,False,True,9
BUR-RFQ-0100-V023,RFQ-0100,V023,False,0,,True,False,9
BUR-RFQ-0100-V008,RFQ-0100,V008,False,0,,True,False,9
BUR-RFQ-0100-V003,RFQ-0100,V003,True,0,14.0,True,True,9
BUR-RFQ-0100-V014,RFQ-0100,V014,False,0,,True,False,9
BUR-RFQ-0100-V005,RFQ-0100,V005,True,0,14.0,True,True,9
BUR-RFQ-0100-V020,RFQ-0100,V020,True,0,14.0,True,True,9
BUR-RFQ-0101-V009,RFQ-0101,V009,True,0,9.0,True,True,9
BUR-RFQ-0101-V007,RFQ-0101,V007,True,2,9.0,False,True,9
BUR-RFQ-0101-V022,RFQ-0101,V022,True,1,8.0,False,True,9
BUR-RFQ-0101-V010,RFQ-0101,V010,True,0,8.0,True,True,9
BUR-RFQ-0101-V004,RFQ-0101,V004,True,0,8.0,True,True,9
BUR-RFQ-0101-V001,RFQ-0101,V001,True,0,8.0,True,True,9
BUR-RFQ-0101-V019,RFQ-0101,V019,True,1,9.0,False,True,9
BUR-RFQ-0101-V024,RFQ-0101,V024,False,0,,True,False,9
BUR-RFQ-0102-V009,RFQ-0102,V009,True,0,14.0,True,True,9
BUR-RFQ-0102-V010,RFQ-0102,V010,True,0,13.0,True,True,9
BUR-RFQ-0102-V019,RFQ-0102,V019,True,2,12.0,False,True,9
BUR-RFQ-0102-V024,RFQ-0102,V024,False,0,,True,False,9
BUR-RFQ-0102-V017,RFQ-0102,V017,True,0,11.0,True,True,9
BUR-RFQ-0102-V022,RFQ-0102,V022,True,2,14.0,False,True,9
BUR-RFQ-0102-V001,RFQ-0102,V001,True,0,11.0,True,True,9
BUR-RFQ-0102-V004,RFQ-0102,V004,True,0,12.0,True,True,9
BUR-RFQ-0103-V003,RFQ-0103,V003,True,0,11.0,True,True,9
BUR-RFQ-0103-V015,RFQ-0103,V015,True,0,13.0,True,True,9
BUR-RFQ-0103-V012,RFQ-0103,V012,True,0,14.0,True,True,9
BUR-RFQ-0103-V023,RFQ-0103,V023,True,2,13.0,False,True,9
BUR-RFQ-0103-V020,RFQ-0103,V020,True,0,12.0,True,True,9
BUR-RFQ-0103-V008,RFQ-0103,V008,True,0,12.0,True,True,9
BUR-RFQ-0103-V005,RFQ-0103,V005,True,0,14.0,True,True,9
BUR-RFQ-0103-V014,RFQ-0103,V014,True,0,14.0,True,True,9
BUR-RFQ-0104-V004,RFQ-0104,V004,True,1,5.0,False,True,10
BUR-RFQ-0104-V019,RFQ-0104,V019,True,0,5.0,True,True,10
BUR-RFQ-0104-V010,RFQ-0104,V010,True,0,7.0,True,True,10
BUR-RFQ-0104-V007,RFQ-0104,V007,True,1,7.0,False,True,10
BUR-RFQ-0104-V017,RFQ-0104,V017,False,0,,True,False,10
BUR-RFQ-0104-V001,RFQ-0104,V001,False,0,,False,False,10
BUR-RFQ-0104-V009,RFQ-0104,V009,True,0,5.0,True,True,10
BUR-RFQ-0104-V024,RFQ-0104,V024,False,0,,False,False,10
BUR-RFQ-0105-V021,RFQ-0105,V021,True,0,10.0,True,True,10
BUR-RFQ-0105-V018,RFQ-0105,V018,True,0,12.0,True,True,10
BUR-RFQ-0105-V016,RFQ-0105,V016,False,0,,False,False,10
BUR-RFQ-0105-V011,RFQ-0105,V011,False,0,,False,False,10
BUR-RFQ-0105-V002,RFQ-0105,V002,True,0,9.0,True,True,10
BUR-RFQ-0105-V013,RFQ-0105,V013,False,0,,True,False,10
BUR-RFQ-0105-V006,RFQ-0105,V006,True,2,11.0,True,True,10
BUR-RFQ-0106-V007,RFQ-0106,V007,True,0,11.0,True,True,10
BUR-RFQ-0106-V022,RFQ-0106,V022,True,3,12.0,False,True,10
BUR-RFQ-0106-V024,RFQ-0106,V024,True,0,12.0,True,True,10
BUR-RFQ-0106-V004,RFQ-0106,V004,True,0,12.0,True,True,10
BUR-RFQ-0106-V017,RFQ-0106,V017,True,0,14.0,True,True,10
BUR-RFQ-0106-V001,RFQ-0106,V001,True,0,11.0,True,True,10
BUR-RFQ-0106-V009,RFQ-0106,V009,True,0,11.0,True,True,10
BUR-RFQ-0106-V019,RFQ-0106,V019,True,0,11.0,True,True,10
BUR-RFQ-0107-V001,RFQ-0107,V001,True,0,6.0,True,True,10
BUR-RFQ-0107-V010,RFQ-0107,V010,True,2,8.0,False,True,10
BUR-RFQ-0107-V022,RFQ-0107,V022,True,2,6.0,False,True,10
BUR-RFQ-0107-V017,RFQ-0107,V017,True,0,8.0,True,True,10
BUR-RFQ-0107-V004,RFQ-0107,V004,True,0,6.0,True,True,10
BUR-RFQ-0107-V009,RFQ-0107,V009,True,0,6.0,True,True,10
BUR-RFQ-0107-V019,RFQ-0107,V019,True,1,8.0,False,True,10
BUR-RFQ-0107-V024,RFQ-0107,V024,True,2,9.0,False,True,10
BUR-RFQ-0108-V008,RFQ-0108,V008,True,0,9.0,True,True,10
BUR-RFQ-0108-V003,RFQ-0108,V003,True,0,6.0,True,True,10
BUR-RFQ-0108-V014,RFQ-0108,V014,True,2,9.0,False,True,10
BUR-RFQ-0108-V012,RFQ-0108,V012,True,1,7.0,False,True,10
BUR-RFQ-0108-V020,RFQ-0108,V020,True,0,9.0,True,True,10
BUR-RFQ-0108-V023,RFQ-0108,V023,True,2,8.0,False,True,10
BUR-RFQ-0108-V005,RFQ-0108,V005,False,0,,True,False,10
BUR-RFQ-0108-V015,RFQ-0108,V015,True,0,7.0,True,True,10
BUR-RFQ-0109-V006,RFQ-0109,V006,False,0,,True,False,10
BUR-RFQ-0109-V016,RFQ-0109,V016,False,0,,True,False,10
BUR-RFQ-0109-V002,RFQ-0109,V002,True,0,13.0,True,True,10
BUR-RFQ-0109-V021,RFQ-0109,V021,True,0,12.0,True,True,10
BUR-RFQ-0109-V013,RFQ-0109,V013,True,0,11.0,True,True,10
BUR-RFQ-0109-V018,RFQ-0109,V018,True,0,13.0,True,True,10
BUR-RFQ-0109-V011,RFQ-0109,V011,False,0,,True,False,10
BUR-RFQ-0110-V006,RFQ-0110,V006,False,0,,True,False,10
BUR-RFQ-0110-V021,RFQ-0110,V021,True,2,10.0,False,True,10
BUR-RFQ-0110-V002,RFQ-0110,V002,False,0,,True,False,10
BUR-RFQ-0110-V013,RFQ-0110,V013,True,2,9.0,False,True,10
BUR-RFQ-0110-V011,RFQ-0110,V011,False,0,,True,False,10
BUR-RFQ-0110-V016,RFQ-0110,V016,True,2,10.0,True,True,10
BUR-RFQ-0110-V018,RFQ-0110,V018,True,0,10.0,True,True,10
BUR-RFQ-0111-V023,RFQ-0111,V023,True,3,12.0,False,True,10
BUR-RFQ-0111-V015,RFQ-0111,V015,True,0,14.0,True,True,10
BUR-RFQ-0111-V012,RFQ-0111,V012,True,0,12.0,True,True,10
BUR-RFQ-0111-V008,RFQ-0111,V008,False,0,,False,False,10
BUR-RFQ-0111-V005,RFQ-0111,V005,True,0,11.0,True,True,10
BUR-RFQ-0111-V014,RFQ-0111,V014,True,0,12.0,True,True,10
BUR-RFQ-0111-V003,RFQ-0111,V003,True,0,14.0,True,True,10
BUR-RFQ-0111-V020,RFQ-0111,V020,True,0,13.0,True,True,10
BUR-RFQ-0112-V008,RFQ-0112,V008,True,0,8.0,True,True,10
BUR-RFQ-0112-V005,RFQ-0112,V005,True,0,10.0,True,True,10
BUR-RFQ-0112-V015,RFQ-0112,V015,True,2,8.0,False,True,10
BUR-RFQ-0112-V014,RFQ-0112,V014,False,0,,False,False,10
BUR-RFQ-0112-V003,RFQ-0112,V003,True,0,10.0,True,True,10
BUR-RFQ-0112-V012,RFQ-0112,V012,True,0,10.0,True,True,10
BUR-RFQ-0112-V020,RFQ-0112,V020,True,0,9.0,True,True,10
BUR-RFQ-0112-V023,RFQ-0112,V023,True,2,8.0,True,True,10
BUR-RFQ-0113-V016,RFQ-0113,V016,True,2,13.0,True,True,10
BUR-RFQ-0113-V011,RFQ-0113,V011,True,2,14.0,True,True,10
BUR-RFQ-0113-V002,RFQ-0113,V002,True,0,13.0,True,True,10
BUR-RFQ-0113-V013,RFQ-0113,V013,False,0,,True,False,10
BUR-RFQ-0113-V018,RFQ-0113,V018,False,0,,True,False,10
BUR-RFQ-0113-V021,RFQ-0113,V021,False,0,,True,False,10
BUR-RFQ-0113-V006,RFQ-0113,V006,True,2,13.0,True,True,10
BUR-RFQ-0114-V006,RFQ-0114,V006,True,1,10.0,False,True,10
BUR-RFQ-0114-V013,RFQ-0114,V013,True,1,11.0,False,True,10
BUR-RFQ-0114-V002,RFQ-0114,V002,True,0,9.0,True,True,10
BUR-RFQ-0114-V018,RFQ-0114,V018,False,0,,True,False,10
BUR-RFQ-0114-V021,RFQ-0114,V021,True,2,11.0,False,True,10
BUR-RFQ-0114-V011,RFQ-0114,V011,True,2,8.0,True,True,10
BUR-RFQ-0114-V016,RFQ-0114,V016,True,1,11.0,False,True,10
BUR-RFQ-0115-V012,RFQ-0115,V012,True,0,11.0,True,True,10
BUR-RFQ-0115-V014,RFQ-0115,V014,False,0,,True,False,10
BUR-RFQ-0115-V005,RFQ-0115,V005,True,0,13.0,True,True,10
BUR-RFQ-0115-V015,RFQ-0115,V015,True,1,11.0,False,True,10
BUR-RFQ-0115-V020,RFQ-0115,V020,False,0,,True,False,10
BUR-RFQ-0115-V008,RFQ-0115,V008,True,0,14.0,True,True,10
BUR-RFQ-0115-V023,RFQ-0115,V023,True,2,11.0,True,True,10
BUR-RFQ-0115-V003,RFQ-0115,V003,True,0,13.0,True,True,10
BUR-RFQ-0116-V019,RFQ-0116,V019,True,0,12.0,True,True,11
BUR-RFQ-0116-V009,RFQ-0116,V009,True,1,13.0,False,True,11
BUR-RFQ-0116-V024,RFQ-0116,V024,True,1,13.0,False,True,11
BUR-RFQ-0116-V004,RFQ-0116,V004,True,0,14.0,True,True,11
BUR-RFQ-0116-V017,RFQ-0116,V017,False,0,,True,False,11
BUR-RFQ-0116-V007,RFQ-0116,V007,True,0,13.0,True,True,11
BUR-RFQ-0116-V022,RFQ-0116,V022,True,0,12.0,True,True,11
BUR-RFQ-0116-V001,RFQ-0116,V001,False,0,,True,False,11
BUR-RFQ-0117-V011,RFQ-0117,V011,True,1,11.0,True,True,11
BUR-RFQ-0117-V013,RFQ-0117,V013,True,0,12.0,True,True,11
BUR-RFQ-0117-V002,RFQ-0117,V002,True,0,13.0,True,True,11
BUR-RFQ-0117-V018,RFQ-0117,V018,True,0,14.0,True,True,11
BUR-RFQ-0117-V016,RFQ-0117,V016,True,1,12.0,True,True,11
BUR-RFQ-0117-V021,RFQ-0117,V021,True,0,13.0,True,True,11
BUR-RFQ-0117-V006,RFQ-0117,V006,False,0,,False,False,11
BUR-RFQ-0118-V021,RFQ-0118,V021,True,0,13.0,True,True,11
BUR-RFQ-0118-V018,RFQ-0118,V018,True,0,11.0,True,True,11
BUR-RFQ-0118-V013,RFQ-0118,V013,True,1,12.0,False,True,11
BUR-RFQ-0118-V016,RFQ-0118,V016,True,1,11.0,True,True,11
BUR-RFQ-0118-V002,RFQ-0118,V002,False,0,,True,False,11
BUR-RFQ-0118-V011,RFQ-0118,V011,False,0,,True,False,11
BUR-RFQ-0118-V006,RFQ-0118,V006,True,2,11.0,True,True,11
BUR-RFQ-0119-V013,RFQ-0119,V013,True,0,11.0,True,True,11
BUR-RFQ-0119-V011,RFQ-0119,V011,False,0,,True,False,11
BUR-RFQ-0119-V002,RFQ-0119,V002,True,0,12.0,True,True,11
BUR-RFQ-0119-V016,RFQ-0119,V016,False,0,,True,False,11
BUR-RFQ-0119-V006,RFQ-0119,V006,False,0,,True,False,11
BUR-RFQ-0119-V018,RFQ-0119,V018,True,0,14.0,True,True,11
BUR-RFQ-0119-V021,RFQ-0119,V021,False,0,,False,False,11
BUR-RFQ-0120-V009,RFQ-0120,V009,False,0,,False,False,11
BUR-RFQ-0120-V017,RFQ-0120,V017,True,0,11.0,True,True,11
BUR-RFQ-0120-V007,RFQ-0120,V007,True,0,11.0,True,True,11
BUR-RFQ-0120-V001,RFQ-0120,V001,True,0,11.0,True,True,11
BUR-RFQ-0120-V010,RFQ-0120,V010,True,0,13.0,True,True,11
BUR-RFQ-0120-V024,RFQ-0120,V024,True,0,10.0,True,True,11
BUR-RFQ-0120-V019,RFQ-0120,V019,True,0,13.0,True,True,11
BUR-RFQ-0120-V022,RFQ-0120,V022,True,2,11.0,False,True,11
BUR-RFQ-0121-V011,RFQ-0121,V011,True,1,11.0,True,True,11
BUR-RFQ-0121-V006,RFQ-0121,V006,True,1,10.0,True,True,11
BUR-RFQ-0121-V013,RFQ-0121,V013,False,0,,True,False,11
BUR-RFQ-0121-V002,RFQ-0121,V002,False,0,,False,False,11
BUR-RFQ-0121-V016,RFQ-0121,V016,True,2,11.0,True,True,11
BUR-RFQ-0121-V021,RFQ-0121,V021,True,0,8.0,True,True,11
BUR-RFQ-0121-V018,RFQ-0121,V018,True,0,8.0,True,True,11
BUR-RFQ-0122-V011,RFQ-0122,V011,False,0,,True,False,11
BUR-RFQ-0122-V016,RFQ-0122,V016,True,1,11.0,False,True,11
BUR-RFQ-0122-V013,RFQ-0122,V013,True,0,9.0,True,True,11
BUR-RFQ-0122-V002,RFQ-0122,V002,True,0,11.0,True,True,11
BUR-RFQ-0122-V021,RFQ-0122,V021,True,0,11.0,True,True,11
BUR-RFQ-0122-V018,RFQ-0122,V018,False,0,,True,False,11
BUR-RFQ-0122-V006,RFQ-0122,V006,True,1,9.0,True,True,11
BUR-RFQ-0123-V002,RFQ-0123,V002,True,0,4.0,True,True,11
BUR-RFQ-0123-V011,RFQ-0123,V011,True,1,4.0,True,True,11
BUR-RFQ-0123-V018,RFQ-0123,V018,False,0,,False,False,11
BUR-RFQ-0123-V016,RFQ-0123,V016,True,1,5.0,True,True,11
BUR-RFQ-0123-V006,RFQ-0123,V006,True,2,6.0,False,True,11
BUR-RFQ-0123-V013,RFQ-0123,V013,True,0,4.0,True,True,11
BUR-RFQ-0123-V021,RFQ-0123,V021,False,0,,False,False,11
BUR-RFQ-0124-V012,RFQ-0124,V012,True,2,12.0,False,True,11
BUR-RFQ-0124-V020,RFQ-0124,V020,True,0,12.0,True,True,11
BUR-RFQ-0124-V023,RFQ-0124,V023,False,0,,True,False,11
BUR-RFQ-0124-V008,RFQ-0124,V008,True,2,11.0,False,True,11
BUR-RFQ-0124-V005,RFQ-0124,V005,True,1,13.0,False,True,11
BUR-RFQ-0124-V014,RFQ-0124,V014,True,0,12.0,True,True,11
BUR-RFQ-0124-V015,RFQ-0124,V015,True,2,12.0,False,True,11
BUR-RFQ-0124-V003,RFQ-0124,V003,True,0,13.0,True,True,11
BUR-RFQ-0125-V011,RFQ-0125,V011,True,1,12.0,True,True,11
BUR-RFQ-0125-V002,RFQ-0125,V002,True,1,13.0,False,True,11
BUR-RFQ-0125-V006,RFQ-0125,V006,True,1,14.0,True,True,11
BUR-RFQ-0125-V018,RFQ-0125,V018,False,0,,True,False,11
BUR-RFQ-0125-V013,RFQ-0125,V013,False,0,,True,False,11
BUR-RFQ-0125-V021,RFQ-0125,V021,True,0,11.0,True,True,11
BUR-RFQ-0125-V016,RFQ-0125,V016,False,0,,False,False,11
BUR-RFQ-0126-V013,RFQ-0126,V013,True,2,10.0,False,True,11
BUR-RFQ-0126-V006,RFQ-0126,V006,False,0,,True,False,11
BUR-RFQ-0126-V002,RFQ-0126,V002,True,0,10.0,True,True,11
BUR-RFQ-0126-V021,RFQ-0126,V021,True,0,10.0,True,True,11
BUR-RFQ-0126-V018,RFQ-0126,V018,True,0,8.0,True,True,11
BUR-RFQ-0126-V016,RFQ-0126,V016,True,1,10.0,True,True,11
BUR-RFQ-0126-V011,RFQ-0126,V011,True,1,10.0,True,True,11
BUR-RFQ-0127-V016,RFQ-0127,V016,True,1,12.0,True,True,11
BUR-RFQ-0127-V021,RFQ-0127,V021,True,0,12.0,True,True,11
BUR-RFQ-0127-V006,RFQ-0127,V006,True,2,12.0,True,True,11
BUR-RFQ-0127-V018,RFQ-0127,V018,True,0,12.0,True,True,11
BUR-RFQ-0127-V013,RFQ-0127,V013,True,2,13.0,False,True,11
BUR-RFQ-0127-V011,RFQ-0127,V011,True,1,12.0,True,True,11
BUR-RFQ-0127-V002,RFQ-0127,V002,True,2,11.0,False,True,11
BUR-RFQ-0128-V013,RFQ-0128,V013,True,0,7.0,True,True,11
BUR-RFQ-0128-V021,RFQ-0128,V021,True,1,5.0,False,True,11
BUR-RFQ-0128-V011,RFQ-0128,V011,True,1,4.0,True,True,11
BUR-RFQ-0128-V002,RFQ-0128,V002,True,0,6.0,True,True,11
BUR-RFQ-0128-V016,RFQ-0128,V016,False,0,,True,False,11
BUR-RFQ-0128-V018,RFQ-0128,V018,True,0,7.0,True,True,11
BUR-RFQ-0128-V006,RFQ-0128,V006,True,1,4.0,True,True,11
BUR-RFQ-0129-V004,RFQ-0129,V004,True,0,11.0,True,True,12
BUR-RFQ-0129-V007,RFQ-0129,V007,True,0,11.0,True,True,12
BUR-RFQ-0129-V010,RFQ-0129,V010,True,0,11.0,True,True,12
BUR-RFQ-0129-V019,RFQ-0129,V019,True,0,14.0,True,True,12
BUR-RFQ-0129-V009,RFQ-0129,V009,True,0,11.0,True,True,12
BUR-RFQ-0129-V017,RFQ-0129,V017,False,0,,False,False,12
BUR-RFQ-0129-V022,RFQ-0129,V022,True,1,11.0,False,True,12
BUR-RFQ-0129-V001,RFQ-0129,V001,True,0,14.0,True,True,12
BUR-RFQ-0130-V019,RFQ-0130,V019,True,0,9.0,True,True,12
BUR-RFQ-0130-V001,RFQ-0130,V001,True,0,11.0,True,True,12
BUR-RFQ-0130-V024,RFQ-0130,V024,True,0,11.0,True,True,12
BUR-RFQ-0130-V022,RFQ-0130,V022,True,0,9.0,True,True,12
BUR-RFQ-0130-V017,RFQ-0130,V017,True,0,12.0,True,True,12
BUR-RFQ-0130-V004,RFQ-0130,V004,True,0,9.0,True,True,12
BUR-RFQ-0130-V009,RFQ-0130,V009,False,0,,True,False,12
BUR-RFQ-0130-V010,RFQ-0130,V010,True,0,12.0,True,True,12
BUR-RFQ-0131-V013,RFQ-0131,V013,False,0,,True,False,12
BUR-RFQ-0131-V021,RFQ-0131,V021,True,3,13.0,False,True,12
BUR-RFQ-0131-V011,RFQ-0131,V011,True,2,12.0,False,True,12
BUR-RFQ-0131-V018,RFQ-0131,V018,True,0,13.0,True,True,12
BUR-RFQ-0131-V002,RFQ-0131,V002,True,0,11.0,True,True,12
BUR-RFQ-0131-V016,RFQ-0131,V016,True,2,14.0,True,True,12
BUR-RFQ-0131-V006,RFQ-0131,V006,True,2,14.0,False,True,12
BUR-RFQ-0132-V006,RFQ-0132,V006,False,0,,False,False,12
BUR-RFQ-0132-V016,RFQ-0132,V016,True,1,10.0,False,True,12
BUR-RFQ-0132-V013,RFQ-0132,V013,True,0,9.0,True,True,12
BUR-RFQ-0132-V011,RFQ-0132,V011,True,2,9.0,True,True,12
BUR-RFQ-0132-V021,RFQ-0132,V021,True,0,9.0,True,True,12
BUR-RFQ-0132-V002,RFQ-0132,V002,True,0,7.0,True,True,12
BUR-RFQ-0132-V018,RFQ-0132,V018,True,0,7.0,True,True,12
BUR-RFQ-0133-V002,RFQ-0133,V002,True,1,5.0,False,True,12
BUR-RFQ-0133-V013,RFQ-0133,V013,True,0,4.0,True,True,12
BUR-RFQ-0133-V016,RFQ-0133,V016,True,2,3.0,True,True,12
BUR-RFQ-0133-V021,RFQ-0133,V021,True,0,5.0,True,True,12
BUR-RFQ-0133-V011,RFQ-0133,V011,True,1,4.0,True,True,12
BUR-RFQ-0133-V006,RFQ-0133,V006,False,0,,True,False,12
BUR-RFQ-0133-V018,RFQ-0133,V018,True,0,4.0,True,True,12
BUR-RFQ-0134-V001,RFQ-0134,V001,False,0,,False,False,12
BUR-RFQ-0134-V009,RFQ-0134,V009,False,0,,True,False,12
BUR-RFQ-0134-V019,RFQ-0134,V019,True,0,9.0,True,True,12
BUR-RFQ-0134-V007,RFQ-0134,V007,True,1,9.0,False,True,12
BUR-RFQ-0134-V017,RFQ-0134,V017,True,0,7.0,True,True,12
BUR-RFQ-0134-V022,RFQ-0134,V022,True,0,8.0,True,True,12
BUR-RFQ-0134-V010,RFQ-0134,V010,True,0,8.0,True,True,12
BUR-RFQ-0134-V004,RFQ-0134,V004,True,0,6.0,True,True,12
BUR-RFQ-0135-V002,RFQ-0135,V002,True,0,9.0,True,True,12
BUR-RFQ-0135-V011,RFQ-0135,V011,True,1,8.0,True,True,12
BUR-RFQ-0135-V018,RFQ-0135,V018,False,0,,True,False,12
BUR-RFQ-0135-V013,RFQ-0135,V013,False,0,,False,False,12
BUR-RFQ-0135-V006,RFQ-0135,V006,True,1,7.0,True,True,12
BUR-RFQ-0135-V016,RFQ-0135,V016,False,0,,True,False,12
BUR-RFQ-0135-V021,RFQ-0135,V021,True,0,8.0,True,True,12
BUR-RFQ-0136-V005,RFQ-0136,V005,True,0,7.0,True,True,12
BUR-RFQ-0136-V015,RFQ-0136,V015,True,0,6.0,True,True,12
BUR-RFQ-0136-V012,RFQ-0136,V012,True,0,7.0,True,True,12
BUR-RFQ-0136-V020,RFQ-0136,V020,True,0,9.0,True,True,12
BUR-RFQ-0136-V014,RFQ-0136,V014,True,0,9.0,True,True,12
BUR-RFQ-0136-V023,RFQ-0136,V023,True,3,9.0,True,True,12
BUR-RFQ-0136-V003,RFQ-0136,V003,True,0,6.0,True,True,12
BUR-RFQ-0136-V008,RFQ-0136,V008,True,0,7.0,True,True,12
BUR-RFQ-0137-V002,RFQ-0137,V002,True,0,13.0,True,True,12
BUR-RFQ-0137-V018,RFQ-0137,V018,False,0,,False,False,12
BUR-RFQ-0137-V006,RFQ-0137,V006,True,1,12.0,False,True,12
BUR-RFQ-0137-V021,RFQ-0137,V021,True,0,12.0,True,True,12
BUR-RFQ-0137-V016,RFQ-0137,V016,True,1,11.0,True,True,12
BUR-RFQ-0137-V013,RFQ-0137,V013,True,0,11.0,True,True,12
BUR-RFQ-0137-V011,RFQ-0137,V011,True,2,10.0,True,True,12
BUR-RFQ-0138-V003,RFQ-0138,V003,True,0,11.0,True,True,12
BUR-RFQ-0138-V008,RFQ-0138,V008,True,0,13.0,True,True,12
BUR-RFQ-0138-V015,RFQ-0138,V015,True,2,13.0,False,True,12
BUR-RFQ-0138-V014,RFQ-0138,V014,True,0,11.0,True,True,12
BUR-RFQ-0138-V012,RFQ-0138,V012,True,0,10.0,True,True,12
BUR-RFQ-0138-V023,RFQ-0138,V023,True,1,11.0,True,True,12
BUR-RFQ-0138-V005,RFQ-0138,V005,True,0,11.0,True,True,12
BUR-RFQ-0138-V020,RFQ-0138,V020,True,0,13.0,True,True,12
BUR-RFQ-0139-V016,RFQ-0139,V016,False,0,,True,False,12
BUR-RFQ-0139-V006,RFQ-0139,V006,False,0,,False,False,12
BUR-RFQ-0139-V013,RFQ-0139,V013,True,2,7.0,False,True,12
BUR-RFQ-0139-V018,RFQ-0139,V018,False,0,,True,False,12
BUR-RFQ-0139-V021,RFQ-0139,V021,True,0,4.0,True,True,12
BUR-RFQ-0139-V002,RFQ-0139,V002,True,0,7.0,True,True,12
BUR-RFQ-0139-V011,RFQ-0139,V011,True,1,5.0,True,True,12
BUR-RFQ-0140-V013,RFQ-0140,V013,True,0,11.0,True,True,12
BUR-RFQ-0140-V002,RFQ-0140,V002,True,0,8.0,True,True,12
BUR-RFQ-0140-V006,RFQ-0140,V006,True,2,11.0,False,True,12
BUR-RFQ-0140-V011,RFQ-0140,V011,True,1,9.0,True,True,12
BUR-RFQ-0140-V021,RFQ-0140,V021,True,3,11.0,False,True,12
BUR-RFQ-0140-V016,RFQ-0140,V016,False,0,,True,False,12
BUR-RFQ-0140-V018,RFQ-0140,V018,False,0,,True,False,12
BUR-RFQ-0141-V013,RFQ-0141,V013,True,0,6.0,True,True,12
BUR-RFQ-0141-V016,RFQ-0141,V016,True,2,7.0,False,True,12
BUR-RFQ-0141-V002,RFQ-0141,V002,True,0,7.0,True,True,12
BUR-RFQ-0141-V011,RFQ-0141,V011,True,2,6.0,True,True,12
BUR-RFQ-0141-V021,RFQ-0141,V021,True,0,7.0,True,True,12
BUR-RFQ-0141-V006,RFQ-0141,V006,False,0,,True,False,12
BUR-RFQ-0141-V018,RFQ-0141,V018,False,0,,True,False,12
BUR-RFQ-0142-V022,RFQ-0142,V022,True,3,11.0,False,True,12
BUR-RFQ-0142-V010,RFQ-0142,V010,True,0,12.0,True,True,12
BUR-RFQ-0142-V009,RFQ-0142,V009,True,0,12.0,True,True,12
BUR-RFQ-0142-V024,RFQ-0142,V024,True,0,11.0,True,True,12
BUR-RFQ-0142-V007,RFQ-0142,V007,False,0,,True,False,12
BUR-RFQ-0142-V001,RFQ-0142,V001,True,0,14.0,True,True,12
BUR-RFQ-0142-V019,RFQ-0142,V019,True,2,11.0,False,True,12
BUR-RFQ-0142-V017,RFQ-0142,V017,True,0,12.0,True,True,12
BUR-RFQ-0143-V016,RFQ-0143,V016,True,2,8.0,True,True,13
BUR-RFQ-0143-V021,RFQ-0143,V021,True,3,8.0,False,True,13
BUR-RFQ-0143-V006,RFQ-0143,V006,True,1,8.0,True,True,13
BUR-RFQ-0143-V002,RFQ-0143,V002,False,0,,True,False,13
BUR-RFQ-0143-V013,RFQ-0143,V013,True,0,6.0,True,True,13
BUR-RFQ-0143-V011,RFQ-0143,V011,False,0,,True,False,13
BUR-RFQ-0143-V018,RFQ-0143,V018,False,0,,False,False,13
BUR-RFQ-0144-V013,RFQ-0144,V013,True,0,4.0,True,True,13
BUR-RFQ-0144-V021,RFQ-0144,V021,True,0,4.0,True,True,13
BUR-RFQ-0144-V011,RFQ-0144,V011,True,1,5.0,True,True,13
BUR-RFQ-0144-V016,RFQ-0144,V016,False,0,,False,False,13
BUR-RFQ-0144-V002,RFQ-0144,V002,False,0,,False,False,13
BUR-RFQ-0144-V006,RFQ-0144,V006,False,0,,True,False,13
BUR-RFQ-0144-V018,RFQ-0144,V018,False,0,,True,False,13
BUR-RFQ-0145-V001,RFQ-0145,V001,True,2,14.0,False,True,13
BUR-RFQ-0145-V019,RFQ-0145,V019,False,0,,True,False,13
BUR-RFQ-0145-V004,RFQ-0145,V004,True,0,11.0,True,True,13
BUR-RFQ-0145-V022,RFQ-0145,V022,True,1,12.0,False,True,13
BUR-RFQ-0145-V007,RFQ-0145,V007,True,0,12.0,True,True,13
BUR-RFQ-0145-V009,RFQ-0145,V009,True,0,13.0,True,True,13
BUR-RFQ-0145-V010,RFQ-0145,V010,True,0,11.0,True,True,13
BUR-RFQ-0145-V017,RFQ-0145,V017,True,0,12.0,True,True,13
BUR-RFQ-0146-V013,RFQ-0146,V013,True,0,7.0,True,True,13
BUR-RFQ-0146-V006,RFQ-0146,V006,True,1,8.0,True,True,13
BUR-RFQ-0146-V018,RFQ-0146,V018,False,0,,True,False,13
BUR-RFQ-0146-V021,RFQ-0146,V021,True,2,7.0,False,True,13
BUR-RFQ-0146-V016,RFQ-0146,V016,True,1,7.0,False,True,13
BUR-RFQ-0146-V002,RFQ-0146,V002,True,0,6.0,True,True,13
BUR-RFQ-0146-V011,RFQ-0146,V011,True,1,7.0,True,True,13
BUR-RFQ-0147-V011,RFQ-0147,V011,True,1,13.0,False,True,13
BUR-RFQ-0147-V006,RFQ-0147,V006,True,2,14.0,True,True,13
BUR-RFQ-0147-V002,RFQ-0147,V002,True,0,13.0,True,True,13
BUR-RFQ-0147-V013,RFQ-0147,V013,True,0,13.0,True,True,13
BUR-RFQ-0147-V016,RFQ-0147,V016,True,2,11.0,True,True,13
BUR-RFQ-0147-V021,RFQ-0147,V021,True,0,14.0,True,True,13
BUR-RFQ-0147-V018,RFQ-0147,V018,False,0,,True,False,13
BUR-RFQ-0148-V016,RFQ-0148,V016,True,1,6.0,True,True,13
BUR-RFQ-0148-V021,RFQ-0148,V021,True,2,6.0,False,True,13
BUR-RFQ-0148-V011,RFQ-0148,V011,True,2,7.0,True,True,13
BUR-RFQ-0148-V006,RFQ-0148,V006,True,1,8.0,True,True,13
BUR-RFQ-0148-V002,RFQ-0148,V002,True,0,6.0,True,True,13
BUR-RFQ-0148-V013,RFQ-0148,V013,True,1,9.0,False,True,13
BUR-RFQ-0148-V018,RFQ-0148,V018,True,0,7.0,True,True,13
BUR-RFQ-0149-V016,RFQ-0149,V016,True,1,6.0,True,True,13
BUR-RFQ-0149-V002,RFQ-0149,V002,False,0,,True,False,13
BUR-RFQ-0149-V011,RFQ-0149,V011,False,0,,False,False,13
BUR-RFQ-0149-V013,RFQ-0149,V013,True,0,5.0,True,True,13
BUR-RFQ-0149-V021,RFQ-0149,V021,True,2,7.0,False,True,13
BUR-RFQ-0149-V006,RFQ-0149,V006,False,0,,True,False,13
BUR-RFQ-0149-V018,RFQ-0149,V018,False,0,,False,False,13
BUR-RFQ-0150-V013,RFQ-0150,V013,True,0,12.0,True,True,13
BUR-RFQ-0150-V002,RFQ-0150,V002,True,0,13.0,True,True,13
BUR-RFQ-0150-V021,RFQ-0150,V021,True,0,11.0,True,True,13
BUR-RFQ-0150-V011,RFQ-0150,V011,False,0,,False,False,13
BUR-RFQ-0150-V006,RFQ-0150,V006,False,0,,True,False,13
BUR-RFQ-0150-V016,RFQ-0150,V016,False,0,,True,False,13
BUR-RFQ-0150-V018,RFQ-0150,V018,True,0,12.0,True,True,13
BUR-RFQ-0151-V013,RFQ-0151,V013,True,1,11.0,False,True,13
BUR-RFQ-0151-V006,RFQ-0151,V006,False,0,,True,False,13
BUR-RFQ-0151-V021,RFQ-0151,V021,True,0,11.0,True,True,13
BUR-RFQ-0151-V016,RFQ-0151,V016,False,0,,True,False,13
BUR-RFQ-0151-V002,RFQ-0151,V002,True,0,11.0,True,True,13
BUR-RFQ-0151-V011,RFQ-0151,V011,False,0,,True,False,13
BUR-RFQ-0151-V018,RFQ-0151,V018,True,0,11.0,True,True,13
BUR-RFQ-0152-V009,RFQ-0152,V009,True,0,9.0,True,True,13
BUR-RFQ-0152-V019,RFQ-0152,V019,True,2,6.0,False,True,13
BUR-RFQ-0152-V001,RFQ-0152,V001,True,1,8.0,False,True,13
BUR-RFQ-0152-V007,RFQ-0152,V007,True,0,6.0,True,True,13
BUR-RFQ-0152-V022,RFQ-0152,V022,True,0,7.0,True,True,13
BUR-RFQ-0152-V017,RFQ-0152,V017,True,0,9.0,True,True,13
BUR-RFQ-0152-V010,RFQ-0152,V010,True,0,8.0,True,True,13
BUR-RFQ-0152-V024,RFQ-0152,V024,True,3,7.0,False,True,13
BUR-RFQ-0153-V013,RFQ-0153,V013,False,0,,True,False,14
BUR-RFQ-0153-V021,RFQ-0153,V021,True,3,9.0,False,True,14
BUR-RFQ-0153-V006,RFQ-0153,V006,False,0,,False,False,14
BUR-RFQ-0153-V002,RFQ-0153,V002,True,1,10.0,False,True,14
BUR-RFQ-0153-V016,RFQ-0153,V016,True,1,8.0,True,True,14
BUR-RFQ-0153-V018,RFQ-0153,V018,False,0,,True,False,14
BUR-RFQ-0153-V011,RFQ-0153,V011,False,0,,True,False,14
BUR-RFQ-0154-V002,RFQ-0154,V002,True,0,11.0,True,True,14
BUR-RFQ-0154-V006,RFQ-0154,V006,True,2,8.0,True,True,14
BUR-RFQ-0154-V021,RFQ-0154,V021,False,0,,False,False,14
BUR-RFQ-0154-V013,RFQ-0154,V013,True,0,8.0,True,True,14
BUR-RFQ-0154-V011,RFQ-0154,V011,False,0,,True,False,14
BUR-RFQ-0154-V016,RFQ-0154,V016,True,2,10.0,True,True,14
BUR-RFQ-0154-V018,RFQ-0154,V018,False,0,,False,False,14
BUR-RFQ-0155-V011,RFQ-0155,V011,True,1,13.0,False,True,14
BUR-RFQ-0155-V016,RFQ-0155,V016,True,1,14.0,True,True,14
BUR-RFQ-0155-V002,RFQ-0155,V002,False,0,,True,False,14
BUR-RFQ-0155-V021,RFQ-0155,V021,True,0,13.0,True,True,14
BUR-RFQ-0155-V006,RFQ-0155,V006,False,0,,False,False,14
BUR-RFQ-0155-V013,RFQ-0155,V013,True,0,13.0,True,True,14
BUR-RFQ-0155-V018,RFQ-0155,V018,False,0,,False,False,14
BUR-RFQ-0156-V024,RFQ-0156,V024,True,0,6.0,True,True,14
BUR-RFQ-0156-V019,RFQ-0156,V019,False,0,,True,False,14
BUR-RFQ-0156-V007,RFQ-0156,V007,True,0,9.0,True,True,14
BUR-RFQ-0156-V017,RFQ-0156,V017,True,0,6.0,True,True,14
BUR-RFQ-0156-V010,RFQ-0156,V010,False,0,,True,False,14
BUR-RFQ-0156-V004,RFQ-0156,V004,True,0,6.0,True,True,14
BUR-RFQ-0156-V001,RFQ-0156,V001,True,0,9.0,True,True,14
BUR-RFQ-0156-V022,RFQ-0156,V022,True,0,8.0,True,True,14
BUR-RFQ-0157-V006,RFQ-0157,V006,True,1,11.0,True,True,14
BUR-RFQ-0157-V021,RFQ-0157,V021,True,0,11.0,True,True,14
BUR-RFQ-0157-V011,RFQ-0157,V011,True,2,13.0,True,True,14
BUR-RFQ-0157-V002,RFQ-0157,V002,True,0,11.0,True,True,14
BUR-RFQ-0157-V013,RFQ-0157,V013,True,0,12.0,True,True,14
BUR-RFQ-0157-V016,RFQ-0157,V016,True,2,11.0,True,True,14
BUR-RFQ-0157-V018,RFQ-0157,V018,True,0,13.0,True,True,14
BUR-RFQ-0158-V001,RFQ-0158,V001,True,1,14.0,False,True,14
BUR-RFQ-0158-V019,RFQ-0158,V019,True,0,12.0,True,True,14
BUR-RFQ-0158-V010,RFQ-0158,V010,True,1,11.0,False,True,14
BUR-RFQ-0158-V009,RFQ-0158,V009,True,0,12.0,True,True,14
BUR-RFQ-0158-V022,RFQ-0158,V022,True,0,13.0,True,True,14
BUR-RFQ-0158-V017,RFQ-0158,V017,True,0,13.0,True,True,14
BUR-RFQ-0158-V007,RFQ-0158,V007,True,0,11.0,True,True,14
BUR-RFQ-0158-V024,RFQ-0158,V024,True,0,13.0,True,True,14
BUR-RFQ-0159-V009,RFQ-0159,V009,True,1,14.0,False,True,14
BUR-RFQ-0159-V019,RFQ-0159,V019,True,1,11.0,False,True,14
BUR-RFQ-0159-V024,RFQ-0159,V024,True,0,12.0,True,True,14
BUR-RFQ-0159-V007,RFQ-0159,V007,True,0,13.0,True,True,14
BUR-RFQ-0159-V010,RFQ-0159,V010,True,0,14.0,True,True,14
BUR-RFQ-0159-V022,RFQ-0159,V022,True,0,11.0,True,True,14
BUR-RFQ-0159-V017,RFQ-0159,V017,False,0,,False,False,14
BUR-RFQ-0159-V004,RFQ-0159,V004,True,0,12.0,True,True,14
BUR-RFQ-0160-V005,RFQ-0160,V005,True,0,8.0,True,True,14
BUR-RFQ-0160-V012,RFQ-0160,V012,True,1,6.0,False,True,14
BUR-RFQ-0160-V014,RFQ-0160,V014,True,2,7.0,False,True,14
BUR-RFQ-0160-V003,RFQ-0160,V003,True,1,9.0,False,True,14
BUR-RFQ-0160-V023,RFQ-0160,V023,True,1,6.0,False,True,14
BUR-RFQ-0160-V008,RFQ-0160,V008,True,0,9.0,True,True,14
BUR-RFQ-0160-V020,RFQ-0160,V020,True,0,6.0,True,True,14
BUR-RFQ-0160-V015,RFQ-0160,V015,True,0,9.0,True,True,14
BUR-RFQ-0161-V013,RFQ-0161,V013,True,0,10.0,True,True,14
BUR-RFQ-0161-V002,RFQ-0161,V002,False,0,,True,False,14
BUR-RFQ-0161-V021,RFQ-0161,V021,True,0,13.0,True,True,14
BUR-RFQ-0161-V011,RFQ-0161,V011,False,0,,True,False,14
BUR-RFQ-0161-V016,RFQ-0161,V016,False,0,,True,False,14
BUR-RFQ-0161-V006,RFQ-0161,V006,True,1,10.0,True,True,14
BUR-RFQ-0161-V018,RFQ-0161,V018,True,1,11.0,False,True,14
BUR-RFQ-0162-V021,RFQ-0162,V021,True,1,5.0,False,True,14
BUR-RFQ-0162-V013,RFQ-0162,V013,True,0,6.0,True,True,14
BUR-RFQ-0162-V018,RFQ-0162,V018,True,0,5.0,True,True,14
BUR-RFQ-0162-V006,RFQ-0162,V006,True,2,5.0,True,True,14
BUR-RFQ-0162-V011,RFQ-0162,V011,True,2,7.0,True,True,14
BUR-RFQ-0162-V002,RFQ-0162,V002,True,0,5.0,True,True,14
BUR-RFQ-0162-V016,RFQ-0162,V016,True,1,4.0,True,True,14
BUR-RFQ-0163-V009,RFQ-0163,V009,True,2,6.0,False,True,14
BUR-RFQ-0163-V001,RFQ-0163,V001,True,2,6.0,False,True,14
BUR-RFQ-0163-V017,RFQ-0163,V017,True,1,7.0,False,True,14
BUR-RFQ-0163-V022,RFQ-0163,V022,True,3,8.0,False,True,14
BUR-RFQ-0163-V019,RFQ-0163,V019,True,0,7.0,True,True,14
BUR-RFQ-0163-V004,RFQ-0163,V004,True,2,6.0,False,True,14
BUR-RFQ-0163-V010,RFQ-0163,V010,True,0,9.0,True,True,14
BUR-RFQ-0163-V024,RFQ-0163,V024,True,0,7.0,True,True,14
BUR-RFQ-0164-V016,RFQ-0164,V016,False,0,,True,False,15
BUR-RFQ-0164-V013,RFQ-0164,V013,True,0,10.0,True,True,15
BUR-RFQ-0164-V021,RFQ-0164,V021,True,3,10.0,False,True,15
BUR-RFQ-0164-V011,RFQ-0164,V011,False,0,,True,False,15
BUR-RFQ-0164-V006,RFQ-0164,V006,False,0,,False,False,15
BUR-RFQ-0164-V002,RFQ-0164,V002,True,0,10.0,True,True,15
BUR-RFQ-0164-V018,RFQ-0164,V018,True,1,13.0,False,True,15
BUR-RFQ-0165-V002,RFQ-0165,V002,True,0,10.0,True,True,15
BUR-RFQ-0165-V018,RFQ-0165,V018,False,0,,True,False,15
BUR-RFQ-0165-V011,RFQ-0165,V011,True,2,10.0,True,True,15
BUR-RFQ-0165-V013,RFQ-0165,V013,True,0,13.0,True,True,15
BUR-RFQ-0165-V006,RFQ-0165,V006,True,2,13.0,True,True,15
BUR-RFQ-0165-V021,RFQ-0165,V021,False,0,,True,False,15
BUR-RFQ-0165-V016,RFQ-0165,V016,True,1,12.0,True,True,15
BUR-RFQ-0166-V021,RFQ-0166,V021,True,3,9.0,False,True,15
BUR-RFQ-0166-V002,RFQ-0166,V002,True,1,8.0,False,True,15
BUR-RFQ-0166-V016,RFQ-0166,V016,True,2,9.0,False,True,15
BUR-RFQ-0166-V011,RFQ-0166,V011,False,0,,False,False,15
BUR-RFQ-0166-V006,RFQ-0166,V006,False,0,,False,False,15
BUR-RFQ-0166-V013,RFQ-0166,V013,True,1,8.0,False,True,15
BUR-RFQ-0166-V018,RFQ-0166,V018,True,0,10.0,True,True,15
BUR-RFQ-0167-V006,RFQ-0167,V006,True,2,13.0,True,True,15
BUR-RFQ-0167-V002,RFQ-0167,V002,True,0,11.0,True,True,15
BUR-RFQ-0167-V011,RFQ-0167,V011,True,2,11.0,True,True,15
BUR-RFQ-0167-V021,RFQ-0167,V021,True,0,13.0,True,True,15
BUR-RFQ-0167-V013,RFQ-0167,V013,True,0,12.0,True,True,15
BUR-RFQ-0167-V016,RFQ-0167,V016,False,0,,True,False,15
BUR-RFQ-0167-V018,RFQ-0167,V018,True,0,14.0,True,True,15
BUR-RFQ-0168-V016,RFQ-0168,V016,False,0,,False,False,15
BUR-RFQ-0168-V002,RFQ-0168,V002,True,0,14.0,True,True,15
BUR-RFQ-0168-V006,RFQ-0168,V006,True,1,12.0,True,True,15
BUR-RFQ-0168-V013,RFQ-0168,V013,True,0,13.0,True,True,15
BUR-RFQ-0168-V021,RFQ-0168,V021,True,0,12.0,True,True,15
BUR-RFQ-0168-V018,RFQ-0168,V018,True,0,13.0,True,True,15
BUR-RFQ-0168-V011,RFQ-0168,V011,True,2,13.0,True,True,15
BUR-RFQ-0169-V011,RFQ-0169,V011,True,2,13.0,True,True,15
BUR-RFQ-0169-V002,RFQ-0169,V002,True,0,14.0,True,True,15
BUR-RFQ-0169-V021,RFQ-0169,V021,False,0,,True,False,15
BUR-RFQ-0169-V013,RFQ-0169,V013,True,0,14.0,True,True,15
BUR-RFQ-0169-V006,RFQ-0169,V006,True,2,11.0,True,True,15
BUR-RFQ-0169-V018,RFQ-0169,V018,False,0,,True,False,15
BUR-RFQ-0169-V016,RFQ-0169,V016,False,0,,False,False,15
BUR-RFQ-0170-V001,RFQ-0170,V001,False,0,,True,False,15
BUR-RFQ-0170-V007,RFQ-0170,V007,True,0,11.0,True,True,15
BUR-RFQ-0170-V009,RFQ-0170,V009,True,0,11.0,True,True,15
BUR-RFQ-0170-V017,RFQ-0170,V017,True,0,10.0,True,True,15
BUR-RFQ-0170-V004,RFQ-0170,V004,True,0,11.0,True,True,15
BUR-RFQ-0170-V022,RFQ-0170,V022,True,1,11.0,False,True,15
BUR-RFQ-0170-V010,RFQ-0170,V010,True,0,13.0,True,True,15
BUR-RFQ-0170-V024,RFQ-0170,V024,True,0,10.0,True,True,15
BUR-RFQ-0171-V022,RFQ-0171,V022,True,3,10.0,False,True,15
BUR-RFQ-0171-V004,RFQ-0171,V004,True,0,10.0,True,True,15
BUR-RFQ-0171-V007,RFQ-0171,V007,False,0,,True,False,15
BUR-RFQ-0171-V009,RFQ-0171,V009,True,0,10.0,True,True,15
BUR-RFQ-0171-V017,RFQ-0171,V017,True,2,11.0,False,True,15
BUR-RFQ-0171-V019,RFQ-0171,V019,True,0,9.0,True,True,15
BUR-RFQ-0171-V010,RFQ-0171,V010,True,0,11.0,True,True,15
BUR-RFQ-0171-V024,RFQ-0171,V024,True,0,9.0,True,True,15
BUR-RFQ-0172-V021,RFQ-0172,V021,True,0,11.0,True,True,15
BUR-RFQ-0172-V002,RFQ-0172,V002,True,0,11.0,True,True,15
BUR-RFQ-0172-V013,RFQ-0172,V013,True,0,13.0,True,True,15
BUR-RFQ-0172-V018,RFQ-0172,V018,False,0,,False,False,15
BUR-RFQ-0172-V016,RFQ-0172,V016,True,2,12.0,True,True,15
BUR-RFQ-0172-V006,RFQ-0172,V006,False,0,,False,False,15
BUR-RFQ-0172-V011,RFQ-0172,V011,False,0,,False,False,15
BUR-RFQ-0173-V016,RFQ-0173,V016,True,2,8.0,True,True,15
BUR-RFQ-0173-V013,RFQ-0173,V013,True,0,6.0,True,True,15
BUR-RFQ-0173-V011,RFQ-0173,V011,True,1,8.0,True,True,15
BUR-RFQ-0173-V021,RFQ-0173,V021,True,2,7.0,False,True,15
BUR-RFQ-0173-V002,RFQ-0173,V002,False,0,,True,False,15
BUR-RFQ-0173-V006,RFQ-0173,V006,True,2,6.0,True,True,15
BUR-RFQ-0173-V018,RFQ-0173,V018,True,1,6.0,False,True,15
BUR-RFQ-0174-V021,RFQ-0174,V021,True,0,12.0,True,True,15
BUR-RFQ-0174-V002,RFQ-0174,V002,True,2,11.0,False,True,15
BUR-RFQ-0174-V006,RFQ-0174,V006,True,1,11.0,True,True,15
BUR-RFQ-0174-V013,RFQ-0174,V013,True,0,11.0,True,True,15
BUR-RFQ-0174-V016,RFQ-0174,V016,True,2,13.0,False,True,15
BUR-RFQ-0174-V011,RFQ-0174,V011,True,1,13.0,False,True,15
BUR-RFQ-0174-V018,RFQ-0174,V018,True,0,11.0,True,True,15
BUR-RFQ-0175-V010,RFQ-0175,V010,True,0,11.0,True,True,15
BUR-RFQ-0175-V024,RFQ-0175,V024,True,2,12.0,False,True,15
BUR-RFQ-0175-V004,RFQ-0175,V004,False,0,,False,False,15
BUR-RFQ-0175-V019,RFQ-0175,V019,True,1,14.0,False,True,15
BUR-RFQ-0175-V017,RFQ-0175,V017,True,0,13.0,True,True,15
BUR-RFQ-0175-V009,RFQ-0175,V009,True,0,14.0,True,True,15
BUR-RFQ-0175-V007,RFQ-0175,V007,True,0,14.0,True,True,15
BUR-RFQ-0175-V022,RFQ-0175,V022,True,0,14.0,True,True,15
BUR-RFQ-0176-V013,RFQ-0176,V013,True,0,8.0,True,True,16
BUR-RFQ-0176-V011,RFQ-0176,V011,False,0,,True,False,16
BUR-RFQ-0176-V006,RFQ-0176,V006,False,0,,True,False,16
BUR-RFQ-0176-V016,RFQ-0176,V016,False,0,,True,False,16
BUR-RFQ-0176-V021,RFQ-0176,V021,True,0,8.0,True,True,16
BUR-RFQ-0176-V002,RFQ-0176,V002,False,0,,True,False,16
BUR-RFQ-0176-V018,RFQ-0176,V018,True,0,8.0,True,True,16
BUR-RFQ-0177-V021,RFQ-0177,V021,True,0,12.0,True,True,16
BUR-RFQ-0177-V002,RFQ-0177,V002,True,0,12.0,True,True,16
BUR-RFQ-0177-V013,RFQ-0177,V013,True,0,11.0,True,True,16
BUR-RFQ-0177-V006,RFQ-0177,V006,True,2,14.0,True,True,16
BUR-RFQ-0177-V011,RFQ-0177,V011,True,2,11.0,True,True,16
BUR-RFQ-0177-V016,RFQ-0177,V016,False,0,,True,False,16
BUR-RFQ-0177-V018,RFQ-0177,V018,False,0,,True,False,16
BUR-RFQ-0178-V002,RFQ-0178,V002,True,0,10.0,True,True,16
BUR-RFQ-0178-V021,RFQ-0178,V021,True,2,10.0,False,True,16
BUR-RFQ-0178-V016,RFQ-0178,V016,True,1,12.0,True,True,16
BUR-RFQ-0178-V013,RFQ-0178,V013,True,0,10.0,True,True,16
BUR-RFQ-0178-V011,RFQ-0178,V011,False,0,,False,False,16
BUR-RFQ-0178-V006,RFQ-0178,V006,True,1,10.0,True,True,16
BUR-RFQ-0178-V018,RFQ-0178,V018,False,0,,True,False,16
BUR-RFQ-0179-V007,RFQ-0179,V007,True,0,11.0,True,True,16
BUR-RFQ-0179-V017,RFQ-0179,V017,True,0,11.0,True,True,16
BUR-RFQ-0179-V010,RFQ-0179,V010,True,1,12.0,False,True,16
BUR-RFQ-0179-V019,RFQ-0179,V019,True,0,12.0,True,True,16
BUR-RFQ-0179-V024,RFQ-0179,V024,False,0,,False,False,16
BUR-RFQ-0179-V022,RFQ-0179,V022,True,3,12.0,False,True,16
BUR-RFQ-0179-V004,RFQ-0179,V004,False,0,,False,False,16
BUR-RFQ-0179-V009,RFQ-0179,V009,True,0,13.0,True,True,16
BUR-RFQ-0180-V006,RFQ-0180,V006,False,0,,True,False,16
BUR-RFQ-0180-V011,RFQ-0180,V011,False,0,,True,False,16
BUR-RFQ-0180-V021,RFQ-0180,V021,True,0,12.0,True,True,16
BUR-RFQ-0180-V013,RFQ-0180,V013,True,0,13.0,True,True,16
BUR-RFQ-0180-V016,RFQ-0180,V016,True,2,13.0,True,True,16
BUR-RFQ-0180-V002,RFQ-0180,V002,True,0,13.0,True,True,16
BUR-RFQ-0180-V018,RFQ-0180,V018,True,0,12.0,True,True,16
BUR-RFQ-0181-V016,RFQ-0181,V016,False,0,,False,False,16
BUR-RFQ-0181-V006,RFQ-0181,V006,True,2,14.0,True,True,16
BUR-RFQ-0181-V011,RFQ-0181,V011,False,0,,False,False,16
BUR-RFQ-0181-V002,RFQ-0181,V002,True,0,12.0,True,True,16
BUR-RFQ-0181-V013,RFQ-0181,V013,True,0,13.0,True,True,16
BUR-RFQ-0181-V021,RFQ-0181,V021,True,2,13.0,False,True,16
BUR-RFQ-0181-V018,RFQ-0181,V018,False,0,,True,False,16
BUR-RFQ-0182-V017,RFQ-0182,V017,True,0,12.0,True,True,16
BUR-RFQ-0182-V004,RFQ-0182,V004,False,0,,True,False,16
BUR-RFQ-0182-V007,RFQ-0182,V007,True,0,14.0,True,True,16
BUR-RFQ-0182-V010,RFQ-0182,V010,False,0,,True,False,16
BUR-RFQ-0182-V024,RFQ-0182,V024,True,0,14.0,True,True,16
BUR-RFQ-0182-V019,RFQ-0182,V019,True,0,14.0,True,True,16
BUR-RFQ-0182-V009,RFQ-0182,V009,True,0,14.0,True,True,16
BUR-RFQ-0182-V001,RFQ-0182,V001,True,1,12.0,False,True,16
BUR-RFQ-0183-V021,RFQ-0183,V021,True,1,12.0,False,True,16
BUR-RFQ-0183-V013,RFQ-0183,V013,True,0,11.0,True,True,16
BUR-RFQ-0183-V016,RFQ-0183,V016,True,2,10.0,True,True,16
BUR-RFQ-0183-V011,RFQ-0183,V011,False,0,,True,False,16
BUR-RFQ-0183-V002,RFQ-0183,V002,True,0,10.0,True,True,16
BUR-RFQ-0183-V006,RFQ-0183,V006,False,0,,True,False,16
BUR-RFQ-0183-V018,RFQ-0183,V018,True,0,12.0,True,True,16
BUR-RFQ-0184-V024,RFQ-0184,V024,True,1,5.0,False,True,16
BUR-RFQ-0184-V001,RFQ-0184,V001,True,1,4.0,False,True,16
BUR-RFQ-0184-V010,RFQ-0184,V010,True,2,5.0,False,True,16
BUR-RFQ-0184-V007,RFQ-0184,V007,True,1,7.0,False,True,16
BUR-RFQ-0184-V009,RFQ-0184,V009,True,1,7.0,False,True,16
BUR-RFQ-0184-V022,RFQ-0184,V022,True,0,5.0,True,True,16
BUR-RFQ-0184-V004,RFQ-0184,V004,True,0,5.0,True,True,16
BUR-RFQ-0184-V019,RFQ-0184,V019,True,0,7.0,True,True,16
BUR-RFQ-0185-V013,RFQ-0185,V013,True,0,11.0,True,True,16
BUR-RFQ-0185-V018,RFQ-0185,V018,False,0,,True,False,16
BUR-RFQ-0185-V011,RFQ-0185,V011,False,0,,True,False,16
BUR-RFQ-0185-V006,RFQ-0185,V006,True,2,10.0,True,True,16
BUR-RFQ-0185-V021,RFQ-0185,V021,True,3,10.0,False,True,16
BUR-RFQ-0185-V016,RFQ-0185,V016,True,2,13.0,True,True,16
BUR-RFQ-0185-V002,RFQ-0185,V002,False,0,,False,False,16
BUR-RFQ-0186-V003,RFQ-0186,V003,True,0,14.0,True,True,16
BUR-RFQ-0186-V012,RFQ-0186,V012,True,0,12.0,True,True,16
BUR-RFQ-0186-V023,RFQ-0186,V023,True,3,11.0,True,True,16
BUR-RFQ-0186-V015,RFQ-0186,V015,False,0,,False,False,16
BUR-RFQ-0186-V020,RFQ-0186,V020,True,0,11.0,True,True,16
BUR-RFQ-0186-V008,RFQ-0186,V008,True,0,12.0,True,True,16
BUR-RFQ-0186-V014,RFQ-0186,V014,True,0,14.0,True,True,16
BUR-RFQ-0186-V005,RFQ-0186,V005,False,0,,False,False,16
BUR-RFQ-0187-V020,RFQ-0187,V020,True,1,8.0,False,True,16
BUR-RFQ-0187-V008,RFQ-0187,V008,True,1,9.0,False,True,16
BUR-RFQ-0187-V005,RFQ-0187,V005,True,0,7.0,True,True,16
BUR-RFQ-0187-V023,RFQ-0187,V023,True,2,8.0,True,True,16
BUR-RFQ-0187-V014,RFQ-0187,V014,True,0,6.0,True,True,16
BUR-RFQ-0187-V015,RFQ-0187,V015,True,0,9.0,True,True,16
BUR-RFQ-0187-V012,RFQ-0187,V012,True,0,9.0,True,True,16
BUR-RFQ-0187-V003,RFQ-0187,V003,True,1,9.0,False,True,16
BUR-RFQ-0188-V010,RFQ-0188,V010,True,0,7.0,True,True,16
BUR-RFQ-0188-V001,RFQ-0188,V001,True,1,6.0,False,True,16
BUR-RFQ-0188-V007,RFQ-0188,V007,True,2,9.0,False,True,16
BUR-RFQ-0188-V009,RFQ-0188,V009,False,0,,True,False,16
BUR-RFQ-0188-V004,RFQ-0188,V004,False,0,,True,False,16
BUR-RFQ-0188-V017,RFQ-0188,V017,False,0,,False,False,16
BUR-RFQ-0188-V019,RFQ-0188,V019,True,0,9.0,True,True,16
BUR-RFQ-0188-V024,RFQ-0188,V024,True,0,7.0,True,True,16
BUR-RFQ-0189-V019,RFQ-0189,V019,True,0,14.0,True,True,17
BUR-RFQ-0189-V004,RFQ-0189,V004,True,0,14.0,True,True,17
BUR-RFQ-0189-V007,RFQ-0189,V007,True,0,13.0,True,True,17
BUR-RFQ-0189-V001,RFQ-0189,V001,True,1,13.0,False,True,17
BUR-RFQ-0189-V009,RFQ-0189,V009,True,1,11.0,False,True,17
BUR-RFQ-0189-V022,RFQ-0189,V022,True,2,13.0,False,True,17
BUR-RFQ-0189-V024,RFQ-0189,V024,True,0,14.0,True,True,17
BUR-RFQ-0189-V010,RFQ-0189,V010,True,2,14.0,False,True,17
BUR-RFQ-0190-V021,RFQ-0190,V021,True,0,10.0,True,True,17
BUR-RFQ-0190-V013,RFQ-0190,V013,True,1,10.0,False,True,17
BUR-RFQ-0190-V006,RFQ-0190,V006,True,2,8.0,True,True,17
BUR-RFQ-0190-V016,RFQ-0190,V016,False,0,,True,False,17
BUR-RFQ-0190-V002,RFQ-0190,V002,True,0,8.0,True,True,17
BUR-RFQ-0190-V011,RFQ-0190,V011,True,2,10.0,True,True,17
BUR-RFQ-0190-V018,RFQ-0190,V018,False,0,,True,False,17
BUR-RFQ-0191-V021,RFQ-0191,V021,True,0,14.0,True,True,17
BUR-RFQ-0191-V011,RFQ-0191,V011,True,1,13.0,True,True,17
BUR-RFQ-0191-V006,RFQ-0191,V006,True,2,12.0,True,True,17
BUR-RFQ-0191-V002,RFQ-0191,V002,True,0,14.0,True,True,17
BUR-RFQ-0191-V013,RFQ-0191,V013,True,0,13.0,True,True,17
BUR-RFQ-0191-V016,RFQ-0191,V016,False,0,,True,False,17
BUR-RFQ-0191-V018,RFQ-0191,V018,False,0,,True,False,17
BUR-RFQ-0192-V021,RFQ-0192,V021,True,0,9.0,True,True,17
BUR-RFQ-0192-V006,RFQ-0192,V006,False,0,,True,False,17
BUR-RFQ-0192-V013,RFQ-0192,V013,True,0,7.0,True,True,17
BUR-RFQ-0192-V011,RFQ-0192,V011,True,1,6.0,False,True,17
BUR-RFQ-0192-V016,RFQ-0192,V016,True,2,7.0,True,True,17
BUR-RFQ-0192-V002,RFQ-0192,V002,True,1,7.0,False,True,17
BUR-RFQ-0192-V018,RFQ-0192,V018,False,0,,True,False,17
BUR-RFQ-0193-V005,RFQ-0193,V005,True,0,6.0,True,True,17
BUR-RFQ-0193-V008,RFQ-0193,V008,True,0,6.0,True,True,17
BUR-RFQ-0193-V012,RFQ-0193,V012,True,0,6.0,True,True,17
BUR-RFQ-0193-V015,RFQ-0193,V015,True,0,4.0,True,True,17
BUR-RFQ-0193-V023,RFQ-0193,V023,False,0,,True,False,17
BUR-RFQ-0193-V003,RFQ-0193,V003,True,0,4.0,True,True,17
BUR-RFQ-0193-V020,RFQ-0193,V020,True,0,4.0,True,True,17
BUR-RFQ-0193-V014,RFQ-0193,V014,True,0,7.0,True,True,17
BUR-RFQ-0194-V017,RFQ-0194,V017,True,0,5.0,True,True,17
BUR-RFQ-0194-V009,RFQ-0194,V009,True,0,7.0,True,True,17
BUR-RFQ-0194-V007,RFQ-0194,V007,True,0,5.0,True,True,17
BUR-RFQ-0194-V010,RFQ-0194,V010,True,0,5.0,True,True,17
BUR-RFQ-0194-V024,RFQ-0194,V024,True,0,4.0,True,True,17
BUR-RFQ-0194-V022,RFQ-0194,V022,True,2,4.0,False,True,17
BUR-RFQ-0194-V004,RFQ-0194,V004,True,0,6.0,True,True,17
BUR-RFQ-0194-V001,RFQ-0194,V001,True,0,4.0,True,True,17
BUR-RFQ-0195-V010,RFQ-0195,V010,True,0,11.0,True,True,17
BUR-RFQ-0195-V019,RFQ-0195,V019,True,0,12.0,True,True,17
BUR-RFQ-0195-V007,RFQ-0195,V007,True,0,12.0,True,True,17
BUR-RFQ-0195-V001,RFQ-0195,V001,True,0,13.0,True,True,17
BUR-RFQ-0195-V017,RFQ-0195,V017,True,2,11.0,False,True,17
BUR-RFQ-0195-V024,RFQ-0195,V024,True,0,12.0,True,True,17
BUR-RFQ-0195-V009,RFQ-0195,V009,True,1,11.0,False,True,17
BUR-RFQ-0195-V004,RFQ-0195,V004,True,0,13.0,True,True,17
BUR-RFQ-0196-V016,RFQ-0196,V016,False,0,,False,False,17
BUR-RFQ-0196-V006,RFQ-0196,V006,True,1,12.0,True,True,17
BUR-RFQ-0196-V021,RFQ-0196,V021,False,0,,True,False,17
BUR-RFQ-0196-V002,RFQ-0196,V002,True,0,12.0,True,True,17
BUR-RFQ-0196-V011,RFQ-0196,V011,True,1,12.0,True,True,17
BUR-RFQ-0196-V013,RFQ-0196,V013,False,0,,False,False,17
BUR-RFQ-0196-V018,RFQ-0196,V018,True,0,14.0,True,True,17
BUR-RFQ-0197-V016,RFQ-0197,V016,False,0,,True,False,17
BUR-RFQ-0197-V002,RFQ-0197,V002,True,0,7.0,True,True,17
BUR-RFQ-0197-V006,RFQ-0197,V006,False,0,,True,False,17
BUR-RFQ-0197-V013,RFQ-0197,V013,True,0,6.0,True,True,17
BUR-RFQ-0197-V021,RFQ-0197,V021,True,3,5.0,False,True,17
BUR-RFQ-0197-V018,RFQ-0197,V018,False,0,,True,False,17
BUR-RFQ-0197-V011,RFQ-0197,V011,False,0,,True,False,17
BUR-RFQ-0198-V004,RFQ-0198,V004,True,0,9.0,True,True,17
BUR-RFQ-0198-V010,RFQ-0198,V010,True,0,10.0,True,True,17
BUR-RFQ-0198-V007,RFQ-0198,V007,True,0,9.0,True,True,17
BUR-RFQ-0198-V009,RFQ-0198,V009,True,1,9.0,False,True,17
BUR-RFQ-0198-V019,RFQ-0198,V019,True,0,11.0,True,True,17
BUR-RFQ-0198-V022,RFQ-0198,V022,True,3,10.0,False,True,17
BUR-RFQ-0198-V001,RFQ-0198,V001,True,0,9.0,True,True,17
BUR-RFQ-0198-V024,RFQ-0198,V024,True,1,11.0,False,True,17
BUR-RFQ-0199-V004,RFQ-0199,V004,True,2,14.0,False,True,17
BUR-RFQ-0199-V001,RFQ-0199,V001,True,2,14.0,False,True,17
BUR-RFQ-0199-V007,RFQ-0199,V007,True,0,12.0,True,True,17
BUR-RFQ-0199-V017,RFQ-0199,V017,True,0,12.0,True,True,17
BUR-RFQ-0199-V024,RFQ-0199,V024,True,3,14.0,False,True,17
BUR-RFQ-0199-V019,RFQ-0199,V019,True,0,14.0,True,True,17
BUR-RFQ-0199-V010,RFQ-0199,V010,True,0,13.0,True,True,17
BUR-RFQ-0199-V009,RFQ-0199,V009,True,0,13.0,True,True,17
BUR-RFQ-0200-V006,RFQ-0200,V006,True,1,14.0,True,True,17
BUR-RFQ-0200-V021,RFQ-0200,V021,True,1,11.0,False,True,17
BUR-RFQ-0200-V002,RFQ-0200,V002,True,0,12.0,True,True,17
BUR-RFQ-0200-V018,RFQ-0200,V018,False,0,,True,False,17
BUR-RFQ-0200-V013,RFQ-0200,V013,False,0,,True,False,17
BUR-RFQ-0200-V011,RFQ-0200,V011,True,2,13.0,True,True,17
BUR-RFQ-0200-V016,RFQ-0200,V016,True,2,14.0,True,True,17
BUR-RFQ-0201-V007,RFQ-0201,V007,True,1,11.0,False,True,17
BUR-RFQ-0201-V017,RFQ-0201,V017,True,0,12.0,True,True,17
BUR-RFQ-0201-V004,RFQ-0201,V004,True,0,14.0,True,True,17
BUR-RFQ-0201-V022,RFQ-0201,V022,False,0,,True,False,17
BUR-RFQ-0201-V024,RFQ-0201,V024,True,0,13.0,True,True,17
BUR-RFQ-0201-V010,RFQ-0201,V010,False,0,,True,False,17
BUR-RFQ-0201-V019,RFQ-0201,V019,True,0,13.0,True,True,17
BUR-RFQ-0201-V001,RFQ-0201,V001,True,0,14.0,True,True,17
BUR-RFQ-0202-V016,RFQ-0202,V016,True,1,7.0,True,True,17
BUR-RFQ-0202-V013,RFQ-0202,V013,True,0,5.0,True,True,17
BUR-RFQ-0202-V011,RFQ-0202,V011,True,1,7.0,False,True,17
BUR-RFQ-0202-V018,RFQ-0202,V018,False,0,,True,False,17
BUR-RFQ-0202-V021,RFQ-0202,V021,True,0,5.0,True,True,17
BUR-RFQ-0202-V002,RFQ-0202,V002,True,0,7.0,True,True,17
BUR-RFQ-0202-V006,RFQ-0202,V006,True,2,7.0,True,True,17
